local_time,irradiance_direct,irradiance_diffuse,temperature,solar_mw,wind_speed,wind_mw
2024-12-31 19:00:00,0.0,0.0,24.636,0.0,5.712,50.048624000000004
2024-12-31 20:00:00,0.0,0.0,24.29,0.0,6.068,59.951411
2024-12-31 21:00:00,0.0,0.0,24.013,0.0,6.122,61.557385000000004
2024-12-31 22:00:00,0.0,0.0,23.793,0.0,6.002,58.044616999999995
2024-12-31 23:00:00,0.0,0.0,23.663,0.0,6.004,58.149983
2025-01-01 00:00:00,0.0,0.0,23.65,0.0,6.285,66.591116
2025-01-01 01:00:00,0.0,0.0,23.786,0.0,7.091,94.645886
2025-01-01 02:00:00,0.0,0.0,23.957,0.0,7.62,115.730021
2025-01-01 03:00:00,0.0,0.0,24.027,0.0,7.98,130.297483
2025-01-01 04:00:00,0.0,0.0,23.968,0.0,7.686,118.0472
2025-01-01 05:00:00,0.0,0.0,23.84,0.0,7.484,110.031806
2025-01-01 06:00:00,0.002,0.003,23.752,0.0,7.168,97.786655
2025-01-01 07:00:00,0.036000000000000004,0.058,24.392,55.075755,6.079,60.520633000000004
2025-01-01 08:00:00,0.049,0.14100000000000001,24.976,128.539286,5.609,47.122954
2025-01-01 09:00:00,0.076,0.24,25.529,222.05882,6.003,58.111822999999994
2025-01-01 10:00:00,0.122,0.334,26.166,320.992122,5.811,52.543690000000005
2025-01-01 11:00:00,0.125,0.384,26.71,356.441321,5.558,46.030386
2025-01-01 12:00:00,0.109,0.395,27.006,351.911793,5.462,43.559336
2025-01-01 13:00:00,0.107,0.373,27.111,335.30377799999997,5.471,43.589047
2025-01-01 14:00:00,0.091,0.309,27.011,281.29274599999997,5.432,42.621592
2025-01-01 15:00:00,0.069,0.22,26.71,201.63054,5.232,37.852936
2025-01-01 16:00:00,0.036000000000000004,0.115,26.162,98.13280800000001,5.114,35.197352
2025-01-01 17:00:00,0.018000000000000002,0.035,25.405,23.900876,5.231,37.833156
2025-01-01 18:00:00,0.0,0.0,24.42,0.0,5.391,41.624122
2025-01-01 19:00:00,0.0,0.0,23.963,0.0,5.335,40.27051
2025-01-01 20:00:00,0.0,0.0,23.67,0.0,5.325,40.15204
2025-01-01 21:00:00,0.0,0.0,23.461,0.0,5.629,47.653625
2025-01-01 22:00:00,0.0,0.0,23.378,0.0,5.776,51.764165999999996
2025-01-01 23:00:00,0.0,0.0,23.348,0.0,5.916,55.511759
2025-01-02 00:00:00,0.0,0.0,23.295,0.0,5.952,56.815167
2025-01-02 01:00:00,0.0,0.0,23.219,0.0,5.964,57.171799
2025-01-02 02:00:00,0.0,0.0,23.165,0.0,5.91,55.334002999999996
2025-01-02 03:00:00,0.0,0.0,23.129,0.0,5.949,56.704096
2025-01-02 04:00:00,0.0,0.0,23.133,0.0,5.848,53.575438999999996
2025-01-02 05:00:00,0.0,0.0,23.114,0.0,5.619,47.384402
2025-01-02 06:00:00,0.008,0.004,23.151,0.0,5.536,45.485910000000004
2025-01-02 07:00:00,0.16,0.069,24.183,159.00110800000002,4.793,28.661656999999998
2025-01-02 08:00:00,0.28800000000000003,0.149,25.245,309.37787,4.604,24.891158
2025-01-02 09:00:00,0.375,0.20800000000000002,26.332,405.380361,5.567,46.263466
2025-01-02 10:00:00,0.54,0.215,27.332,509.30760200000003,6.112,61.258857000000006
2025-01-02 11:00:00,0.5700000000000001,0.224,27.948,530.377207,6.347,68.78155100000001
2025-01-02 12:00:00,0.5700000000000001,0.229,28.227,532.251906,6.412,70.770227
2025-01-02 13:00:00,0.558,0.223,28.282,521.477423,6.454,72.19527099999999
2025-01-02 14:00:00,0.536,0.203,28.172,497.361938,6.396,70.168891
2025-01-02 15:00:00,0.47400000000000003,0.17200000000000001,27.818,442.301691,6.193,63.935104
2025-01-02 16:00:00,0.338,0.124,27.137,323.966892,5.692,49.374145
2025-01-02 17:00:00,0.129,0.048,26.149,117.625848,5.596,46.778456
2025-01-02 18:00:00,0.0,0.0,24.985,0.0,5.97,57.320171
2025-01-02 19:00:00,0.0,0.0,24.433,0.0,5.967,57.238612
2025-01-02 20:00:00,0.0,0.0,24.093,0.0,6.24,65.485601
2025-01-02 21:00:00,0.0,0.0,23.881,0.0,6.585,76.598291
2025-01-02 22:00:00,0.0,0.0,23.764,0.0,6.501,73.60131299999999
2025-01-02 23:00:00,0.0,0.0,23.689,0.0,6.611,77.327977
2025-01-03 00:00:00,0.0,0.0,23.613,0.0,5.9719999999999995,57.400048999999996
2025-01-03 01:00:00,0.0,0.0,23.545,0.0,5.839,53.331522
2025-01-03 02:00:00,0.0,0.0,23.574,0.0,6.124,61.636449
2025-01-03 03:00:00,0.0,0.0,23.623,0.0,6.056,59.697612
2025-01-03 04:00:00,0.0,0.0,23.68,0.0,5.699,49.741706
2025-01-03 05:00:00,0.0,0.0,23.792,0.0,5.55,45.836383999999995
2025-01-03 06:00:00,0.005,0.004,23.935,0.0,5.401,41.877603
2025-01-03 07:00:00,0.106,0.067,24.979,115.550104,4.908,30.793491999999997
2025-01-03 08:00:00,0.201,0.156,25.959,251.506359,5.279,39.165199
2025-01-03 09:00:00,0.28300000000000003,0.23,26.776,358.306662,5.958,56.983978
2025-01-03 10:00:00,0.398,0.263,27.476,451.839195,6.352,68.980181
2025-01-03 11:00:00,0.5630000000000001,0.23500000000000001,28.149,532.404892,6.567,75.83773699999999
2025-01-03 12:00:00,0.578,0.23,28.519,536.9589980000001,6.53,74.566114
2025-01-03 13:00:00,0.61,0.209,28.718,542.282131,6.367,69.437012
2025-01-03 14:00:00,0.531,0.211,28.595,498.418365,6.135,61.953288
2025-01-03 15:00:00,0.319,0.20400000000000001,28.054,362.788262,5.801,52.505323
2025-01-03 16:00:00,0.20400000000000001,0.136,27.384,237.93416699999997,5.114,35.187677
2025-01-03 17:00:00,0.056,0.043000000000000003,26.489,58.023425,4.898,30.600325
2025-01-03 18:00:00,0.0,0.0,25.526,0.0,5.876,54.368587
2025-01-03 19:00:00,0.0,0.0,25.028,0.0,5.917,55.534529
2025-01-03 20:00:00,0.0,0.0,24.643,0.0,5.478,43.777286999999994
2025-01-03 21:00:00,0.0,0.0,24.485,0.0,5.545,45.69949
2025-01-03 22:00:00,0.0,0.0,24.442,0.0,6.266,66.12343
2025-01-03 23:00:00,0.0,0.0,24.196,0.0,6.071,60.033569
2025-01-04 00:00:00,0.0,0.0,23.97,0.0,5.69,49.247407
2025-01-04 01:00:00,0.0,0.0,23.777,0.0,5.419,42.303222999999996
2025-01-04 02:00:00,0.0,0.0,23.619,0.0,5.325,40.151131
2025-01-04 03:00:00,0.0,0.0,23.499,0.0,5.144,35.855663
2025-01-04 04:00:00,0.0,0.0,23.39,0.0,5.33,40.170047
2025-01-04 05:00:00,0.0,0.0,23.317,0.0,5.542,45.626473
2025-01-04 06:00:00,0.003,0.004,23.328,0.0,5.598,46.835971
2025-01-04 07:00:00,0.034,0.059000000000000004,24.22,53.947043,4.918,31.003114
2025-01-04 08:00:00,0.075,0.16,25.197,162.20546,5.38,41.373031000000005
2025-01-04 09:00:00,0.117,0.266,26.209,269.59136,6.189,63.847882
2025-01-04 10:00:00,0.099,0.34500000000000003,26.995,311.854024,6.331,68.33583800000001
2025-01-04 11:00:00,0.031,0.321,27.182,246.269496,6.007,58.322447
2025-01-04 12:00:00,0.011,0.25,26.946,180.79601399999999,5.807,52.516496
2025-01-04 13:00:00,0.009000000000000001,0.222,26.698,158.650295,5.958,56.976
2025-01-04 14:00:00,0.008,0.179,26.47,125.43596000000001,5.974,57.455021
2025-01-04 15:00:00,0.006,0.113,26.178,73.37897699999999,5.564,46.201315
2025-01-04 16:00:00,0.004,0.061,25.761,33.108264000000005,5.486,43.973139
2025-01-04 17:00:00,0.002,0.016,25.194,1.191758,6.169,63.255269
2025-01-04 18:00:00,0.0,0.0,24.687,0.0,6.7620000000000005,82.83559299999999
2025-01-04 19:00:00,0.0,0.0,24.469,0.0,6.227,64.987162
2025-01-04 20:00:00,0.0,0.0,24.298,0.0,5.603,46.960954
2025-01-04 21:00:00,0.0,0.0,24.133,0.0,5.221,37.603767999999995
2025-01-04 22:00:00,0.0,0.0,24.025,0.0,5.661,48.492000999999995
2025-01-04 23:00:00,0.0,0.0,23.934,0.0,5.876,54.357254999999995
2025-01-05 00:00:00,0.0,0.0,23.813,0.0,5.596,46.786026
2025-01-05 01:00:00,0.0,0.0,23.649,0.0,5.513,44.642921
2025-01-05 02:00:00,0.0,0.0,23.533,0.0,5.415,42.217048999999996
2025-01-05 03:00:00,0.0,0.0,23.422,0.0,5.084,34.534054
2025-01-05 04:00:00,0.0,0.0,23.313,0.0,4.805,28.890994
2025-01-05 05:00:00,0.0,0.0,23.264,0.0,5.256,38.416209
2025-01-05 06:00:00,0.008,0.004,23.354,0.0,5.371,41.132341999999994
2025-01-05 07:00:00,0.155,0.069,24.458,154.941963,4.49,22.84168
2025-01-05 08:00:00,0.303,0.149,25.575,318.98380099999997,4.466,22.413653
2025-01-05 09:00:00,0.42,0.2,26.64,428.227011,5.225,37.690891
2025-01-05 10:00:00,0.625,0.189,27.747,542.492336,5.673,48.794033999999996
2025-01-05 11:00:00,0.659,0.189,28.542,559.466232,5.961,57.082964
2025-01-05 12:00:00,0.681,0.184,29.015,567.1703660000001,5.996,57.832033
2025-01-05 13:00:00,0.647,0.188,29.199,550.626081,5.873,54.285858999999995
2025-01-05 14:00:00,0.5750000000000001,0.192,29.103,511.694187,5.665,48.593787
2025-01-05 15:00:00,0.389,0.19,28.646,398.02079399999997,5.411,42.122991
2025-01-05 16:00:00,0.20800000000000002,0.133,27.987,237.82093400000002,4.679,26.277866000000003
2025-01-05 17:00:00,0.064,0.044,27.103,64.773345,4.051,15.815378
2025-01-05 18:00:00,0.0,0.0,26.072,0.0,4.432,21.826817
2025-01-05 19:00:00,0.0,0.0,25.633,0.0,4.689,26.476138
2025-01-05 20:00:00,0.0,0.0,25.298,0.0,4.834,29.285988
2025-01-05 21:00:00,0.0,0.0,25.01,0.0,4.799,28.774587
2025-01-05 22:00:00,0.0,0.0,24.744,0.0,4.666,26.104508999999997
2025-01-05 23:00:00,0.0,0.0,24.525,0.0,4.611,25.013724999999997
2025-01-06 00:00:00,0.0,0.0,24.348,0.0,4.612,25.062646
2025-01-06 01:00:00,0.0,0.0,24.206,0.0,4.516,23.305633999999998
2025-01-06 02:00:00,0.0,0.0,24.081,0.0,4.417,21.625555
2025-01-06 03:00:00,0.0,0.0,23.994,0.0,4.477,22.611209
2025-01-06 04:00:00,0.0,0.0,23.956,0.0,4.229,18.5093
2025-01-06 05:00:00,0.0,0.0,23.926,0.0,3.893,13.729611
2025-01-06 06:00:00,0.002,0.003,23.898,0.0,3.581,9.762465
2025-01-06 07:00:00,0.026000000000000002,0.055,24.665,44.672219,3.044,4.713896
2025-01-06 08:00:00,0.054,0.15,25.457,138.86647299999998,3.09,5.065097
2025-01-06 09:00:00,0.059000000000000004,0.23900000000000002,26.176,208.736984,3.752,11.796384
2025-01-06 10:00:00,0.054,0.309,26.776,254.789637,4.078,16.215
2025-01-06 11:00:00,0.043000000000000003,0.342,27.154,269.691411,4.241,18.687986000000002
2025-01-06 12:00:00,0.038,0.34900000000000003,27.367,271.209388,4.2,18.047091
2025-01-06 13:00:00,0.033,0.318,27.418,245.362278,4.112,16.733691
2025-01-06 14:00:00,0.028,0.259,27.315,199.68702,4.01,15.228573
2025-01-06 15:00:00,0.02,0.17500000000000002,27.046,130.758252,4.036,15.653656000000002
2025-01-06 16:00:00,0.014,0.093,26.649,63.992214999999995,4.021,15.410143
2025-01-06 17:00:00,0.006,0.026000000000000002,26.043,9.873327999999999,4.665,26.103026000000003
2025-01-06 18:00:00,0.0,0.0,25.329,0.0,5.24,38.039349
2025-01-06 19:00:00,0.0,0.0,25.037,0.0,5.504,44.435828
2025-01-06 20:00:00,0.0,0.0,24.759,0.0,5.526,45.109759
2025-01-06 21:00:00,0.0,0.0,24.555,0.0,5.894,54.888207
2025-01-06 22:00:00,0.0,0.0,24.378,0.0,6.28,66.44616599999999
2025-01-06 23:00:00,0.0,0.0,24.199,0.0,6.027,58.922681
2025-01-07 00:00:00,0.0,0.0,24.059,0.0,6.046,59.475782
2025-01-07 01:00:00,0.0,0.0,23.93,0.0,6.134,61.94378699999999
2025-01-07 02:00:00,0.0,0.0,23.823,0.0,5.908,55.280839
2025-01-07 03:00:00,0.0,0.0,23.779,0.0,5.546,45.72136
2025-01-07 04:00:00,0.0,0.0,23.75,0.0,5.406,42.002141
2025-01-07 05:00:00,0.0,0.0,23.71,0.0,5.469,43.572949
2025-01-07 06:00:00,0.002,0.004,23.804,0.0,5.607,47.061485999999995
2025-01-07 07:00:00,0.021,0.05,24.575,38.352013,5.216,37.495432
2025-01-07 08:00:00,0.041,0.139,25.229,120.088556,4.568,24.232633999999997
2025-01-07 09:00:00,0.068,0.243,25.892,217.811905,5.118,35.281788999999996
2025-01-07 10:00:00,0.074,0.321,26.501,278.729804,5.61,47.134927000000005
2025-01-07 11:00:00,0.081,0.379,27.02,322.29630699999996,5.806,52.515553999999995
2025-01-07 12:00:00,0.075,0.391,27.313,326.090133,5.758,51.103556
2025-01-07 13:00:00,0.058,0.353,27.38,288.216309,5.442,42.939976
2025-01-07 14:00:00,0.05,0.292,27.343,239.386062,5.188,36.862398
2025-01-07 15:00:00,0.033,0.197,27.083,157.609226,4.825,29.119998
2025-01-07 16:00:00,0.014,0.092,26.655,63.533036,5.002,32.768286999999994
2025-01-07 17:00:00,0.007,0.027,26.054,10.660839,5.328,40.155918
2025-01-07 18:00:00,0.0,0.0,25.309,0.0,5.771,51.493418
2025-01-07 19:00:00,0.0,0.0,25.038,0.0,5.937,56.106418
2025-01-07 20:00:00,0.0,0.0,24.874,0.0,6.085,60.592057999999994
2025-01-07 21:00:00,0.0,0.0,24.724,0.0,6.191,63.93293
2025-01-07 22:00:00,0.0,0.0,24.549,0.0,6.185,63.60882
2025-01-07 23:00:00,0.0,0.0,24.389,0.0,6.235,65.329062
2025-01-08 00:00:00,0.0,0.0,24.266,0.0,6.346,68.72402000000001
2025-01-08 01:00:00,0.0,0.0,24.173,0.0,6.31,67.412189
2025-01-08 02:00:00,0.0,0.0,24.146,0.0,7.059,93.387124
2025-01-08 03:00:00,0.0,0.0,24.095,0.0,6.782,83.266184
2025-01-08 04:00:00,0.0,0.0,24.008,0.0,6.357,68.99065300000001
2025-01-08 05:00:00,0.0,0.0,23.978,0.0,6.364,69.245068
2025-01-08 06:00:00,0.001,0.002,24.082,0.0,6.414,70.83856
2025-01-08 07:00:00,0.008,0.037,24.709,18.769191,6.226,64.923762
2025-01-08 08:00:00,0.014,0.106,25.288,74.263173,5.9030000000000005,55.140342
2025-01-08 09:00:00,0.021,0.19,25.791,143.99468,6.238,65.424123
2025-01-08 10:00:00,0.031,0.277,26.344,215.692626,7.028,92.20414699999999
2025-01-08 11:00:00,0.048,0.358,26.949,285.12854,7.584,114.11806200000001
2025-01-08 12:00:00,0.039,0.355,27.285,276.795227,7.399,106.839271
2025-01-08 13:00:00,0.036000000000000004,0.33,27.439,256.666249,6.878,86.781709
2025-01-08 14:00:00,0.035,0.278,27.446,218.452529,6.436,71.62695699999999
2025-01-08 15:00:00,0.025,0.189,27.266,145.08689999999999,5.779,51.906606
2025-01-08 16:00:00,0.012,0.092,26.782,61.834765,5.656,48.355727
2025-01-08 17:00:00,0.006,0.027,26.016,10.101192,5.518,44.781241
2025-01-08 18:00:00,0.0,0.0,25.109,0.0,5.898,54.98655
2025-01-08 19:00:00,0.0,0.0,24.747,0.0,6.484,73.358927
2025-01-08 20:00:00,0.0,0.0,24.538,0.0,6.246,65.496736
2025-01-08 21:00:00,0.0,0.0,24.35,0.0,5.74,50.611674
2025-01-08 22:00:00,0.0,0.0,24.108,0.0,5.382,41.417636
2025-01-08 23:00:00,0.0,0.0,23.954,0.0,6.081,60.583599
2025-01-09 00:00:00,0.0,0.0,23.856,0.0,6.747,82.36149
2025-01-09 01:00:00,0.0,0.0,23.768,0.0,6.971,90.117184
2025-01-09 02:00:00,0.0,0.0,23.576999999999998,0.0,6.83,85.319959
2025-01-09 03:00:00,0.0,0.0,23.299,0.0,6.934,88.916738
2025-01-09 04:00:00,0.0,0.0,23.082,0.0,7.325,103.731999
2025-01-09 05:00:00,0.0,0.0,22.905,0.0,7.405,106.896636
2025-01-09 06:00:00,0.002,0.003,22.726,0.0,6.929,88.60101300000001
2025-01-09 07:00:00,0.06,0.063,23.567,77.981678,6.018,58.517159
2025-01-09 08:00:00,0.159,0.165,24.634,229.189047,5.775,51.678914
2025-01-09 09:00:00,0.218,0.252,25.621,331.318232,6.554,75.379396
2025-01-09 10:00:00,0.234,0.324,26.405,389.14874599999996,6.983,90.664952
2025-01-09 11:00:00,0.20700000000000002,0.376,26.927,404.72243599999996,7.049,92.99391
2025-01-09 12:00:00,0.168,0.394,27.17,390.49811700000004,6.893,87.49687399999999
2025-01-09 13:00:00,0.161,0.374,27.344,371.667076,6.627,77.968886
2025-01-09 14:00:00,0.148,0.318,27.355,325.899546,6.3629999999999995,69.185318
2025-01-09 15:00:00,0.096,0.23,27.037,227.905885,5.989,57.640747000000005
2025-01-09 16:00:00,0.044,0.121,26.408,108.54463,5.662,48.512997000000006
2025-01-09 17:00:00,0.019,0.036000000000000004,25.562,26.162546,5.9719999999999995,57.403157
2025-01-09 18:00:00,0.0,0.0,24.622,0.0,6.355,68.985842
2025-01-09 19:00:00,0.0,0.0,24.195,0.0,6.464,72.57198
2025-01-09 20:00:00,0.0,0.0,23.916,0.0,6.393,70.06349300000001
2025-01-09 21:00:00,0.0,0.0,23.767,0.0,6.888,87.32592100000001
2025-01-09 22:00:00,0.0,0.0,23.605,0.0,6.827,85.116226
2025-01-09 23:00:00,0.0,0.0,23.463,0.0,6.719,81.089349
2025-01-10 00:00:00,0.0,0.0,23.323,0.0,6.441,71.907103
2025-01-10 01:00:00,0.0,0.0,23.177,0.0,6.013,58.507827
2025-01-10 02:00:00,0.0,0.0,23.012,0.0,5.861,53.949301
2025-01-10 03:00:00,0.0,0.0,22.87,0.0,5.845,53.486408000000004
2025-01-10 04:00:00,0.0,0.0,22.793,0.0,5.895,54.901244
2025-01-10 05:00:00,0.0,0.0,22.734,0.0,5.707,49.967097
2025-01-10 06:00:00,0.021,0.005,22.712,6.308583,5.627,47.602313
2025-01-10 07:00:00,0.375,0.066,24.125,313.837733,4.833,29.278475999999998
2025-01-10 08:00:00,0.603,0.113,25.478,490.59855699999997,5.687,49.177451999999995
2025-01-10 09:00:00,0.753,0.126,26.606,581.996899,6.018,58.517591
2025-01-10 10:00:00,0.79,0.13,27.456,602.009571,5.758,51.098813
2025-01-10 11:00:00,0.802,0.13,28.141,606.203047,5.309,39.882574999999996
2025-01-10 12:00:00,0.796,0.13,28.637,601.8094669999999,4.783,28.462657
2025-01-10 13:00:00,0.762,0.137,28.859,586.311414,4.342,20.323043000000002
2025-01-10 14:00:00,0.709,0.14100000000000001,28.817,559.38925,4.113,16.765790000000003
2025-01-10 15:00:00,0.626,0.134,28.523,509.154913,4.179,17.728713
2025-01-10 16:00:00,0.387,0.115,27.855,349.588825,4.15,17.422922
2025-01-10 17:00:00,0.167,0.049,26.872,146.20493100000002,4.4879999999999995,22.797555
2025-01-10 18:00:00,0.001,0.0,25.512,0.0,4.8,28.79381
2025-01-10 19:00:00,0.0,0.0,24.934,0.0,4.983,32.354432
2025-01-10 20:00:00,0.0,0.0,24.514,0.0,5.019,33.12185
2025-01-10 21:00:00,0.0,0.0,24.213,0.0,5.109,35.091163
2025-01-10 22:00:00,0.0,0.0,24.0,0.0,5.3629999999999995,40.955277
2025-01-10 23:00:00,0.0,0.0,23.832,0.0,5.542,45.629981
2025-01-11 00:00:00,0.0,0.0,23.685,0.0,5.62,47.396128
2025-01-11 01:00:00,0.0,0.0,23.573,0.0,5.635,47.804475
2025-01-11 02:00:00,0.0,0.0,23.508,0.0,5.9879999999999995,57.638489
2025-01-11 03:00:00,0.0,0.0,23.508,0.0,6.005,58.23374
2025-01-11 04:00:00,0.0,0.0,23.491,0.0,5.942,56.327232
2025-01-11 05:00:00,0.0,0.0,23.493,0.0,5.9190000000000005,55.580165
2025-01-11 06:00:00,0.003,0.004,23.519,0.0,5.734,50.431013
2025-01-11 07:00:00,0.059000000000000004,0.061,24.341,75.039322,4.866,30.057164
2025-01-11 08:00:00,0.11,0.154,25.23,183.85875399999998,5.549,45.810612
2025-01-11 09:00:00,0.158,0.245,26.016,284.336559,6.561,75.628496
2025-01-11 10:00:00,0.209,0.316,26.68,366.76390999999995,6.67,79.675924
2025-01-11 11:00:00,0.262,0.35000000000000003,27.263,422.262832,6.394,70.088117
2025-01-11 12:00:00,0.35100000000000003,0.335,27.775,466.682799,6.083,60.587523999999995
2025-01-11 13:00:00,0.438,0.28300000000000003,28.146,487.08721399999996,5.786,52.120523
2025-01-11 14:00:00,0.516,0.22,28.313,495.126162,5.627,47.578131
2025-01-11 15:00:00,0.508,0.17200000000000001,28.152,462.425412,5.548,45.770417
2025-01-11 16:00:00,0.382,0.126,27.62,353.257539,5.238,38.005899
2025-01-11 17:00:00,0.11900000000000001,0.051000000000000004,26.619,111.830973,5.268,38.706926
2025-01-11 18:00:00,0.0,0.0,25.323,0.0,5.883,54.579432999999995
2025-01-11 19:00:00,0.0,0.0,24.792,0.0,5.895,54.902286999999994
2025-01-11 20:00:00,0.0,0.0,24.395,0.0,6.13,61.818837
2025-01-11 21:00:00,0.0,0.0,24.122,0.0,6.324,67.99255000000001
2025-01-11 22:00:00,0.0,0.0,23.899,0.0,6.371,69.624153
2025-01-11 23:00:00,0.0,0.0,23.683,0.0,6.25,65.518912
2025-01-12 00:00:00,0.0,0.0,23.475,0.0,6.019,58.518680999999994
2025-01-12 01:00:00,0.0,0.0,23.317,0.0,6.233,65.278735
2025-01-12 02:00:00,0.0,0.0,23.259,0.0,6.344,68.628727
2025-01-12 03:00:00,0.0,0.0,23.216,0.0,6.121,61.537002
2025-01-12 04:00:00,0.0,0.0,23.168,0.0,5.9879999999999995,57.638409
2025-01-12 05:00:00,0.0,0.0,23.057,0.0,6.037,59.105295
2025-01-12 06:00:00,0.016,0.005,22.956,2.953735,6.071,60.041790999999996
2025-01-12 07:00:00,0.34500000000000003,0.068,24.2,294.185751,5.395,41.71391199999999
2025-01-12 08:00:00,0.589,0.117,25.579,484.785403,6.615,77.599833
2025-01-12 09:00:00,0.682,0.14200000000000002,26.682,550.9380550000001,7.65,116.980963
2025-01-12 10:00:00,0.749,0.146,27.529,587.793898,7.882,126.169054
2025-01-12 11:00:00,0.772,0.14400000000000002,28.182,597.5110540000001,7.704,118.791189
2025-01-12 12:00:00,0.745,0.152,28.59,586.04707,7.526,111.770064
2025-01-12 13:00:00,0.708,0.159,28.767,569.370188,7.336,104.139652
2025-01-12 14:00:00,0.642,0.162,28.683,534.365887,7.193,98.702154
2025-01-12 15:00:00,0.595,0.14300000000000002,28.394,496.720692,6.974,90.221373
2025-01-12 16:00:00,0.342,0.12,27.705,322.67358,6.28,66.44836
2025-01-12 17:00:00,0.21,0.05,26.727,179.673884,6.034,59.098699
2025-01-12 18:00:00,0.001,0.0,25.378,0.0,6.4879999999999995,73.477254
2025-01-12 19:00:00,0.0,0.0,24.782,0.0,6.659,78.958191
2025-01-12 20:00:00,0.0,0.0,24.276,0.0,6.531,74.614803
2025-01-12 21:00:00,0.0,0.0,23.891,0.0,6.643,78.414541
2025-01-12 22:00:00,0.0,0.0,23.588,0.0,6.481,73.25892
2025-01-12 23:00:00,0.0,0.0,23.351,0.0,6.814,84.428701
2025-01-13 00:00:00,0.0,0.0,23.221,0.0,6.806,84.145808
2025-01-13 01:00:00,0.0,0.0,23.075,0.0,6.814,84.400745
2025-01-13 02:00:00,0.0,0.0,22.947,0.0,7.009,91.85695600000001
2025-01-13 03:00:00,0.0,0.0,22.858,0.0,7.084,94.524263
2025-01-13 04:00:00,0.0,0.0,22.781,0.0,6.91,87.890414
2025-01-13 05:00:00,0.0,0.0,22.762,0.0,7.405,106.897753
2025-01-13 06:00:00,0.015,0.005,22.837,2.81802,7.471,109.348028
2025-01-13 07:00:00,0.267,0.069,23.985,238.643324,6.553,75.348559
2025-01-13 08:00:00,0.47500000000000003,0.129,25.116,421.414194,7.42,107.681971
2025-01-13 09:00:00,0.6980000000000001,0.14,26.182,560.281762,8.499,152.588421
2025-01-13 10:00:00,0.789,0.134,27.01,604.818574,8.525,153.85844699999998
2025-01-13 11:00:00,0.8180000000000001,0.127,27.652,614.7519159999999,8.061,133.714618
2025-01-13 12:00:00,0.8,0.13,28.061,605.512081,7.412,107.073051
2025-01-13 13:00:00,0.788,0.13,28.284,598.013106,6.982,90.546842
2025-01-13 14:00:00,0.748,0.13,28.285,576.641808,6.779,83.18104
2025-01-13 15:00:00,0.6880000000000001,0.121,27.993,539.1958440000001,6.707,80.8935
2025-01-13 16:00:00,0.47300000000000003,0.107,27.307,401.23225,6.481,73.266106
2025-01-13 17:00:00,0.168,0.049,26.191,148.12673199999998,6.524,74.392415
2025-01-13 18:00:00,0.001,0.0,24.722,0.0,6.571,75.988816
2025-01-13 19:00:00,0.0,0.0,24.147,0.0,7.143,96.888021
2025-01-13 20:00:00,0.0,0.0,23.891,0.0,7.368,105.511462
2025-01-13 21:00:00,0.0,0.0,23.794,0.0,7.453,108.613691
2025-01-13 22:00:00,0.0,0.0,23.719,0.0,6.857,86.058273
2025-01-13 23:00:00,0.0,0.0,23.661,0.0,7.101,95.273563
2025-01-14 00:00:00,0.0,0.0,23.629,0.0,7.246,100.635312
2025-01-14 01:00:00,0.0,0.0,23.578,0.0,6.926,88.59411800000001
2025-01-14 02:00:00,0.0,0.0,23.655,0.0,7.33,104.107498
2025-01-14 03:00:00,0.0,0.0,23.726,0.0,7.376,105.71289200000001
2025-01-14 04:00:00,0.0,0.0,23.738,0.0,7.364,105.246909
2025-01-14 05:00:00,0.0,0.0,23.741,0.0,7.478,109.622311
2025-01-14 06:00:00,0.013000000000000001,0.005,23.763,1.240298,7.102,95.275154
2025-01-14 07:00:00,0.291,0.07,24.895,255.914024,6.433,71.443126
2025-01-14 08:00:00,0.486,0.131,25.962,427.903592,8.367,146.82235699999998
2025-01-14 09:00:00,0.599,0.164,26.895,515.026947,9.315,187.614705
2025-01-14 10:00:00,0.644,0.18,27.711,548.081623,9.495,195.37313699999999
2025-01-14 11:00:00,0.741,0.159,28.407,588.590916,9.541,197.064217
2025-01-14 12:00:00,0.769,0.148,28.826,595.867429,9.618,200.228446
2025-01-14 13:00:00,0.711,0.163,28.882,572.747766,9.705,203.99705600000001
2025-01-14 14:00:00,0.54,0.197,28.464,495.600028,9.6,199.48059899999998
2025-01-14 15:00:00,0.465,0.171,27.875,436.391619,9.274000000000001,185.909818
2025-01-14 16:00:00,0.379,0.12,27.156,348.551059,8.306,144.379863
2025-01-14 17:00:00,0.185,0.051000000000000004,26.208,162.010921,7.721,119.505284
2025-01-14 18:00:00,0.001,0.0,25.033,0.0,8.062,133.756653
2025-01-14 19:00:00,0.0,0.0,24.582,0.0,7.629,115.75415799999999
2025-01-14 20:00:00,0.0,0.0,24.312,0.0,7.606,114.932841
2025-01-14 21:00:00,0.0,0.0,24.142,0.0,7.682,117.86410099999999
2025-01-14 22:00:00,0.0,0.0,24.013,0.0,7.755,121.12260400000001
2025-01-14 23:00:00,0.0,0.0,23.898,0.0,7.874,126.084307
2025-01-15 00:00:00,0.0,0.0,23.865,0.0,8.448,150.424142
2025-01-15 01:00:00,0.0,0.0,23.893,0.0,8.917,170.915997
2025-01-15 02:00:00,0.0,0.0,23.839,0.0,9.004,174.5877
2025-01-15 03:00:00,0.0,0.0,23.796,0.0,8.253,142.08132199999997
2025-01-15 04:00:00,0.0,0.0,23.764,0.0,7.884,126.243975
2025-01-15 05:00:00,0.0,0.0,23.662,0.0,8.031,132.824409
2025-01-15 06:00:00,0.019,0.006,23.544,5.46677,8.188,139.125594
2025-01-15 07:00:00,0.362,0.07,24.68,306.791854,7.453,108.59627099999999
2025-01-15 08:00:00,0.5640000000000001,0.124,25.833,472.791392,8.688,161.089212
2025-01-15 09:00:00,0.682,0.149,26.855,554.622034,9.637,201.022845
2025-01-15 10:00:00,0.734,0.158,27.706,585.896104,10.09,218.962346
2025-01-15 11:00:00,0.748,0.161,28.35,592.899948,10.465,232.84095000000002
2025-01-15 12:00:00,0.735,0.167,28.783,587.8365620000001,10.465,232.821194
2025-01-15 13:00:00,0.592,0.213,28.774,534.8235139999999,9.868,210.289482
2025-01-15 14:00:00,0.38,0.253,28.315,432.689185,9.17,181.893419
2025-01-15 15:00:00,0.244,0.217,27.652,322.159514,8.653,159.515328
2025-01-15 16:00:00,0.14200000000000002,0.137,26.859,193.415807,8.081,134.949175
2025-01-15 17:00:00,0.049,0.044,25.91,53.586113,8.094,135.289027
2025-01-15 18:00:00,0.0,0.0,24.963,0.0,8.753,163.69070499999998
2025-01-15 19:00:00,0.0,0.0,24.554,0.0,8.989,174.10408900000002
2025-01-15 20:00:00,0.0,0.0,24.339,0.0,8.995,174.21074299999998
2025-01-15 21:00:00,0.0,0.0,24.207,0.0,8.843,167.44447
2025-01-15 22:00:00,0.0,0.0,24.052,0.0,8.308,144.38180300000002
2025-01-15 23:00:00,0.0,0.0,23.914,0.0,8.088,134.95944200000002
2025-01-16 00:00:00,0.0,0.0,23.824,0.0,7.911,127.450398
2025-01-16 01:00:00,0.0,0.0,23.726,0.0,8.2,139.67477100000002
2025-01-16 02:00:00,0.0,0.0,23.676,0.0,8.681000000000001,160.492889
2025-01-16 03:00:00,0.0,0.0,23.551,0.0,9.071,177.271908
2025-01-16 04:00:00,0.0,0.0,23.43,0.0,8.88,169.041392
2025-01-16 05:00:00,0.0,0.0,23.328,0.0,8.632,158.299195
2025-01-16 06:00:00,0.014,0.006,23.252,1.877901,8.365,146.775453
2025-01-16 07:00:00,0.23800000000000002,0.073,24.354,220.193016,7.335,104.13733500000001
2025-01-16 08:00:00,0.486,0.139,25.535,434.01761200000004,7.444,108.484369
2025-01-16 09:00:00,0.646,0.164,26.525,543.514981,8.781,165.14514499999999
2025-01-16 10:00:00,0.728,0.169,27.286,589.775394,9.29,186.590242
2025-01-16 11:00:00,0.743,0.17300000000000001,27.887,598.707823,9.29,186.580704
2025-01-16 12:00:00,0.667,0.20600000000000002,28.229,573.965101,9.073,177.341158
2025-01-16 13:00:00,0.438,0.28600000000000003,28.182,489.050996,8.737,163.181917
2025-01-16 14:00:00,0.20600000000000002,0.306,27.859,356.195881,8.309,144.383048
2025-01-16 15:00:00,0.061,0.209,27.23,186.394544,7.578,113.98794500000001
2025-01-16 16:00:00,0.015,0.088,26.401,61.432193,7.082,94.520712
2025-01-16 17:00:00,0.006,0.023,25.547,7.808554,7.085,94.527951
2025-01-16 18:00:00,0.0,0.0,24.787,0.0,7.005,91.55659
2025-01-16 19:00:00,0.0,0.0,24.456,0.0,7.359,104.931094
2025-01-16 20:00:00,0.0,0.0,24.317,0.0,7.62,115.73496
2025-01-16 21:00:00,0.0,0.0,24.205,0.0,7.578,113.959322
2025-01-16 22:00:00,0.0,0.0,24.094,0.0,7.272,101.53152800000001
2025-01-16 23:00:00,0.0,0.0,23.976,0.0,7.091,94.581361
2025-01-17 00:00:00,0.0,0.0,23.935,0.0,6.747,82.37198699999999
2025-01-17 01:00:00,0.0,0.0,23.876,0.0,6.757,82.728887
2025-01-17 02:00:00,0.0,0.0,23.793,0.0,6.683,79.90861100000001
2025-01-17 03:00:00,0.0,0.0,23.701,0.0,6.639,78.280214
2025-01-17 04:00:00,0.0,0.0,23.654,0.0,6.912,87.99285
2025-01-17 05:00:00,0.0,0.0,23.607,0.0,7.075,94.17325500000001
2025-01-17 06:00:00,0.004,0.004,23.62,0.0,7.324,103.671072
2025-01-17 07:00:00,0.093,0.065,24.493,104.280663,6.725,81.447387
2025-01-17 08:00:00,0.316,0.154,25.528,331.252424,7.326,103.836735
2025-01-17 09:00:00,0.5630000000000001,0.182,26.582,505.341988,8.552,155.18014499999998
2025-01-17 10:00:00,0.631,0.196,27.424,550.855039,9.055,176.78698699999998
2025-01-17 11:00:00,0.637,0.209,28.054,559.686855,9.265,185.735241
2025-01-17 12:00:00,0.642,0.212,28.474,562.5303419999999,9.281,186.20134099999999
2025-01-17 13:00:00,0.525,0.247,28.573,515.858004,8.87,168.61057
2025-01-17 14:00:00,0.34400000000000003,0.268,28.291,420.09023599999995,8.031,132.823563
2025-01-17 15:00:00,0.264,0.218,27.877,335.682729,7.198,98.71205599999999
2025-01-17 16:00:00,0.218,0.139,27.388,250.035342,6.43,71.267625
2025-01-17 17:00:00,0.097,0.051000000000000004,26.576999999999998,95.751581,5.719,50.061398999999994
2025-01-17 18:00:00,0.0,0.0,25.37,0.0,5.954,56.858694
2025-01-17 19:00:00,0.0,0.0,24.797,0.0,6.13,61.797954
2025-01-17 20:00:00,0.0,0.0,24.399,0.0,6.177,63.328044999999996
2025-01-17 21:00:00,0.0,0.0,24.116,0.0,6.176,63.325197
2025-01-17 22:00:00,0.0,0.0,23.949,0.0,6.444,71.912196
2025-01-17 23:00:00,0.0,0.0,23.788,0.0,6.026,58.854845000000005
2025-01-18 00:00:00,0.0,0.0,23.591,0.0,6.009,58.439415000000004
2025-01-18 01:00:00,0.0,0.0,23.379,0.0,6.105,61.191877
2025-01-18 02:00:00,0.0,0.0,23.244,0.0,6.243,65.489841
2025-01-18 03:00:00,0.0,0.0,23.103,0.0,6.142,62.161111
2025-01-18 04:00:00,0.0,0.0,22.969,0.0,5.77,51.420970000000004
2025-01-18 05:00:00,0.0,0.0,22.75,0.0,5.52,44.820381999999995
2025-01-18 06:00:00,0.023,0.006,22.623,7.898898,5.589,46.624027999999996
2025-01-18 07:00:00,0.394,0.068,24.124,328.568731,4.967,32.018255
2025-01-18 08:00:00,0.607,0.116,25.562,495.160263,5.191,36.924508
2025-01-18 09:00:00,0.805,0.121,26.776,607.54655,5.698,49.670942000000004
2025-01-18 10:00:00,0.849,0.12,27.777,627.134793,5.666,48.622091
2025-01-18 11:00:00,0.861,0.116,28.604,628.745774,5.672,48.769949999999994
2025-01-18 12:00:00,0.8310000000000001,0.122,29.082,614.1320450000001,5.807,52.517468
2025-01-18 13:00:00,0.81,0.124,29.329,603.6589640000001,5.949,56.708479
2025-01-18 14:00:00,0.741,0.133,29.219,571.812525,6.163,62.906455
2025-01-18 15:00:00,0.643,0.132,28.85,516.5760760000001,6.374,69.628733
2025-01-18 16:00:00,0.391,0.11800000000000001,28.136,353.96445,6.103,61.187827
2025-01-18 17:00:00,0.083,0.047,27.006,81.264027,5.905,55.194660000000006
2025-01-18 18:00:00,0.001,0.0,25.763,0.0,5.942,56.315252
2025-01-18 19:00:00,0.0,0.0,25.221,0.0,5.852,53.682429
2025-01-18 20:00:00,0.0,0.0,24.825,0.0,5.783,52.022448
2025-01-18 21:00:00,0.0,0.0,24.496,0.0,5.4879999999999995,44.029494
2025-01-18 22:00:00,0.0,0.0,24.222,0.0,5.446,43.120348
2025-01-18 23:00:00,0.0,0.0,23.999,0.0,5.681,49.012775999999995
2025-01-19 00:00:00,0.0,0.0,23.846,0.0,5.588,46.622572
2025-01-19 01:00:00,0.0,0.0,23.661,0.0,5.625,47.548788
2025-01-19 02:00:00,0.0,0.0,23.591,0.0,5.619,47.369947999999994
2025-01-19 03:00:00,0.0,0.0,23.557,0.0,5.712,50.048097
2025-01-19 04:00:00,0.0,0.0,23.508,0.0,5.675,48.863634
2025-01-19 05:00:00,0.0,0.0,23.456,0.0,5.697,49.608839
2025-01-19 06:00:00,0.017,0.006,23.449,4.049659,5.671,48.761638
2025-01-19 07:00:00,0.343,0.07,24.741,293.15282900000005,5.045,33.892178
2025-01-19 08:00:00,0.588,0.121,26.004,484.785435,5.629,47.648726
2025-01-19 09:00:00,0.741,0.136,27.154,578.918824,6.072,60.125828
2025-01-19 10:00:00,0.796,0.137,28.065,607.241584,6.085,60.591276
2025-01-19 11:00:00,0.8,0.139,28.739,608.2144030000001,5.865,54.051421000000005
2025-01-19 12:00:00,0.77,0.147,29.162,595.008164,5.566,46.236556
2025-01-19 13:00:00,0.744,0.149,29.348,581.494014,5.252,38.321415
2025-01-19 14:00:00,0.6930000000000001,0.149,29.269,554.269936,5.003,32.781715
2025-01-19 15:00:00,0.604,0.14200000000000002,28.949,500.031315,4.848,29.569252
2025-01-19 16:00:00,0.34800000000000003,0.122,28.278,327.2851,4.417,21.62609
2025-01-19 17:00:00,0.135,0.051000000000000004,27.351,123.581456,4.515,23.276268
2025-01-19 18:00:00,0.001,0.001,25.974,0.0,5.1370000000000005,35.709917000000004
2025-01-19 19:00:00,0.0,0.0,25.335,0.0,5.365,40.995493
2025-01-19 20:00:00,0.0,0.0,24.901,0.0,5.59,46.624982
2025-01-19 21:00:00,0.0,0.0,24.545,0.0,5.781,51.974581
2025-01-19 22:00:00,0.0,0.0,24.254,0.0,5.788,52.162365
2025-01-19 23:00:00,0.0,0.0,24.008,0.0,5.792,52.290044
2025-01-20 00:00:00,0.0,0.0,23.817,0.0,5.703,49.866945
2025-01-20 01:00:00,0.0,0.0,23.661,0.0,5.634,47.781664
2025-01-20 02:00:00,0.0,0.0,23.556,0.0,5.558,46.045747999999996
2025-01-20 03:00:00,0.0,0.0,23.523,0.0,5.414,42.184824
2025-01-20 04:00:00,0.0,0.0,23.491,0.0,5.469,43.571965
2025-01-20 05:00:00,0.0,0.0,23.473,0.0,5.607,47.060714999999995
2025-01-20 06:00:00,0.013000000000000001,0.005,23.504,1.511264,5.733,50.427432
2025-01-20 07:00:00,0.244,0.073,24.797,224.405395,4.681,26.323074000000002
2025-01-20 08:00:00,0.388,0.147,26.073,374.706117,5.504,44.436874
2025-01-20 09:00:00,0.492,0.195,27.187,468.559541,6.497,73.574534
2025-01-20 10:00:00,0.59,0.209,28.046,533.0149150000001,6.959,89.998147
2025-01-20 11:00:00,0.625,0.215,28.682,554.419491,7.099,95.23132799999999
2025-01-20 12:00:00,0.59,0.23,29.012,542.306115,6.95,89.334633
2025-01-20 13:00:00,0.5640000000000001,0.228,29.115,525.978018,6.628,77.969061
2025-01-20 14:00:00,0.535,0.21,29.021,499.053449,6.215,64.559803
2025-01-20 15:00:00,0.401,0.192,28.649,407.04231599999997,5.77,51.433018
2025-01-20 16:00:00,0.247,0.137,28.056,268.069206,5.068,34.377778
2025-01-20 17:00:00,0.077,0.05,27.077,79.125792,4.809,28.986117
2025-01-20 18:00:00,0.001,0.001,25.824,0.0,5.063,34.281665999999994
2025-01-20 19:00:00,0.0,0.0,25.346,0.0,5.057,34.156166
2025-01-20 20:00:00,0.0,0.0,24.982,0.0,4.8629999999999995,29.926526999999997
2025-01-20 21:00:00,0.0,0.0,24.706,0.0,4.74,27.45123
2025-01-20 22:00:00,0.0,0.0,24.538,0.0,4.983,32.367805
2025-01-20 23:00:00,0.0,0.0,24.447,0.0,5.179,36.652582
2025-01-21 00:00:00,0.0,0.0,24.348,0.0,5.197,37.217841
2025-01-21 01:00:00,0.0,0.0,24.207,0.0,5.237,37.974958
2025-01-21 02:00:00,0.0,0.0,24.065,0.0,5.503,44.407708
2025-01-21 03:00:00,0.0,0.0,23.928,0.0,5.756,51.026634
2025-01-21 04:00:00,0.0,0.0,23.824,0.0,5.871,54.234839
2025-01-21 05:00:00,0.0,0.0,23.661,0.0,5.712,50.047962
2025-01-21 06:00:00,0.013000000000000001,0.005,23.565,1.422039,5.796,52.386736
2025-01-21 07:00:00,0.254,0.07100000000000001,24.564,230.12766200000002,5.14,35.772345
2025-01-21 08:00:00,0.556,0.125,25.626,469.31444,6.714,81.080466
2025-01-21 09:00:00,0.74,0.136,26.701,580.241122,6.853,86.04844800000001
2025-01-21 10:00:00,0.8170000000000001,0.132,27.717,616.519986,6.567,75.833606
2025-01-21 11:00:00,0.845,0.124,28.566,624.33527,6.235,65.321485
2025-01-21 12:00:00,0.851,0.11800000000000001,29.181,622.5170459999999,5.871,54.227908000000006
2025-01-21 13:00:00,0.8150000000000001,0.124,29.433,605.7478980000001,5.6370000000000005,47.864124000000004
2025-01-21 14:00:00,0.772,0.126,29.412,584.13253,5.609,47.112224999999995
2025-01-21 15:00:00,0.68,0.125,29.048,533.3226940000001,5.844,53.459068
2025-01-21 16:00:00,0.439,0.113,28.302,381.249197,5.959,57.002575
2025-01-21 17:00:00,0.129,0.051000000000000004,27.125,119.461312,6.312,67.453168
2025-01-21 18:00:00,0.001,0.001,25.805,0.0,6.891,87.491827
2025-01-21 19:00:00,0.0,0.0,25.178,0.0,6.957,89.82405499999999
2025-01-21 20:00:00,0.0,0.0,24.571,0.0,6.513,74.02444899999999
2025-01-21 21:00:00,0.0,0.0,24.132,0.0,6.305,67.23707300000001
2025-01-21 22:00:00,0.0,0.0,23.876,0.0,6.162,62.852559
2025-01-21 23:00:00,0.0,0.0,23.723,0.0,6.039,59.109122000000006
2025-01-22 00:00:00,0.0,0.0,23.647,0.0,6.032,59.095386
2025-01-22 01:00:00,0.0,0.0,23.512,0.0,6.139,62.083771999999996
2025-01-22 02:00:00,0.0,0.0,23.416,0.0,6.259,66.055647
2025-01-22 03:00:00,0.0,0.0,23.344,0.0,6.397,70.194041
2025-01-22 04:00:00,0.0,0.0,23.269,0.0,6.655,78.826689
2025-01-22 05:00:00,0.0,0.0,23.194,0.0,6.901,87.55247
2025-01-22 06:00:00,0.027,0.006,23.219,11.067035,7.402,106.89276
2025-01-22 07:00:00,0.41500000000000004,0.069,24.423,342.871804,6.662,79.158908
2025-01-22 08:00:00,0.624,0.117,25.548000000000002,505.271547,7.526,111.74419999999999
2025-01-22 09:00:00,0.8,0.125,26.769,606.80074,8.176,138.797763
2025-01-22 10:00:00,0.844,0.125,27.843,626.403422,7.966,129.701148
2025-01-22 11:00:00,0.857,0.12,28.613,628.478798,7.702,118.684292
2025-01-22 12:00:00,0.844,0.121,29.07,620.270047,7.498,110.493048
2025-01-22 13:00:00,0.799,0.129,29.211,601.1890820000001,7.396,106.715809
2025-01-22 14:00:00,0.727,0.139,29.06,567.796057,7.385,106.10414999999999
2025-01-22 15:00:00,0.6000000000000001,0.14200000000000002,28.636,498.21946,7.373,105.708212
2025-01-22 16:00:00,0.341,0.124,27.866,324.449314,7.025,92.097909
2025-01-22 17:00:00,0.106,0.05,26.714,101.32162,6.795,83.72771
2025-01-22 18:00:00,0.001,0.001,25.394,0.0,6.958,89.886286
2025-01-22 19:00:00,0.0,0.0,24.849,0.0,6.895,87.499899
2025-01-22 20:00:00,0.0,0.0,24.552,0.0,6.6,77.26924199999999
2025-01-22 21:00:00,0.0,0.0,24.343,0.0,6.523,74.342771
2025-01-22 22:00:00,0.0,0.0,24.223,0.0,6.851,86.044455
2025-01-22 23:00:00,0.0,0.0,24.148,0.0,6.945,89.325446
2025-01-23 00:00:00,0.0,0.0,24.057,0.0,6.661,79.09034
2025-01-23 01:00:00,0.0,0.0,23.899,0.0,6.26,66.11297599999999
2025-01-23 02:00:00,0.0,0.0,23.793,0.0,6.24,65.485422
2025-01-23 03:00:00,0.0,0.0,23.709,0.0,6.1370000000000005,62.03263
2025-01-23 04:00:00,0.0,0.0,23.608,0.0,5.997,57.845135
2025-01-23 05:00:00,0.0,0.0,23.522,0.0,6.141,62.148598
2025-01-23 06:00:00,0.007,0.005,23.52,0.0,5.889,54.741481
2025-01-23 07:00:00,0.101,0.073,24.593,115.857637,5.19,36.89163
2025-01-23 08:00:00,0.171,0.17200000000000001,25.591,241.96351,5.711,50.045002000000004
2025-01-23 09:00:00,0.202,0.263,26.558,327.063475,6.088,60.597324
2025-01-23 10:00:00,0.196,0.342,27.325,374.191645,6.043,59.270051
2025-01-23 11:00:00,0.137,0.394,27.784,368.55803399999996,5.924,55.722917
2025-01-23 12:00:00,0.091,0.397,27.953,339.8517,5.852,53.689724000000005
2025-01-23 13:00:00,0.08600000000000001,0.376,28.055,321.910739,5.781,51.975265
2025-01-23 14:00:00,0.067,0.309,27.979,262.645803,5.558,46.029492
2025-01-23 15:00:00,0.044,0.213,27.697,176.787206,5.156,36.138625
2025-01-23 16:00:00,0.022,0.109,27.216,82.069458,4.956,31.79407
2025-01-23 17:00:00,0.009000000000000001,0.033,26.463,16.358925,5.204,37.346297
2025-01-23 18:00:00,0.0,0.0,25.526,0.0,5.571,46.382343999999996
2025-01-23 19:00:00,0.0,0.0,25.059,0.0,5.6370000000000005,47.85295
2025-01-23 20:00:00,0.0,0.0,24.699,0.0,5.645,48.070661
2025-01-23 21:00:00,0.0,0.0,24.364,0.0,5.34,40.409635
2025-01-23 22:00:00,0.0,0.0,24.094,0.0,5.409,42.067485
2025-01-23 23:00:00,0.0,0.0,23.915,0.0,5.636,47.829175000000006
2025-01-24 00:00:00,0.0,0.0,23.709,0.0,5.888,54.712132
2025-01-24 01:00:00,0.0,0.0,23.578,0.0,5.931,55.932036999999994
2025-01-24 02:00:00,0.0,0.0,23.521,0.0,6.019,58.519305
2025-01-24 03:00:00,0.0,0.0,23.463,0.0,6.186,63.693974000000004
2025-01-24 04:00:00,0.0,0.0,23.384,0.0,6.364,69.251863
2025-01-24 05:00:00,0.0,0.0,23.33,0.0,6.526,74.45996400000001
2025-01-24 06:00:00,0.015,0.006,23.401,3.0652559999999998,6.5969999999999995,77.074523
2025-01-24 07:00:00,0.234,0.075,24.716,218.23884099999998,6.353,68.982028
2025-01-24 08:00:00,0.438,0.147,25.873,408.056511,7.552,112.58905
2025-01-24 09:00:00,0.541,0.191,26.914,496.73743199999996,8.744,163.415047
2025-01-24 10:00:00,0.609,0.212,27.794,546.073792,8.813,166.150196
2025-01-24 11:00:00,0.597,0.23500000000000001,28.428,550.631896,8.586,156.48415400000002
2025-01-24 12:00:00,0.523,0.27,28.762,527.650346,8.348,146.39780199999998
2025-01-24 13:00:00,0.419,0.297,28.79,482.545104,8.21,140.06878
2025-01-24 14:00:00,0.275,0.295,28.466,392.355956,7.977,130.187469
2025-01-24 15:00:00,0.17300000000000001,0.234,27.904,285.115171,7.764,121.502064
2025-01-24 16:00:00,0.079,0.135,27.093,145.793651,7.206,98.95070299999999
2025-01-24 17:00:00,0.033,0.044,26.088,41.948415000000004,7.055,93.233232
2025-01-24 18:00:00,0.0,0.001,24.955,0.0,7.103,95.276169
2025-01-24 19:00:00,0.0,0.0,24.446,0.0,6.87,86.76620799999999
2025-01-24 20:00:00,0.0,0.0,24.17,0.0,6.904,87.66305100000001
2025-01-24 21:00:00,0.0,0.0,24.065,0.0,7.112,95.446519
2025-01-24 22:00:00,0.0,0.0,24.072,0.0,7.302,102.648694
2025-01-24 23:00:00,0.0,0.0,24.086,0.0,7.705,118.834137
2025-01-25 00:00:00,0.0,0.0,24.073,0.0,8.017,131.986023
2025-01-25 01:00:00,0.0,0.0,24.036,0.0,8.158,137.94603
2025-01-25 02:00:00,0.0,0.0,23.948,0.0,8.098,135.658253
2025-01-25 03:00:00,0.0,0.0,23.911,0.0,8.217,140.386624
2025-01-25 04:00:00,0.0,0.0,23.853,0.0,8.48,151.719807
2025-01-25 05:00:00,0.0,0.0,23.704,0.0,8.775,164.722026
2025-01-25 06:00:00,0.014,0.006,23.596,2.490246,8.985,173.78321100000002
2025-01-25 07:00:00,0.216,0.079,24.511,207.918252,8.185,139.00892000000002
2025-01-25 08:00:00,0.295,0.168,25.564,326.616276,8.495,152.58514799999998
2025-01-25 09:00:00,0.298,0.252,26.561,383.473162,9.685,203.183493
2025-01-25 10:00:00,0.249,0.332,27.309,402.149417,10.228,224.19312200000002
2025-01-25 11:00:00,0.17200000000000001,0.389,27.724,388.625404,10.143,221.092554
2025-01-25 12:00:00,0.14,0.40800000000000003,27.9,379.863356,9.821,208.501688
2025-01-25 13:00:00,0.106,0.38,27.875,338.980835,9.309,187.387542
2025-01-25 14:00:00,0.073,0.309,27.616,267.24906599999997,8.857,168.056036
2025-01-25 15:00:00,0.043000000000000003,0.209,27.162,173.313286,8.391,147.900278
2025-01-25 16:00:00,0.023,0.11,26.59,83.432038,8.102,135.802177
2025-01-25 17:00:00,0.009000000000000001,0.033,25.855,16.489704000000003,8.147,137.680285
2025-01-25 18:00:00,0.0,0.0,25.084,0.0,8.354,146.532378
2025-01-25 19:00:00,0.0,0.0,24.839,0.0,8.361,146.561917
2025-01-25 20:00:00,0.0,0.0,24.637,0.0,8.342,145.826294
2025-01-25 21:00:00,0.0,0.0,24.49,0.0,8.384,147.566155
2025-01-25 22:00:00,0.0,0.0,24.309,0.0,8.714,162.115432
2025-01-25 23:00:00,0.0,0.0,24.183,0.0,8.886,169.304506
2025-01-26 00:00:00,0.0,0.0,23.999,0.0,8.962,172.558882
2025-01-26 01:00:00,0.0,0.0,23.791,0.0,9.052,176.786315
2025-01-26 02:00:00,0.0,0.0,23.606,0.0,9.01,175.06887400000002
2025-01-26 03:00:00,0.0,0.0,23.521,0.0,8.872,168.68271
2025-01-26 04:00:00,0.0,0.0,23.539,0.0,9.385,190.591004
2025-01-26 05:00:00,0.0,0.0,23.472,0.0,9.198,182.765856
2025-01-26 06:00:00,0.014,0.006,23.445,2.516185,8.586,156.483495
2025-01-26 07:00:00,0.247,0.074,24.345,226.832326,7.666,117.624279
2025-01-26 08:00:00,0.40800000000000003,0.146,25.403,388.166523,8.732,162.70134299999998
2025-01-26 09:00:00,0.508,0.191,26.411,477.959098,9.784,206.947153
2025-01-26 10:00:00,0.665,0.186,27.438,564.228663,9.793,207.322416
2025-01-26 11:00:00,0.738,0.171,28.312,593.0749790000001,9.663,202.167581
2025-01-26 12:00:00,0.767,0.158,28.893,599.801415,9.47,194.125806
2025-01-26 13:00:00,0.738,0.159,29.132,584.523823,9.229,183.989048
2025-01-26 14:00:00,0.666,0.164,29.023,547.7111,8.836,167.31102600000003
2025-01-26 15:00:00,0.5710000000000001,0.154,28.599,488.478028,8.389,147.795861
2025-01-26 16:00:00,0.356,0.126,27.83,336.188527,8.002,131.274583
2025-01-26 17:00:00,0.129,0.054,26.765,121.630387,7.7010000000000005,118.648228
2025-01-26 18:00:00,0.001,0.001,25.511,0.0,8.297,144.09872399999998
2025-01-26 19:00:00,0.0,0.0,24.974,0.0,8.471,151.313484
2025-01-26 20:00:00,0.0,0.0,24.631,0.0,8.591,156.51322
2025-01-26 21:00:00,0.0,0.0,24.387,0.0,8.627,158.08962
2025-01-26 22:00:00,0.0,0.0,24.245,0.0,8.463,151.004044
2025-01-26 23:00:00,0.0,0.0,24.097,0.0,8.311,144.438967
2025-01-27 00:00:00,0.0,0.0,23.943,0.0,8.133,136.811709
2025-01-27 01:00:00,0.0,0.0,23.763,0.0,7.923,128.180965
2025-01-27 02:00:00,0.0,0.0,23.607,0.0,7.689,118.178709
2025-01-27 03:00:00,0.0,0.0,23.53,0.0,8.064,133.837642
2025-01-27 04:00:00,0.0,0.0,23.417,0.0,8.138,137.002814
2025-01-27 05:00:00,0.0,0.0,23.288,0.0,8.347,146.24924600000003
2025-01-27 06:00:00,0.015,0.006,23.267,3.2263859999999998,8.528,154.156329
2025-01-27 07:00:00,0.262,0.073,24.24,237.625343,7.582,114.11314999999999
2025-01-27 08:00:00,0.464,0.137,25.313,419.33259000000004,7.59,114.161431
2025-01-27 09:00:00,0.767,0.137,26.454,596.273322,8.29,143.52327499999998
2025-01-27 10:00:00,0.845,0.129,27.338,631.1794540000001,8.171,138.791565
2025-01-27 11:00:00,0.864,0.123,28.028,635.4366110000001,8.187,139.091588
2025-01-27 12:00:00,0.86,0.11900000000000001,28.441,629.855683,8.284,143.51567300000002
2025-01-27 13:00:00,0.844,0.11800000000000001,28.579,620.8937480000001,8.39,147.81347
2025-01-27 14:00:00,0.797,0.122,28.385,598.2318909999999,8.577,156.361955
2025-01-27 15:00:00,0.71,0.12,27.877,551.0651409999999,8.604,157.08746100000002
2025-01-27 16:00:00,0.524,0.106,27.067,433.994855,8.112,136.016051
2025-01-27 17:00:00,0.095,0.051000000000000004,25.854,93.964403,7.476,109.552185
2025-01-27 18:00:00,0.0,0.0,24.694,0.0,7.939,128.58452499999999
2025-01-27 19:00:00,0.0,0.0,24.183,0.0,7.618,115.610247
2025-01-27 20:00:00,0.0,0.0,23.9,0.0,7.353,104.91901200000001
2025-01-27 21:00:00,0.0,0.0,23.776,0.0,7.429,107.698721
2025-01-27 22:00:00,0.0,0.0,23.768,0.0,7.573,113.547292
2025-01-27 23:00:00,0.0,0.0,23.811,0.0,7.64,116.534249
2025-01-28 00:00:00,0.0,0.0,23.828,0.0,7.732,119.982369
2025-01-28 01:00:00,0.0,0.0,23.821,0.0,7.921,128.177038
2025-01-28 02:00:00,0.0,0.0,23.838,0.0,8.647,159.25888899999998
2025-01-28 03:00:00,0.0,0.0,23.808,0.0,8.593,156.611311
2025-01-28 04:00:00,0.0,0.0,23.624,0.0,8.338,145.674773
2025-01-28 05:00:00,0.0,0.0,23.4,0.0,8.184,138.980385
2025-01-28 06:00:00,0.019,0.007,23.37,6.0325820000000006,8.104,135.80603299999999
2025-01-28 07:00:00,0.339,0.075,24.508,294.340067,7.577,113.85866800000001
2025-01-28 08:00:00,0.595,0.13,25.647,496.004732,8.899000000000001,170.234127
2025-01-28 09:00:00,0.721,0.153,26.706,579.0157419999999,9.773,206.50632099999999
2025-01-28 10:00:00,0.774,0.159,27.569,608.73364,9.938,213.35075700000002
2025-01-28 11:00:00,0.784,0.162,28.153,613.671436,9.893,211.377907
2025-01-28 12:00:00,0.746,0.17500000000000002,28.484,599.375708,9.811,208.043494
2025-01-28 13:00:00,0.619,0.217,28.538,552.162635,9.493,195.37420699999998
2025-01-28 14:00:00,0.373,0.27,28.194,439.307304,8.961,172.519651
2025-01-28 15:00:00,0.139,0.233,27.5,260.051644,8.12,136.62318599999998
2025-01-28 16:00:00,0.043000000000000003,0.121,26.647,108.00583,7.15,97.152922
2025-01-28 17:00:00,0.014,0.035,25.665,21.002615000000002,7.43,107.700328
2025-01-28 18:00:00,0.0,0.0,24.763,0.0,7.89,126.512742
2025-01-28 19:00:00,0.0,0.0,24.398,0.0,7.922,128.178045
2025-01-28 20:00:00,0.0,0.0,24.203,0.0,7.803,122.868776
2025-01-28 21:00:00,0.0,0.0,24.157,0.0,7.7,118.630343
2025-01-28 22:00:00,0.0,0.0,24.19,0.0,7.549,112.468697
2025-01-28 23:00:00,0.0,0.0,24.18,0.0,7.647,116.85707099999999
2025-01-29 00:00:00,0.0,0.0,24.19,0.0,8.09,134.99649100000002
2025-01-29 01:00:00,0.0,0.0,24.186,0.0,8.425,149.556687
2025-01-29 02:00:00,0.0,0.0,24.162,0.0,8.819,166.388211
2025-01-29 03:00:00,0.0,0.0,24.141,0.0,9.075,177.428792
2025-01-29 04:00:00,0.0,0.0,24.131,0.0,9.111,178.982809
2025-01-29 05:00:00,0.0,0.0,24.116,0.0,8.942,171.720516
2025-01-29 06:00:00,0.003,0.004,24.115,0.0,8.388,147.75586900000002
2025-01-29 07:00:00,0.08600000000000001,0.068,24.893,100.580032,7.386,106.151416
2025-01-29 08:00:00,0.34600000000000003,0.162,25.937,356.919933,8.196,139.49786699999999
2025-01-29 09:00:00,0.517,0.20500000000000002,26.975,490.25153600000004,8.994,174.210194
2025-01-29 10:00:00,0.562,0.23500000000000001,27.864,531.8970969999999,8.994,174.210413
2025-01-29 11:00:00,0.58,0.253,28.562,550.3276480000001,8.52,153.495711
2025-01-29 12:00:00,0.499,0.28800000000000003,28.932,523.506163,7.917,127.900306
2025-01-29 13:00:00,0.465,0.28800000000000003,29.094,503.73967700000003,7.412,107.048419
2025-01-29 14:00:00,0.362,0.28200000000000003,28.944,438.43119,6.955,89.67186500000001
2025-01-29 15:00:00,0.195,0.24,28.475,303.1888,6.743,82.240147
2025-01-29 16:00:00,0.065,0.136,27.67,134.94655,6.579,76.51754700000001
2025-01-29 17:00:00,0.014,0.036000000000000004,26.589,22.458907,6.529,74.552997
2025-01-29 18:00:00,0.0,0.0,25.56,0.0,6.91,87.86863199999999
2025-01-29 19:00:00,0.0,0.0,25.065,0.0,7.003,91.4073
2025-01-29 20:00:00,0.0,0.0,24.696,0.0,7.208,99.039447
2025-01-29 21:00:00,0.0,0.0,24.454,0.0,7.339,104.146458
2025-01-29 22:00:00,0.0,0.0,24.331,0.0,7.475,109.50138899999999
2025-01-29 23:00:00,0.0,0.0,24.268,0.0,6.997,91.172518
2025-01-30 00:00:00,0.0,0.0,24.191,0.0,6.655,78.822986
2025-01-30 01:00:00,0.0,0.0,24.123,0.0,6.536,74.793554
2025-01-30 02:00:00,0.0,0.0,24.044,0.0,6.491,73.561137
2025-01-30 03:00:00,0.0,0.0,23.943,0.0,6.336,68.34677
2025-01-30 04:00:00,0.0,0.0,23.886,0.0,6.509,73.891784
2025-01-30 05:00:00,0.0,0.0,23.804,0.0,6.189,63.844954
2025-01-30 06:00:00,0.005,0.005,23.842,0.0,6.168,63.212508
2025-01-30 07:00:00,0.073,0.066,24.788,89.38861299999999,5.502,44.369156000000004
2025-01-30 08:00:00,0.227,0.166,25.833,278.040048,7.046,92.900375
2025-01-30 09:00:00,0.468,0.214,26.989,466.028949,7.798,122.65607899999999
2025-01-30 10:00:00,0.671,0.2,28.19,573.338826,7.776,121.99530899999999
2025-01-30 11:00:00,0.705,0.201,29.125,589.183176,7.568,113.24932399999999
2025-01-30 12:00:00,0.628,0.232,29.622,562.4819679999999,7.353,104.92025100000001
2025-01-30 13:00:00,0.531,0.26,29.819,523.473,7.215,99.28664900000001
2025-01-30 14:00:00,0.364,0.28,29.648,436.855578,7.194,98.703981
2025-01-30 15:00:00,0.17400000000000002,0.23900000000000002,29.162,286.391619,6.936,89.06431699999999
2025-01-30 16:00:00,0.075,0.139,28.401,144.242201,6.504,73.710216
2025-01-30 17:00:00,0.021,0.041,27.351,30.863811000000002,6.716,81.084057
2025-01-30 18:00:00,0.0,0.001,26.246,0.0,7.048,92.974847
2025-01-30 19:00:00,0.0,0.0,25.729,0.0,7.145,96.95899800000001
2025-01-30 20:00:00,0.0,0.0,25.452,0.0,7.143,96.898477
2025-01-30 21:00:00,0.0,0.0,25.241,0.0,6.604,77.277582
2025-01-30 22:00:00,0.0,0.0,25.08,0.0,6.588,76.603941
2025-01-30 23:00:00,0.0,0.0,24.943,0.0,6.569,75.90896799999999
2025-01-31 00:00:00,0.0,0.0,24.778,0.0,6.914,88.123352
2025-01-31 01:00:00,0.0,0.0,24.613,0.0,7.249,100.640784
2025-01-31 02:00:00,0.0,0.0,24.463,0.0,7.289,102.19124400000001
2025-01-31 03:00:00,0.0,0.0,24.335,0.0,7.317,103.247833
2025-01-31 04:00:00,0.0,0.0,24.276,0.0,7.427,107.694727
2025-01-31 05:00:00,0.0,0.0,24.253,0.0,7.414,107.197062
2025-01-31 06:00:00,0.008,0.006,24.335,0.0,7.26,101.397565
2025-01-31 07:00:00,0.107,0.074,25.324,121.46070399999999,6.2780000000000005,66.382303
2025-01-31 08:00:00,0.22,0.17300000000000001,26.323,277.02623700000004,6.803,84.040055
2025-01-31 09:00:00,0.326,0.251,27.371,399.769257,7.049,92.983648
2025-01-31 10:00:00,0.32,0.318,28.275,436.11495,6.676,79.690932
2025-01-31 11:00:00,0.307,0.366,29.005,455.80557,6.339,68.352573
2025-01-31 12:00:00,0.307,0.382,29.524,464.63466999999997,5.872,54.268012999999996
2025-01-31 13:00:00,0.217,0.382,29.703,408.855596,5.359,40.850423
2025-01-31 14:00:00,0.14200000000000002,0.331,29.588,326.707157,5.055,34.104366999999996
2025-01-31 15:00:00,0.084,0.23900000000000002,29.251,223.17479500000002,5.026,33.41201
2025-01-31 16:00:00,0.03,0.12,28.552,95.80986800000001,5.245,38.162709
2025-01-31 17:00:00,0.006,0.027,27.509,10.301448,5.615,47.265353000000005
2025-01-31 18:00:00,0.0,0.0,26.615,0.0,6.18,63.334230000000005
2025-01-31 19:00:00,0.0,0.0,26.139,0.0,6.029,59.021105000000006
2025-01-31 20:00:00,0.0,0.0,25.826,0.0,6.334,68.342498
2025-01-31 21:00:00,0.0,0.0,25.605,0.0,6.705,80.756355
2025-01-31 22:00:00,0.0,0.0,25.421,0.0,6.352,68.980741
2025-01-31 23:00:00,0.0,0.0,25.282,0.0,6.421,71.25063
2025-02-01 00:00:00,0.0,0.0,25.126,0.0,6.435,71.5595
2025-02-01 01:00:00,0.0,0.0,24.981,0.0,6.448,71.920881
2025-02-01 02:00:00,0.0,0.0,24.854,0.0,6.583,76.593021
2025-02-01 03:00:00,0.0,0.0,24.726,0.0,6.417,71.0476
2025-02-01 04:00:00,0.0,0.0,24.647,0.0,6.7059999999999995,80.771665
2025-02-01 05:00:00,0.0,0.0,24.583,0.0,7.055,93.207964
2025-02-01 06:00:00,0.001,0.002,24.537,0.0,7.437,108.27763800000001
2025-02-01 07:00:00,0.008,0.036000000000000004,24.783,17.843742,7.401,106.890647
2025-02-01 08:00:00,0.02,0.116,25.263,87.143006,7.441,108.479617
2025-02-01 09:00:00,0.044,0.225,25.891,186.866839,8.454,150.599769
2025-02-01 10:00:00,0.069,0.322,26.559,275.197623,9.038,175.929811
2025-02-01 11:00:00,0.099,0.394,27.113,344.651035,9.322,187.92100399999998
2025-02-01 12:00:00,0.117,0.41600000000000004,27.36,370.529103,9.781,206.852462
2025-02-01 13:00:00,0.159,0.399,27.434,386.827388,10.281,226.141739
2025-02-01 14:00:00,0.203,0.338,27.412,376.157314,10.437,232.073562
2025-02-01 15:00:00,0.193,0.255,27.169,313.929226,9.847,209.47116699999998
2025-02-01 16:00:00,0.132,0.158,26.646,202.418093,9.074,177.379766
2025-02-01 17:00:00,0.044,0.053,25.786,57.184353,8.596,156.760865
2025-02-01 18:00:00,0.001,0.001,24.874,0.0,8.79,165.157927
2025-02-01 19:00:00,0.0,0.0,24.468,0.0,8.59,156.490899
2025-02-01 20:00:00,0.0,0.0,24.299,0.0,8.407,148.69464499999998
2025-02-01 21:00:00,0.0,0.0,24.223,0.0,8.441,150.41739
2025-02-01 22:00:00,0.0,0.0,24.168,0.0,8.407,148.694122
2025-02-01 23:00:00,0.0,0.0,24.129,0.0,8.467,151.155889
2025-02-02 00:00:00,0.0,0.0,24.073,0.0,8.673,160.381766
2025-02-02 01:00:00,0.0,0.0,24.026,0.0,8.808,166.014891
2025-02-02 02:00:00,0.0,0.0,23.987,0.0,9.053,176.786516
2025-02-02 03:00:00,0.0,0.0,23.97,0.0,9.254,185.262347
2025-02-02 04:00:00,0.0,0.0,23.95,0.0,9.376,190.196061
2025-02-02 05:00:00,0.0,0.0,23.968,0.0,9.401,191.626587
2025-02-02 06:00:00,0.004,0.005,24.017,0.0,9.326,188.11464900000001
2025-02-02 07:00:00,0.042,0.062,24.601,61.95787,8.9,170.33151199999998
2025-02-02 08:00:00,0.095,0.166,25.352,181.433065,9.365,189.754615
2025-02-02 09:00:00,0.17300000000000001,0.269,26.202,310.94444300000004,10.509,234.398614
2025-02-02 10:00:00,0.289,0.337,27.046,431.115551,10.532,235.209401
2025-02-02 11:00:00,0.28700000000000003,0.383,27.596,457.078508,10.143,221.108526
2025-02-02 12:00:00,0.214,0.419,27.844,434.231037,9.651,201.951886
2025-02-02 13:00:00,0.07,0.369,27.582,307.044653,9.098,178.427012
2025-02-02 14:00:00,0.031,0.266,27.174,206.63978,8.442,150.417921
2025-02-02 15:00:00,0.025,0.189,26.789,144.72335800000002,8.112,136.019971
2025-02-02 16:00:00,0.023,0.115,26.329,88.164246,7.9350000000000005,128.400101
2025-02-02 17:00:00,0.025,0.047,25.721,38.338985,8.177,138.799566
2025-02-02 18:00:00,0.001,0.001,24.866,0.0,8.709,162.02003299999998
2025-02-02 19:00:00,0.0,0.0,24.579,0.0,8.839,167.31270999999998
2025-02-02 20:00:00,0.0,0.0,24.409,0.0,9.139,180.171941
2025-02-02 21:00:00,0.0,0.0,24.243,0.0,9.38,190.381383
2025-02-02 22:00:00,0.0,0.0,24.225,0.0,9.586,199.086099
2025-02-02 23:00:00,0.0,0.0,24.183,0.0,9.667,202.560314
2025-02-03 00:00:00,0.0,0.0,24.092,0.0,9.62,200.311812
2025-02-03 01:00:00,0.0,0.0,23.939,0.0,9.699,203.57165
2025-02-03 02:00:00,0.0,0.0,23.818,0.0,9.7,203.570682
2025-02-03 03:00:00,0.0,0.0,23.684,0.0,9.761,206.037329
2025-02-03 04:00:00,0.0,0.0,23.59,0.0,9.821,208.47893299999998
2025-02-03 05:00:00,0.0,0.0,23.439,0.0,9.547,197.32656
2025-02-03 06:00:00,0.017,0.007,23.385,4.8715150000000005,9.626,200.557254
2025-02-03 07:00:00,0.274,0.076,24.337,248.80151999999998,9.134,179.97164999999998
2025-02-03 08:00:00,0.555,0.135,25.416,474.970289,9.818,208.32298600000001
2025-02-03 09:00:00,0.705,0.156,26.467,572.527293,11.223,257.701358
2025-02-03 10:00:00,0.738,0.17,27.294,595.444674,11.451,264.26975300000004
2025-02-03 11:00:00,0.7030000000000001,0.19,27.86,586.1947610000001,11.133,254.991937
2025-02-03 12:00:00,0.66,0.20700000000000002,28.155,570.682739,10.74,242.703001
2025-02-03 13:00:00,0.633,0.20600000000000002,28.287,554.696814,10.499,234.085418
2025-02-03 14:00:00,0.602,0.192,28.206,529.423968,10.263,225.476148
2025-02-03 15:00:00,0.46900000000000003,0.18,27.745,444.03405499999997,9.991,215.14703400000002
2025-02-03 16:00:00,0.366,0.129,26.937,346.689003,9.762,206.079217
2025-02-03 17:00:00,0.168,0.057,25.801,154.064293,9.67,202.766209
2025-02-03 18:00:00,0.001,0.001,24.613,0.0,10.044,217.20526199999998
2025-02-03 19:00:00,0.0,0.0,24.256,0.0,10.009,215.81927100000001
2025-02-03 20:00:00,0.0,0.0,24.113,0.0,9.871,210.408356
2025-02-03 21:00:00,0.0,0.0,24.035,0.0,9.545,197.231924
2025-02-03 22:00:00,0.0,0.0,23.959,0.0,9.062,176.86466099999998
2025-02-03 23:00:00,0.0,0.0,23.875,0.0,8.545,154.711514
2025-02-04 00:00:00,0.0,0.0,23.81,0.0,8.683,160.628819
2025-02-04 01:00:00,0.0,0.0,23.67,0.0,8.433,149.789771
2025-02-04 02:00:00,0.0,0.0,23.505,0.0,8.121,136.65460099999999
2025-02-04 03:00:00,0.0,0.0,23.341,0.0,7.961,129.501865
2025-02-04 04:00:00,0.0,0.0,23.238,0.0,8.033,132.82660099999998
2025-02-04 05:00:00,0.0,0.0,23.11,0.0,8.013,131.97893100000002
2025-02-04 06:00:00,0.021,0.007,23.067,7.457254,7.978,130.201636
2025-02-04 07:00:00,0.378,0.074,24.364,321.563038,7.431,107.776573
2025-02-04 08:00:00,0.665,0.12,25.613,531.463346,8.505,152.995888
2025-02-04 09:00:00,0.8210000000000001,0.129,26.823,620.005925,9.118,179.274034
2025-02-04 10:00:00,0.858,0.13,27.834,636.575287,9.103,178.61524
2025-02-04 11:00:00,0.869,0.126,28.616,637.5749529999999,8.997,174.21142600000002
2025-02-04 12:00:00,0.853,0.127,29.088,627.888833,8.850999999999999,167.79964
2025-02-04 13:00:00,0.805,0.135,29.24,607.264089,8.696,161.25111900000002
2025-02-04 14:00:00,0.731,0.14400000000000002,29.079,572.5555899999999,8.513,153.448565
2025-02-04 15:00:00,0.646,0.137,28.603,522.366186,8.225,140.713141
2025-02-04 16:00:00,0.406,0.121,27.793,366.178847,7.569,113.291323
2025-02-04 17:00:00,0.178,0.056,26.708,160.370053,6.933,88.799903
2025-02-04 18:00:00,0.002,0.001,25.34,0.0,7.311,103.023738
2025-02-04 19:00:00,0.0,0.0,24.761,0.0,7.261,101.399145
2025-02-04 20:00:00,0.0,0.0,24.307,0.0,7.28,102.154007
2025-02-04 21:00:00,0.0,0.0,23.984,0.0,7.214,99.264471
2025-02-04 22:00:00,0.0,0.0,23.759,0.0,7.5969999999999995,114.657846
2025-02-04 23:00:00,0.0,0.0,23.645,0.0,7.779,122.242396
2025-02-05 00:00:00,0.0,0.0,23.55,0.0,7.763,121.50008199999999
2025-02-05 01:00:00,0.0,0.0,23.382,0.0,7.343,104.38725
2025-02-05 02:00:00,0.0,0.0,23.219,0.0,7.336,104.139618
2025-02-05 03:00:00,0.0,0.0,23.104,0.0,7.586,114.120714
2025-02-05 04:00:00,0.0,0.0,23.032,0.0,8.066,133.92463
2025-02-05 05:00:00,0.0,0.0,22.899,0.0,8.074,134.421619
2025-02-05 06:00:00,0.024,0.007,22.94,9.201001,8.113,136.04189499999998
2025-02-05 07:00:00,0.388,0.075,24.182,329.101551,7.164,97.484311
2025-02-05 08:00:00,0.677,0.12,25.514,538.524459,8.107,135.810302
2025-02-05 09:00:00,0.8210000000000001,0.13,26.802,620.81121,8.738,163.253802
2025-02-05 10:00:00,0.848,0.135,27.822,633.576455,8.613,157.469606
2025-02-05 11:00:00,0.85,0.134,28.581,632.202032,8.376,147.232931
2025-02-05 12:00:00,0.833,0.135,29.063,622.599551,8.095,135.393756
2025-02-05 13:00:00,0.791,0.14200000000000002,29.273,603.2013919999999,7.852,125.243322
2025-02-05 14:00:00,0.718,0.151,29.121,569.114099,7.603,114.927336
2025-02-05 15:00:00,0.5680000000000001,0.156,28.665,487.509272,7.304,102.723936
2025-02-05 16:00:00,0.36,0.128,27.89,340.513869,6.785,83.36535400000001
2025-02-05 17:00:00,0.132,0.057,26.764,126.197304,6.632,78.030818
2025-02-05 18:00:00,0.001,0.001,25.392,0.0,7.13,96.07129499999999
2025-02-05 19:00:00,0.0,0.0,24.75,0.0,7.434,108.033647
2025-02-05 20:00:00,0.0,0.0,24.308,0.0,7.16,97.206338
2025-02-05 21:00:00,0.0,0.0,23.991,0.0,7.31,102.987266
2025-02-05 22:00:00,0.0,0.0,23.804,0.0,7.412,107.060089
2025-02-05 23:00:00,0.0,0.0,23.662,0.0,7.598,114.78716899999999
2025-02-06 00:00:00,0.0,0.0,23.509,0.0,7.713,119.171251
2025-02-06 01:00:00,0.0,0.0,23.376,0.0,7.942,128.716842
2025-02-06 02:00:00,0.0,0.0,23.258,0.0,8.009,131.91158199999998
2025-02-06 03:00:00,0.0,0.0,23.184,0.0,7.967,129.769774
2025-02-06 04:00:00,0.0,0.0,23.113,0.0,7.798,122.676077
2025-02-06 05:00:00,0.0,0.0,23.044,0.0,7.542,112.194981
2025-02-06 06:00:00,0.021,0.007,23.066,7.5163519999999995,7.368,105.536818
2025-02-06 07:00:00,0.393,0.075,24.294,332.562944,6.582,76.591443
2025-02-06 08:00:00,0.67,0.121,25.621,534.6185919999999,7.462,108.982748
2025-02-06 09:00:00,0.765,0.14,26.823,595.897966,8.572,156.14622500000002
2025-02-06 10:00:00,0.862,0.132,27.83,639.4508619999999,9.092,178.161129
2025-02-06 11:00:00,0.873,0.127,28.579,640.117661,9.453,193.52730300000002
2025-02-06 12:00:00,0.836,0.134,28.982,623.5459159999999,9.592,199.17873699999998
2025-02-06 13:00:00,0.795,0.14100000000000001,29.116,605.058644,9.61,199.91960999999998
2025-02-06 14:00:00,0.723,0.149,28.94,571.555052,9.48,194.542308
2025-02-06 15:00:00,0.5740000000000001,0.153,28.431,489.941067,9.084,177.80082199999998
2025-02-06 16:00:00,0.431,0.12,27.62,382.140303,8.574,156.219209
2025-02-06 17:00:00,0.185,0.057,26.414,166.190412,7.998,131.141066
2025-02-06 18:00:00,0.002,0.001,24.998,0.0,8.131,136.711558
2025-02-06 19:00:00,0.0,0.0,24.423,0.0,8.452,150.521949
2025-02-06 20:00:00,0.0,0.0,24.02,0.0,8.645,159.0642
2025-02-06 21:00:00,0.0,0.0,23.781,0.0,8.698,161.252256
2025-02-06 22:00:00,0.0,0.0,23.605,0.0,8.505,153.02275
2025-02-06 23:00:00,0.0,0.0,23.468,0.0,8.335,145.67120699999998
2025-02-07 00:00:00,0.0,0.0,23.301,0.0,7.617,115.507452
2025-02-07 01:00:00,0.0,0.0,23.109,0.0,7.437,108.212378
2025-02-07 02:00:00,0.0,0.0,22.941,0.0,7.406,106.898573
2025-02-07 03:00:00,0.0,0.0,22.794,0.0,7.454,108.65227800000001
2025-02-07 04:00:00,0.0,0.0,22.633,0.0,7.595,114.563382
2025-02-07 05:00:00,0.0,0.0,22.588,0.0,7.652,117.031488
2025-02-07 06:00:00,0.026000000000000002,0.007,22.699,11.253193999999999,7.671,117.784821
2025-02-07 07:00:00,0.397,0.075,23.964,335.58514,6.966,90.06194
2025-02-07 08:00:00,0.611,0.125,25.264,503.528775,8.087,134.95785899999998
2025-02-07 09:00:00,0.847,0.126,26.547,632.7342610000001,9.575,198.63601500000001
2025-02-07 10:00:00,0.888,0.123,27.562,649.460625,9.774000000000001,206.567894
2025-02-07 11:00:00,0.884,0.123,28.356,644.354996,9.634,200.86702499999998
2025-02-07 12:00:00,0.842,0.131,28.814,625.5082090000001,9.347,188.975537
2025-02-07 13:00:00,0.791,0.14100000000000001,28.998,603.195401,9.217,183.473337
2025-02-07 14:00:00,0.76,0.137,28.883,585.11072,9.05,176.78576999999999
2025-02-07 15:00:00,0.662,0.134,28.501,529.79056,8.838,167.312136
2025-02-07 16:00:00,0.444,0.117,27.714,388.543679,8.365,146.74714699999998
2025-02-07 17:00:00,0.232,0.056,26.555,200.815403,7.924,128.181128
2025-02-07 18:00:00,0.003,0.001,25.008,0.0,7.982,130.504193
2025-02-07 19:00:00,0.0,0.0,24.263,0.0,7.7379999999999995,120.50379600000001
2025-02-07 20:00:00,0.0,0.0,23.782,0.0,7.7010000000000005,118.660289
2025-02-07 21:00:00,0.0,0.0,23.426,0.0,7.168,97.761787
2025-02-07 22:00:00,0.0,0.0,23.268,0.0,6.933,88.81195
2025-02-07 23:00:00,0.0,0.0,23.18,0.0,7.32,103.349148
2025-02-08 00:00:00,0.0,0.0,23.053,0.0,7.148,97.074249
2025-02-08 01:00:00,0.0,0.0,22.914,0.0,7.464,109.045617
2025-02-08 02:00:00,0.0,0.0,22.827,0.0,7.774,121.864559
2025-02-08 03:00:00,0.0,0.0,22.733,0.0,7.694,118.366104
2025-02-08 04:00:00,0.0,0.0,22.661,0.0,7.463,109.007625
2025-02-08 05:00:00,0.0,0.0,22.602,0.0,7.313,103.08819
2025-02-08 06:00:00,0.023,0.007,22.636,8.818669,7.157,97.182754
2025-02-08 07:00:00,0.363,0.076,23.931,312.63214600000003,6.203,64.153192
2025-02-08 08:00:00,0.61,0.128,25.292,504.84455699999995,7.034,92.453432
2025-02-08 09:00:00,0.728,0.149,26.532,580.854721,8.297,144.116943
2025-02-08 10:00:00,0.867,0.132,27.668,642.493431,8.603,157.054888
2025-02-08 11:00:00,0.891,0.123,28.576999999999998,647.126703,8.788,165.149223
2025-02-08 12:00:00,0.862,0.126,29.067,632.774763,9.056,176.787214
2025-02-08 13:00:00,0.81,0.137,29.233,610.668198,9.25,184.888043
2025-02-08 14:00:00,0.732,0.148,29.022,575.5231409999999,9.257,185.46971599999998
2025-02-08 15:00:00,0.5640000000000001,0.156,28.515,485.34699,8.847,167.615606
2025-02-08 16:00:00,0.45,0.11800000000000001,27.775,393.361379,8.108,135.810589
2025-02-08 17:00:00,0.212,0.057,26.56,187.017659,7.912,127.48771
2025-02-08 18:00:00,0.002,0.001,25.05,0.0,7.9719999999999995,129.962651
2025-02-08 19:00:00,0.0,0.0,24.44,0.0,7.853,125.24574899999999
2025-02-08 20:00:00,0.0,0.0,24.053,0.0,7.7940000000000005,122.526841
2025-02-08 21:00:00,0.0,0.0,23.709,0.0,7.719,119.405902
2025-02-08 22:00:00,0.0,0.0,23.479,0.0,7.342,104.306556
2025-02-08 23:00:00,0.0,0.0,23.272,0.0,7.003,91.363325
2025-02-09 00:00:00,0.0,0.0,23.188,0.0,7.304,102.736175
2025-02-09 01:00:00,0.0,0.0,23.125,0.0,7.328,103.97734299999999
2025-02-09 02:00:00,0.0,0.0,23.0,0.0,6.754,82.609769
2025-02-09 03:00:00,0.0,0.0,22.892,0.0,6.767,82.844274
2025-02-09 04:00:00,0.0,0.0,22.853,0.0,7.212,99.160968
2025-02-09 05:00:00,0.0,0.0,22.757,0.0,7.231,99.959289
2025-02-09 06:00:00,0.019,0.008,22.835,6.921081,7.53,112.064219
2025-02-09 07:00:00,0.24,0.082,24.171,228.76682699999998,6.997,91.17134200000001
2025-02-09 08:00:00,0.375,0.164,25.351,378.95718800000003,7.827,124.128348
2025-02-09 09:00:00,0.454,0.224,26.476,464.670301,8.428,149.559799
2025-02-09 10:00:00,0.559,0.245,27.506,537.294407,8.752,163.592263
2025-02-09 11:00:00,0.602,0.254,28.288,564.674995,9.073,177.342547
2025-02-09 12:00:00,0.486,0.306,28.601,527.379216,9.228,183.950803
2025-02-09 13:00:00,0.339,0.34600000000000003,28.564,464.139778,9.431,192.579739
2025-02-09 14:00:00,0.191,0.326,28.148,359.12748700000003,9.522,196.28940599999999
2025-02-09 15:00:00,0.107,0.243,27.565,244.27119399999998,9.371,189.995669
2025-02-09 16:00:00,0.06,0.14100000000000001,26.789,135.391027,8.817,166.30756599999998
2025-02-09 17:00:00,0.017,0.041,25.803,28.250505,8.337,145.672744
2025-02-09 18:00:00,0.0,0.001,24.9,0.0,8.084,134.953164
2025-02-09 19:00:00,0.0,0.0,24.542,0.0,8.02,131.989531
2025-02-09 20:00:00,0.0,0.0,24.329,0.0,8.415,149.11979399999998
2025-02-09 21:00:00,0.0,0.0,24.231,0.0,9.081,177.696314
2025-02-09 22:00:00,0.0,0.0,24.112,0.0,8.891,169.570644
2025-02-09 23:00:00,0.0,0.0,23.913,0.0,8.589,156.486013
2025-02-10 00:00:00,0.0,0.0,23.756,0.0,8.534,154.316014
2025-02-10 01:00:00,0.0,0.0,23.591,0.0,8.32,145.239726
2025-02-10 02:00:00,0.0,0.0,23.48,0.0,8.271,142.73889000000003
2025-02-10 03:00:00,0.0,0.0,23.371,0.0,8.456,150.70699299999998
2025-02-10 04:00:00,0.0,0.0,23.272,0.0,8.212,140.188851
2025-02-10 05:00:00,0.0,0.0,23.184,0.0,7.908,127.34788499999999
2025-02-10 06:00:00,0.007,0.006,23.182,0.0,7.802,122.83873
2025-02-10 07:00:00,0.063,0.068,24.053,83.44885400000001,7.485,110.111659
2025-02-10 08:00:00,0.128,0.168,24.932,208.444041,7.675,117.791886
2025-02-10 09:00:00,0.229,0.263,25.841,346.43214,9.043,176.145239
2025-02-10 10:00:00,0.271,0.33,26.569,416.015489,9.175,181.914944
2025-02-10 11:00:00,0.28700000000000003,0.369,27.178,450.20398700000004,8.866,168.42051999999998
2025-02-10 12:00:00,0.358,0.36,27.738,486.734059,8.549,155.13126300000002
2025-02-10 13:00:00,0.41000000000000003,0.323,28.118,493.96932400000003,8.291,143.57709
2025-02-10 14:00:00,0.369,0.289,28.15,448.820775,8.238,141.58847899999998
2025-02-10 15:00:00,0.304,0.232,27.841,372.413476,8.168,138.610686
2025-02-10 16:00:00,0.247,0.153,27.256,280.647361,7.912,127.509414
2025-02-10 17:00:00,0.093,0.06,26.196,99.19132,8.021,132.062503
2025-02-10 18:00:00,0.002,0.001,24.835,0.0,8.124,136.658154
2025-02-10 19:00:00,0.0,0.0,24.128,0.0,7.805,122.944087
2025-02-10 20:00:00,0.0,0.0,23.731,0.0,8.021,132.089818
2025-02-10 21:00:00,0.0,0.0,23.497,0.0,7.867,125.803708
2025-02-10 22:00:00,0.0,0.0,23.358,0.0,7.6530000000000005,117.076877
2025-02-10 23:00:00,0.0,0.0,23.378,0.0,7.468,109.226685
2025-02-11 00:00:00,0.0,0.0,23.349,0.0,7.314,103.137191
2025-02-11 01:00:00,0.0,0.0,23.267,0.0,7.376,105.71311999999999
2025-02-11 02:00:00,0.0,0.0,23.117,0.0,7.527,111.849384
2025-02-11 03:00:00,0.0,0.0,22.924,0.0,7.852,125.244199
2025-02-11 04:00:00,0.0,0.0,22.793,0.0,8.098,135.63636499999998
2025-02-11 05:00:00,0.0,0.0,22.743,0.0,7.971,129.92946799999999
2025-02-11 06:00:00,0.034,0.008,22.829,17.127242,7.7780000000000005,122.152324
2025-02-11 07:00:00,0.438,0.075,24.151,363.555027,6.634,78.109382
2025-02-11 08:00:00,0.642,0.124,25.452,521.0212750000001,7.889,126.45573399999999
2025-02-11 09:00:00,0.8250000000000001,0.132,26.722,623.796868,8.248,141.801405
2025-02-11 10:00:00,0.84,0.139,27.799,631.733842,7.971,129.901497
2025-02-11 11:00:00,0.841,0.139,28.688,629.452804,7.643,116.67654300000001
2025-02-11 12:00:00,0.861,0.128,29.317,632.393582,7.256,101.09761
2025-02-11 13:00:00,0.8210000000000001,0.133,29.581,613.2995330000001,6.884,87.06931200000001
2025-02-11 14:00:00,0.777,0.134,29.504,590.858729,6.731,81.792686
2025-02-11 15:00:00,0.685,0.131,29.148,539.66239,6.719,81.091038
2025-02-11 16:00:00,0.47700000000000004,0.115,28.381,407.126033,6.59,76.618347
2025-02-11 17:00:00,0.186,0.058,27.15,167.642399,6.452,72.040132
2025-02-11 18:00:00,0.002,0.001,25.723,0.0,6.828,85.15250900000001
2025-02-11 19:00:00,0.0,0.0,25.159,0.0,6.855,86.05267500000001
2025-02-11 20:00:00,0.0,0.0,24.719,0.0,6.568,75.854145
2025-02-11 21:00:00,0.0,0.0,24.282,0.0,6.308,67.34639299999999
2025-02-11 22:00:00,0.0,0.0,23.987,0.0,5.915,55.484947999999996
2025-02-11 23:00:00,0.0,0.0,23.743,0.0,5.761,51.161988
2025-02-12 00:00:00,0.0,0.0,23.643,0.0,6.103,61.18938
2025-02-12 01:00:00,0.0,0.0,23.594,0.0,6.222,64.70397200000001
2025-02-12 02:00:00,0.0,0.0,23.466,0.0,5.838,53.305298
2025-02-12 03:00:00,0.0,0.0,23.282,0.0,5.995,57.781368
2025-02-12 04:00:00,0.0,0.0,23.173,0.0,6.078,60.467385
2025-02-12 05:00:00,0.0,0.0,23.049,0.0,5.94,56.182205
2025-02-12 06:00:00,0.031,0.008,23.09,14.564991,5.771,51.460247
2025-02-12 07:00:00,0.454,0.076,24.46,373.89907500000004,5.01,32.932421000000005
2025-02-12 08:00:00,0.6910000000000001,0.12,25.676,546.217848,6.14,62.106163
2025-02-12 09:00:00,0.834,0.131,27.021,626.9781380000001,6.092,60.724719
2025-02-12 10:00:00,0.864,0.133,28.174,640.126074,5.484,43.931067999999996
2025-02-12 11:00:00,0.872,0.131,29.091,640.159052,4.905,30.740622
2025-02-12 12:00:00,0.859,0.13,29.672,630.901929,4.603,24.871177
2025-02-12 13:00:00,0.834,0.131,29.901,617.990693,4.519,23.356455
2025-02-12 14:00:00,0.777,0.137,29.828,591.263306,4.545,23.897287
2025-02-12 15:00:00,0.594,0.152,29.33,499.381646,4.632,25.574973999999997
2025-02-12 16:00:00,0.367,0.131,28.419,345.73807400000004,4.938,31.42372
2025-02-12 17:00:00,0.13,0.059000000000000004,27.17,125.97143200000001,5.099,34.868932
2025-02-12 18:00:00,0.002,0.001,25.771,0.0,5.429,42.547718
2025-02-12 19:00:00,0.0,0.0,25.018,0.0,5.553,45.905054
2025-02-12 20:00:00,0.0,0.0,24.42,0.0,5.55,45.821797
2025-02-12 21:00:00,0.0,0.0,23.966,0.0,5.873,54.284513
2025-02-12 22:00:00,0.0,0.0,23.628,0.0,5.812,52.566743
2025-02-12 23:00:00,0.0,0.0,23.344,0.0,5.588,46.621936
2025-02-13 00:00:00,0.0,0.0,23.086,0.0,5.52,44.820672
2025-02-13 01:00:00,0.0,0.0,22.93,0.0,5.228,37.768929
2025-02-13 02:00:00,0.0,0.0,22.831,0.0,4.616,25.224558000000002
2025-02-13 03:00:00,0.0,0.0,22.795,0.0,4.336,20.229481
2025-02-13 04:00:00,0.0,0.0,22.804,0.0,4.611,25.028028
2025-02-13 05:00:00,0.0,0.0,22.858,0.0,5.003,32.784575
2025-02-13 06:00:00,0.028,0.008,23.022,12.653421,5.167,36.374112999999994
2025-02-13 07:00:00,0.386,0.079,24.256,330.288724,4.383,21.164702000000002
2025-02-13 08:00:00,0.595,0.133,25.394,498.427573,4.395,21.354769
2025-02-13 09:00:00,0.778,0.145,26.859,605.4782610000001,4.736,27.375181
2025-02-13 10:00:00,0.8290000000000001,0.148,28.128,629.577659,4.429,21.775676
2025-02-13 11:00:00,0.8250000000000001,0.152,29.022,626.9146360000001,3.938,14.219489
2025-02-13 12:00:00,0.785,0.163,29.519,610.074915,3.625,10.366892
2025-02-13 13:00:00,0.735,0.17200000000000001,29.741,588.008267,3.294,6.817634
2025-02-13 14:00:00,0.661,0.176,29.714,549.804856,2.948,4.0731399999999995
2025-02-13 15:00:00,0.58,0.163,29.35,497.244206,2.96,4.169729
2025-02-13 16:00:00,0.228,0.145,28.416,259.862631,3.229,6.298631
2025-02-13 17:00:00,0.073,0.056,27.248,81.081977,3.789,12.258471
2025-02-13 18:00:00,0.001,0.001,26.05,0.0,4.427,21.744325
2025-02-13 19:00:00,0.0,0.0,25.557,0.0,4.617,25.245549
2025-02-13 20:00:00,0.0,0.0,25.292,0.0,4.593,24.677422999999997
2025-02-13 21:00:00,0.0,0.0,25.025,0.0,4.631,25.55795
2025-02-13 22:00:00,0.0,0.0,24.748,0.0,4.47,22.49627
2025-02-13 23:00:00,0.0,0.0,24.513,0.0,4.495,22.921642
2025-02-14 00:00:00,0.0,0.0,24.355,0.0,4.649,25.883121
2025-02-14 01:00:00,0.0,0.0,24.232,0.0,4.819,29.013994
2025-02-14 02:00:00,0.0,0.0,24.114,0.0,4.865,30.001685000000002
2025-02-14 03:00:00,0.0,0.0,23.988,0.0,4.969,32.068363
2025-02-14 04:00:00,0.0,0.0,23.878,0.0,5.177,36.61065
2025-02-14 05:00:00,0.0,0.0,23.763,0.0,5.312,39.963347999999996
2025-02-14 06:00:00,0.008,0.007,23.72,0.0,5.334,40.261286
2025-02-14 07:00:00,0.09,0.079,24.626,111.921903,4.796,28.727016
2025-02-14 08:00:00,0.114,0.176,25.367,203.474904,5.114,35.184706
2025-02-14 09:00:00,0.117,0.269,26.201,272.053381,5.872,54.256601
2025-02-14 10:00:00,0.14400000000000002,0.354,27.081,348.58932500000003,5.924,55.737855
2025-02-14 11:00:00,0.187,0.40900000000000003,27.808,410.674018,5.714,50.052432
2025-02-14 12:00:00,0.224,0.427,28.298,444.310384,5.514,44.674318
2025-02-14 13:00:00,0.114,0.397,28.255,354.587762,5.406,41.999718
2025-02-14 14:00:00,0.073,0.325,27.954,278.503811,5.525,45.100525000000005
2025-02-14 15:00:00,0.05,0.228,27.502,191.90446799999998,5.503,44.399682
2025-02-14 16:00:00,0.045,0.14,26.95,123.204884,5.329,40.158764000000005
2025-02-14 17:00:00,0.028,0.052000000000000005,26.198,44.169829,5.509,44.544203
2025-02-14 18:00:00,0.001,0.001,25.141,0.0,6.011,58.503861
2025-02-14 19:00:00,0.0,0.0,24.57,0.0,6.315,67.571016
2025-02-14 20:00:00,0.0,0.0,24.154,0.0,6.594,76.866053
2025-02-14 21:00:00,0.0,0.0,23.872,0.0,6.755,82.670001
2025-02-14 22:00:00,0.0,0.0,23.7,0.0,6.788,83.481037
2025-02-14 23:00:00,0.0,0.0,23.47,0.0,6.487,73.448799
2025-02-15 00:00:00,0.0,0.0,23.302,0.0,5.757,51.061275
2025-02-15 01:00:00,0.0,0.0,23.187,0.0,5.501,44.355283
2025-02-15 02:00:00,0.0,0.0,23.102,0.0,5.219,37.565068
2025-02-15 03:00:00,0.0,0.0,22.996,0.0,5.155,36.103962
2025-02-15 04:00:00,0.0,0.0,22.918,0.0,5.203,37.344855
2025-02-15 05:00:00,0.0,0.0,22.839,0.0,5.967,57.249186
2025-02-15 06:00:00,0.018000000000000002,0.008,22.914,6.315548,5.742,50.669114
2025-02-15 07:00:00,0.247,0.081,23.928,233.36021499999998,5.162,36.259457000000005
2025-02-15 08:00:00,0.455,0.151,24.878,423.669296,5.489,44.049466
2025-02-15 09:00:00,0.7020000000000001,0.165,26.26,576.7684370000001,6.017,58.515337
2025-02-15 10:00:00,0.758,0.17200000000000001,27.472,607.143087,5.723,50.142804
2025-02-15 11:00:00,0.8,0.164,28.365,622.571656,5.202,37.342943
2025-02-15 12:00:00,0.8160000000000001,0.155,29.024,623.7948789999999,4.772,28.102833999999998
2025-02-15 13:00:00,0.782,0.16,29.365,607.6294989999999,4.42,21.629717
2025-02-15 14:00:00,0.629,0.192,29.256,541.905527,4.231,18.542452
2025-02-15 15:00:00,0.4,0.20500000000000002,28.747,414.645805,4.227,18.471245
2025-02-15 16:00:00,0.20600000000000002,0.15,27.984,248.278399,4.29,19.622057
2025-02-15 17:00:00,0.077,0.058,26.929,85.257928,4.718,27.01915
2025-02-15 18:00:00,0.002,0.001,25.595,0.0,5.24,38.047727
2025-02-15 19:00:00,0.0,0.0,24.864,0.0,5.345,40.52483
2025-02-15 20:00:00,0.0,0.0,24.412,0.0,5.276,39.002722999999996
2025-02-15 21:00:00,0.0,0.0,24.101,0.0,5.41,42.091771
2025-02-15 22:00:00,0.0,0.0,23.863,0.0,5.773,51.565093
2025-02-15 23:00:00,0.0,0.0,23.68,0.0,6.122,61.557154000000004
2025-02-16 00:00:00,0.0,0.0,23.508,0.0,5.768,51.354417999999995
2025-02-16 01:00:00,0.0,0.0,23.369,0.0,5.507,44.506024
2025-02-16 02:00:00,0.0,0.0,23.279,0.0,5.435,42.703523999999994
2025-02-16 03:00:00,0.0,0.0,23.164,0.0,5.319,40.11094799999999
2025-02-16 04:00:00,0.0,0.0,23.106,0.0,5.067,34.359376
2025-02-16 05:00:00,0.0,0.0,23.142,0.0,5.256,38.414756999999994
2025-02-16 06:00:00,0.01,0.007,23.227,1.238545,4.938,31.415324000000002
2025-02-16 07:00:00,0.138,0.083,24.208,152.03112,3.946,14.417663000000001
2025-02-16 08:00:00,0.298,0.179,25.206,337.468075,4.645,25.823151000000003
2025-02-16 09:00:00,0.311,0.261,26.305,398.324691,5.099,34.869478
2025-02-16 10:00:00,0.313,0.332,27.219,442.829619,4.748,27.595491000000003
2025-02-16 11:00:00,0.269,0.389,27.804,449.478015,4.258,18.966069
2025-02-16 12:00:00,0.20400000000000001,0.417,28.079,426.06918,3.798,12.369837
2025-02-16 13:00:00,0.161,0.397,28.16,386.238834,3.444,8.322477000000001
2025-02-16 14:00:00,0.146,0.342,28.108,339.771975,3.173,5.745916
2025-02-16 15:00:00,0.105,0.252,27.744,249.932311,3.135,5.426861
2025-02-16 16:00:00,0.07200000000000001,0.151,27.173,151.697186,3.3810000000000002,7.648261000000001
2025-02-16 17:00:00,0.031,0.053,26.38,46.46529,3.754,11.815922
2025-02-16 18:00:00,0.001,0.001,25.286,0.0,4.26,18.995264
2025-02-16 19:00:00,0.0,0.0,24.726,0.0,4.695,26.573878
2025-02-16 20:00:00,0.0,0.0,24.338,0.0,4.89,30.433388
2025-02-16 21:00:00,0.0,0.0,24.096,0.0,5.105,35.004574
2025-02-16 22:00:00,0.0,0.0,23.909,0.0,5.322,40.145219
2025-02-16 23:00:00,0.0,0.0,23.717,0.0,5.424,42.433394
2025-02-17 00:00:00,0.0,0.0,23.508,0.0,5.5760000000000005,46.497951
2025-02-17 01:00:00,0.0,0.0,23.313,0.0,5.753,50.955286
2025-02-17 02:00:00,0.0,0.0,23.205,0.0,5.949,56.701466
2025-02-17 03:00:00,0.0,0.0,23.17,0.0,5.998,57.882406
2025-02-17 04:00:00,0.0,0.0,23.152,0.0,6.109,61.200931
2025-02-17 05:00:00,0.0,0.0,23.117,0.0,5.718,50.059347
2025-02-17 06:00:00,0.016,0.008,23.198,4.7995659999999996,5.558,46.048097999999996
2025-02-17 07:00:00,0.196,0.083,24.244,196.025516,5.092,34.71621
2025-02-17 08:00:00,0.37,0.166,25.17,377.226245,5.027,33.429819
2025-02-17 09:00:00,0.482,0.22,26.294,480.037331,5.984,57.630046
2025-02-17 10:00:00,0.554,0.248,27.373,536.530736,6.313,67.507406
2025-02-17 11:00:00,0.544,0.274,28.191,543.2929869999999,6.267,66.126191
2025-02-17 12:00:00,0.58,0.267,28.796,557.865262,6.102,61.186085
2025-02-17 13:00:00,0.499,0.28400000000000003,28.99,521.479978,5.909,55.305879
2025-02-17 14:00:00,0.361,0.289,28.718,442.752914,5.649,48.168423000000004
2025-02-17 15:00:00,0.252,0.241,28.221,343.156049,5.4030000000000005,41.927059
2025-02-17 16:00:00,0.157,0.156,27.563,217.769459,5.194,37.06705
2025-02-17 17:00:00,0.084,0.062,26.672,93.31019,5.494,44.163633000000004
2025-02-17 18:00:00,0.001,0.001,25.4,0.0,6.117,61.415237
2025-02-17 19:00:00,0.0,0.0,24.73,0.0,6.442,71.90903
2025-02-17 20:00:00,0.0,0.0,24.37,0.0,6.83,85.319528
2025-02-17 21:00:00,0.0,0.0,24.108,0.0,7.19,98.676671
2025-02-17 22:00:00,0.0,0.0,23.938,0.0,7.246,100.63480100000001
2025-02-17 23:00:00,0.0,0.0,23.695,0.0,7.013,91.905981
2025-02-18 00:00:00,0.0,0.0,23.496,0.0,6.928,88.599615
2025-02-18 01:00:00,0.0,0.0,23.255,0.0,6.894,87.499247
2025-02-18 02:00:00,0.0,0.0,23.089,0.0,6.786,83.425359
2025-02-18 03:00:00,0.0,0.0,22.996,0.0,7.005,91.53472199999999
2025-02-18 04:00:00,0.0,0.0,22.883,0.0,6.596,76.988866
2025-02-18 05:00:00,0.0,0.0,22.778,0.0,6.623,77.959894
2025-02-18 06:00:00,0.025,0.009000000000000001,22.852,11.340217,6.566,75.81035700000001
2025-02-18 07:00:00,0.308,0.081,24.017,276.994396,5.468,43.571321000000005
2025-02-18 08:00:00,0.552,0.139,25.102,476.82228000000003,5.496,44.218509
2025-02-18 09:00:00,0.77,0.148,26.494,603.7611850000001,6.15,62.408824
2025-02-18 10:00:00,0.8190000000000001,0.15,27.684,627.585076,6.082,60.585028
2025-02-18 11:00:00,0.836,0.148,28.512,632.2328669999999,5.942,56.315544
2025-02-18 12:00:00,0.8310000000000001,0.145,29.044,626.863066,5.82,52.807680999999995
2025-02-18 13:00:00,0.8140000000000001,0.14300000000000002,29.271,616.30541,5.627,47.584591999999994
2025-02-18 14:00:00,0.753,0.147,29.178,586.079002,5.399,41.824703
2025-02-18 15:00:00,0.658,0.14300000000000002,28.76,532.1905899999999,5.375,41.234259
2025-02-18 16:00:00,0.417,0.127,27.915,377.336092,5.308,39.856663999999995
2025-02-18 17:00:00,0.17200000000000001,0.062,26.747,160.45351399999998,5.429,42.559163999999996
2025-02-18 18:00:00,0.002,0.002,25.325,0.0,5.848,53.593154999999996
2025-02-18 19:00:00,0.0,0.0,24.684,0.0,6.092,60.696154
2025-02-18 20:00:00,0.0,0.0,24.356,0.0,6.308,67.344866
2025-02-18 21:00:00,0.0,0.0,24.125,0.0,6.268,66.12805800000001
2025-02-18 22:00:00,0.0,0.0,23.946,0.0,5.961,57.070879
2025-02-18 23:00:00,0.0,0.0,23.81,0.0,5.628,47.622333
2025-02-19 00:00:00,0.0,0.0,23.701,0.0,5.335,40.268363
2025-02-19 01:00:00,0.0,0.0,23.623,0.0,5.132,35.589459000000005
2025-02-19 02:00:00,0.0,0.0,23.555,0.0,4.989,32.493302
2025-02-19 03:00:00,0.0,0.0,23.513,0.0,4.931,31.274793000000003
2025-02-19 04:00:00,0.0,0.0,23.491,0.0,4.804,28.881291
2025-02-19 05:00:00,0.0,0.0,23.477,0.0,4.753,27.706836
2025-02-19 06:00:00,0.001,0.004,23.518,0.0,4.717,27.003606
2025-02-19 07:00:00,0.008,0.043000000000000003,24.201,22.678108,4.189,17.883184
2025-02-19 08:00:00,0.01,0.106,24.746,71.59737,3.231,6.320323999999999
2025-02-19 09:00:00,0.014,0.182,25.344,132.75035699999998,3.624,10.361931
2025-02-19 10:00:00,0.022,0.277,25.92,209.223122,4.19,17.897812000000002
2025-02-19 11:00:00,0.029,0.34800000000000003,26.594,265.049597,4.233,18.562064
2025-02-19 12:00:00,0.021,0.332,26.819,247.626365,3.888,13.675516
2025-02-19 13:00:00,0.019,0.308,26.843,228.62128700000002,3.718,11.483694
2025-02-19 14:00:00,0.015,0.247,26.703,181.815359,3.716,11.452620999999999
2025-02-19 15:00:00,0.009000000000000001,0.155,26.339,107.834226,3.662,10.697033
2025-02-19 16:00:00,0.007,0.091,25.927,57.314188,3.536,9.25876
2025-02-19 17:00:00,0.004,0.03,25.483,11.238806,3.868,13.367194
2025-02-19 18:00:00,0.0,0.001,24.882,0.0,4.7059999999999995,26.788056
2025-02-19 19:00:00,0.0,0.0,24.548000000000002,0.0,5.218,37.532922
2025-02-19 20:00:00,0.0,0.0,24.295,0.0,5.29,39.441521
2025-02-19 21:00:00,0.0,0.0,24.09,0.0,5.172,36.484165999999995
2025-02-19 22:00:00,0.0,0.0,23.92,0.0,5.184,36.755266999999996
2025-02-19 23:00:00,0.0,0.0,23.788,0.0,5.712,50.047404
2025-02-20 00:00:00,0.0,0.0,23.647,0.0,5.731,50.367360999999995
2025-02-20 01:00:00,0.0,0.0,23.563,0.0,5.793,52.315453
2025-02-20 02:00:00,0.0,0.0,23.516,0.0,6.126,61.694365
2025-02-20 03:00:00,0.0,0.0,23.447,0.0,6.187,63.73513
2025-02-20 04:00:00,0.0,0.0,23.406,0.0,5.979,57.589593
2025-02-20 05:00:00,0.0,0.0,23.399,0.0,6.027,58.925019
2025-02-20 06:00:00,0.002,0.005,23.461,0.0,5.979,57.600887
2025-02-20 07:00:00,0.014,0.047,24.089,30.05043,5.243,38.119072
2025-02-20 08:00:00,0.02,0.12,24.652,90.01442,4.645,25.804946
2025-02-20 09:00:00,0.034,0.216,25.247,173.28541,5.413,42.157856
2025-02-20 10:00:00,0.062,0.321,25.955,270.519344,6.036,59.103561
2025-02-20 11:00:00,0.161,0.41300000000000003,26.859,399.032788,6.266,66.123453
2025-02-20 12:00:00,0.318,0.398,27.695,485.37312,6.231,65.191415
2025-02-20 13:00:00,0.452,0.327,28.275,520.924587,6.239,65.464501
2025-02-20 14:00:00,0.463,0.278,28.408,498.49647100000004,6.34,68.383602
2025-02-20 15:00:00,0.333,0.245,28.058,398.915989,6.306,67.265946
2025-02-20 16:00:00,0.122,0.163,27.237,197.584591,5.913,55.426987999999994
2025-02-20 17:00:00,0.042,0.058,26.281,59.444933,6.007,58.352169
2025-02-20 18:00:00,0.001,0.001,25.171,0.0,6.553,75.369755
2025-02-20 19:00:00,0.0,0.0,24.692,0.0,6.975,90.263098
2025-02-20 20:00:00,0.0,0.0,24.51,0.0,7.416,107.34925100000001
2025-02-20 21:00:00,0.0,0.0,24.387,0.0,7.523,111.56018399999999
2025-02-20 22:00:00,0.0,0.0,24.299,0.0,7.489,110.386257
2025-02-20 23:00:00,0.0,0.0,24.19,0.0,7.157,97.182061
2025-02-21 00:00:00,0.0,0.0,24.057,0.0,6.954,89.60074300000001
2025-02-21 01:00:00,0.0,0.0,23.921,0.0,6.9190000000000005,88.53421
2025-02-21 02:00:00,0.0,0.0,23.79,0.0,6.871,86.766577
2025-02-21 03:00:00,0.0,0.0,23.658,0.0,7.12,96.016651
2025-02-21 04:00:00,0.0,0.0,23.556,0.0,6.813,84.391693
2025-02-21 05:00:00,0.0,0.0,23.475,0.0,6.803,84.027827
2025-02-21 06:00:00,0.021,0.009000000000000001,23.578,8.354790000000001,6.954,89.590218
2025-02-21 07:00:00,0.245,0.083,24.561,232.254989,6.225,64.871134
2025-02-21 08:00:00,0.595,0.14100000000000001,25.718,501.91208500000005,8.085,134.954655
2025-02-21 09:00:00,0.646,0.177,26.883,549.73478,8.944,171.799533
2025-02-21 10:00:00,0.754,0.176,27.987,605.6652349999999,9.006,174.706052
2025-02-21 11:00:00,0.811,0.164,28.848,626.787333,8.918,171.002535
2025-02-21 12:00:00,0.786,0.17,29.356,614.672353,9.034,175.928699
2025-02-21 13:00:00,0.751,0.17500000000000002,29.534,598.438992,8.938,171.53250599999998
2025-02-21 14:00:00,0.631,0.194,29.312,544.259108,8.242,141.79388699999998
2025-02-21 15:00:00,0.466,0.194,28.734,449.080805,7.744,120.673239
2025-02-21 16:00:00,0.23900000000000002,0.151,27.858,272.278942,7.472,109.374437
2025-02-21 17:00:00,0.097,0.062,26.765,103.085612,7.42,107.68185000000001
2025-02-21 18:00:00,0.002,0.002,25.561,0.0,7.924,128.182477
2025-02-21 19:00:00,0.0,0.0,25.026,0.0,8.262,142.653109
2025-02-21 20:00:00,0.0,0.0,24.688,0.0,8.674,160.382386
2025-02-21 21:00:00,0.0,0.0,24.462,0.0,8.981,173.434796
2025-02-21 22:00:00,0.0,0.0,24.256,0.0,9.153,181.062647
2025-02-21 23:00:00,0.0,0.0,24.054,0.0,9.267,185.735098
2025-02-22 00:00:00,0.0,0.0,23.826,0.0,9.236,184.583008
2025-02-22 01:00:00,0.0,0.0,23.638,0.0,9.164,181.42458100000002
2025-02-22 02:00:00,0.0,0.0,23.505,0.0,9.162,181.268519
2025-02-22 03:00:00,0.0,0.0,23.412,0.0,9.163,181.288006
2025-02-22 04:00:00,0.0,0.0,23.307,0.0,9.128,179.705939
2025-02-22 05:00:00,0.0,0.0,23.311,0.0,9.442,193.296038
2025-02-22 06:00:00,0.041,0.01,23.39,22.867948000000002,9.039,175.92990400000002
2025-02-22 07:00:00,0.483,0.078,24.391,395.445763,8.15,137.934913
2025-02-22 08:00:00,0.752,0.117,25.615,579.5077140000001,9.47,194.132231
2025-02-22 09:00:00,0.834,0.134,26.787,629.708697,10.595,237.632115
2025-02-22 10:00:00,0.864,0.139,27.73,644.6988349999999,10.578,237.110282
2025-02-22 11:00:00,0.841,0.15,28.433,635.672588,10.309,227.19049600000002
2025-02-22 12:00:00,0.729,0.186,28.777,594.862836,10.036,216.873646
2025-02-22 13:00:00,0.729,0.178,28.889,590.0629250000001,9.975999999999999,214.534863
2025-02-22 14:00:00,0.71,0.165,28.793,573.649758,9.915,212.350492
2025-02-22 15:00:00,0.547,0.17,28.247,484.693547,9.661,202.017872
2025-02-22 16:00:00,0.373,0.136,27.419,354.52506,9.227,183.90199600000003
2025-02-22 17:00:00,0.146,0.063,26.319,141.393957,8.558,155.18572899999998
2025-02-22 18:00:00,0.003,0.002,25.106,0.0,8.875,168.809778
2025-02-22 19:00:00,0.0,0.0,24.624,0.0,9.026,175.55443599999998
2025-02-22 20:00:00,0.0,0.0,24.403,0.0,9.312,187.526243
2025-02-22 21:00:00,0.0,0.0,24.36,0.0,9.516,196.200998
2025-02-22 22:00:00,0.0,0.0,24.35,0.0,9.661,202.02937
2025-02-22 23:00:00,0.0,0.0,24.268,0.0,9.646,201.656456
2025-02-23 00:00:00,0.0,0.0,24.071,0.0,9.677,202.761384
2025-02-23 01:00:00,0.0,0.0,23.856,0.0,9.744,205.595574
2025-02-23 02:00:00,0.0,0.0,23.675,0.0,9.792,207.27776500000002
2025-02-23 03:00:00,0.0,0.0,23.561,0.0,10.078,218.820562
2025-02-23 04:00:00,0.0,0.0,23.517,0.0,10.144,221.172856
2025-02-23 05:00:00,0.0,0.0,23.43,0.0,9.519,196.199457
2025-02-23 06:00:00,0.018000000000000002,0.01,23.408,7.568968,9.234,184.36803
2025-02-23 07:00:00,0.123,0.08600000000000001,24.247,143.686929,8.459,150.82695900000002
2025-02-23 08:00:00,0.166,0.187,25.169,249.489242,9.292,186.683574
2025-02-23 09:00:00,0.23,0.28300000000000003,26.083,359.67453,10.448,232.30529800000002
2025-02-23 10:00:00,0.243,0.36,26.859,417.608129,10.189,223.09225700000002
2025-02-23 11:00:00,0.184,0.417,27.331,415.48736599999995,9.817,208.276886
2025-02-23 12:00:00,0.134,0.433,27.556,392.56309899999997,9.377,190.255334
2025-02-23 13:00:00,0.107,0.40700000000000003,27.626,357.518166,9.077,177.536365
2025-02-23 14:00:00,0.067,0.327,27.408,275.72416,8.364,146.728056
2025-02-23 15:00:00,0.038,0.22,26.975,178.246357,7.845,124.855276
2025-02-23 16:00:00,0.022,0.121,26.392,91.493588,7.489,110.385399
2025-02-23 17:00:00,0.009000000000000001,0.039,25.576999999999998,20.655832,7.266,101.408652
2025-02-23 18:00:00,0.0,0.001,24.624,0.0,7.015,91.909798
2025-02-23 19:00:00,0.0,0.0,24.151,0.0,6.718,81.087632
2025-02-23 20:00:00,0.0,0.0,23.843,0.0,6.767,82.845566
2025-02-23 21:00:00,0.0,0.0,23.624,0.0,6.434,71.535527
2025-02-23 22:00:00,0.0,0.0,23.387,0.0,6.616,77.655521
2025-02-23 23:00:00,0.0,0.0,23.276,0.0,7.027,92.191236
2025-02-24 00:00:00,0.0,0.0,23.101,0.0,6.9030000000000005,87.637562
2025-02-24 01:00:00,0.0,0.0,22.906,0.0,7.011,91.900184
2025-02-24 02:00:00,0.0,0.0,22.748,0.0,7.061,93.448286
2025-02-24 03:00:00,0.0,0.0,22.6,0.0,7.105,95.28122400000001
2025-02-24 04:00:00,0.0,0.0,22.433,0.0,6.997,91.172423
2025-02-24 05:00:00,0.0,0.0,22.268,0.0,6.729,81.68742900000001
2025-02-24 06:00:00,0.026000000000000002,0.009000000000000001,22.278,12.021355999999999,6.424,71.256106
2025-02-24 07:00:00,0.332,0.084,23.683,296.487879,5.998,57.861521999999994
2025-02-24 08:00:00,0.5670000000000001,0.14100000000000001,25.015,486.89655300000004,7.002,91.333584
2025-02-24 09:00:00,0.755,0.154,26.23,599.34732,7.558,112.815039
2025-02-24 10:00:00,0.8150000000000001,0.156,27.303,629.5044059999999,7.836,124.41525800000001
2025-02-24 11:00:00,0.8170000000000001,0.16,28.123,629.825859,8.01,131.97524299999998
2025-02-24 12:00:00,0.788,0.168,28.626,617.15704,8.041,132.907136
2025-02-24 13:00:00,0.736,0.178,28.821,594.622501,8.085,134.955107
2025-02-24 14:00:00,0.659,0.184,28.669,556.361111,8.161,138.00947299999999
2025-02-24 15:00:00,0.498,0.184,28.141,463.913363,8.284,143.516451
2025-02-24 16:00:00,0.361,0.139,27.37,348.62379,8.092,135.141321
2025-02-24 17:00:00,0.199,0.064,26.224,182.446701,7.547,112.406512
2025-02-24 18:00:00,0.004,0.002,24.727,0.0,7.099,95.191682
2025-02-24 19:00:00,0.0,0.0,24.008,0.0,6.815,84.433346
2025-02-24 20:00:00,0.0,0.0,23.637,0.0,6.7,80.39354300000001
2025-02-24 21:00:00,0.0,0.0,23.426,0.0,6.662,79.173057
2025-02-24 22:00:00,0.0,0.0,23.235,0.0,7.095,94.909616
2025-02-24 23:00:00,0.0,0.0,23.128,0.0,7.272,101.605199
2025-02-25 00:00:00,0.0,0.0,23.006,0.0,6.7620000000000005,82.83542
2025-02-25 01:00:00,0.0,0.0,22.899,0.0,5.447,43.151629
2025-02-25 02:00:00,0.0,0.0,22.801,0.0,4.467,22.437981
2025-02-25 03:00:00,0.0,0.0,22.674,0.0,5.245,38.163625999999994
2025-02-25 04:00:00,0.0,0.0,22.622,0.0,6.354,68.98436699999999
2025-02-25 05:00:00,0.0,0.0,22.593,0.0,6.721,81.13340099999999
2025-02-25 06:00:00,0.041,0.011,22.686,23.830483,6.577,76.41229
2025-02-25 07:00:00,0.357,0.085,24.081,314.21335700000003,5.5969999999999995,46.813336
2025-02-25 08:00:00,0.47600000000000003,0.153,25.417,437.06834299999997,6.396,70.162019
2025-02-25 09:00:00,0.6000000000000001,0.19,26.641,531.9854300000001,6.384,69.769837
2025-02-25 10:00:00,0.674,0.203,27.686,578.000424,6.24,65.472631
2025-02-25 11:00:00,0.6950000000000001,0.209,28.52,590.225679,6.132,61.880827
2025-02-25 12:00:00,0.716,0.201,29.137,595.452331,5.986,57.633851
2025-02-25 13:00:00,0.7000000000000001,0.197,29.431,583.331602,5.777,51.793721
2025-02-25 14:00:00,0.621,0.2,29.338,541.79105,5.541,45.597696000000006
2025-02-25 15:00:00,0.495,0.19,28.928,463.654984,5.308,39.868908000000005
2025-02-25 16:00:00,0.278,0.149,28.16,298.09707199999997,5.14,35.770528
2025-02-25 17:00:00,0.136,0.065,27.127,135.429766,5.245,38.154739
2025-02-25 18:00:00,0.004,0.002,25.616,0.0,5.543,45.643245
2025-02-25 19:00:00,0.0,0.0,24.862,0.0,5.629,47.636067000000004
2025-02-25 20:00:00,0.0,0.0,24.346,0.0,5.998,57.885428
2025-02-25 21:00:00,0.0,0.0,24.075,0.0,6.333,68.34072599999999
2025-02-25 22:00:00,0.0,0.0,23.913,0.0,6.493,73.566292
2025-02-25 23:00:00,0.0,0.0,23.767,0.0,6.553,75.372406
2025-02-26 00:00:00,0.0,0.0,23.638,0.0,6.356,68.98895200000001
2025-02-26 01:00:00,0.0,0.0,23.509,0.0,6.019,58.52001
2025-02-26 02:00:00,0.0,0.0,23.444,0.0,5.556,45.981044000000004
2025-02-26 03:00:00,0.0,0.0,23.363,0.0,5.204,37.347714999999994
2025-02-26 04:00:00,0.0,0.0,23.276,0.0,5.183,36.733703
2025-02-26 05:00:00,0.0,0.0,23.145,0.0,5.306,39.804468
2025-02-26 06:00:00,0.039,0.011,23.208,22.571960999999998,5.625,47.546239
2025-02-26 07:00:00,0.401,0.084,24.571,343.70995899999997,5.659,48.432579
2025-02-26 08:00:00,0.672,0.132,25.887,541.65606,6.734,81.929048
2025-02-26 09:00:00,0.79,0.15,27.103,613.72491,7.223,99.587182
2025-02-26 10:00:00,0.795,0.168,28.063,622.691557,7.355,104.923224
2025-02-26 11:00:00,0.725,0.201,28.691,601.186524,7.129,96.045617
2025-02-26 12:00:00,0.631,0.241,28.991,571.607323,6.833,85.329594
2025-02-26 13:00:00,0.515,0.276,29.04,525.293825,6.573,76.110001
2025-02-26 14:00:00,0.40700000000000003,0.275,28.869,461.821006,6.44,71.905148
2025-02-26 15:00:00,0.311,0.233,28.498,375.842876,6.395,70.13663700000001
2025-02-26 16:00:00,0.17400000000000002,0.158,27.829,231.655437,6.417,71.08377300000001
2025-02-26 17:00:00,0.06,0.059000000000000004,26.807,73.330879,6.42,71.23048399999999
2025-02-26 18:00:00,0.003,0.002,25.563,0.0,6.894,87.497406
2025-02-26 19:00:00,0.0,0.0,25.024,0.0,6.964,90.05697900000001
2025-02-26 20:00:00,0.0,0.0,24.679,0.0,6.589,76.605617
2025-02-26 21:00:00,0.0,0.0,24.449,0.0,6.693,80.37953599999999
2025-02-26 22:00:00,0.0,0.0,24.249,0.0,6.389,69.93972500000001
2025-02-26 23:00:00,0.0,0.0,24.075,0.0,6.371,69.623141
2025-02-27 00:00:00,0.0,0.0,23.923000000000002,0.0,6.239,65.46606799999999
2025-02-27 01:00:00,0.0,0.0,23.769,0.0,6.25,65.504315
2025-02-27 02:00:00,0.0,0.0,23.643,0.0,6.294,66.892403
2025-02-27 03:00:00,0.0,0.0,23.477,0.0,5.768,51.373642
2025-02-27 04:00:00,0.0,0.0,23.335,0.0,5.433,42.649169
2025-02-27 05:00:00,0.0,0.0,23.295,0.0,5.815,52.658865
2025-02-27 06:00:00,0.048,0.011,23.507,28.7814,5.548,45.778962
2025-02-27 07:00:00,0.454,0.081,25.009,376.82091499999996,4.862,29.880095
2025-02-27 08:00:00,0.6930000000000001,0.126,26.504,548.4570379999999,6.168,63.18303
2025-02-27 09:00:00,0.833,0.137,27.836,627.17786,6.527,74.481826
2025-02-27 10:00:00,0.859,0.14200000000000002,28.887,640.1411899999999,6.671,79.679758
2025-02-27 11:00:00,0.871,0.14100000000000001,29.689,642.598336,6.747,82.356594
2025-02-27 12:00:00,0.842,0.147,30.143,629.53834,6.818,84.574095
2025-02-27 13:00:00,0.802,0.155,30.314,612.2908100000001,6.848,85.891459
2025-02-27 14:00:00,0.6980000000000001,0.17200000000000001,30.117,566.70217,6.865,86.426791
2025-02-27 15:00:00,0.518,0.183,29.501,471.640518,6.992,91.16118300000001
2025-02-27 16:00:00,0.245,0.151,28.505,275.537705,7.185,98.355667
2025-02-27 17:00:00,0.092,0.062,27.341,99.696193,7.11,95.29121099999999
2025-02-27 18:00:00,0.003,0.002,26.127,0.0,7.417,107.449701
2025-02-27 19:00:00,0.0,0.0,25.445,0.0,7.404,106.896531
2025-02-27 20:00:00,0.0,0.0,25.019,0.0,7.415,107.307225
2025-02-27 21:00:00,0.0,0.0,24.784,0.0,7.639,116.510904
2025-02-27 22:00:00,0.0,0.0,24.633,0.0,7.499,110.494611
2025-02-27 23:00:00,0.0,0.0,24.53,0.0,7.704,118.78314900000001
2025-02-28 00:00:00,0.0,0.0,24.4,0.0,7.361,104.986863
2025-02-28 01:00:00,0.0,0.0,24.252,0.0,7.475,109.50083500000001
2025-02-28 02:00:00,0.0,0.0,24.14,0.0,7.612,115.122031
2025-02-28 03:00:00,0.0,0.0,24.089,0.0,8.077,134.73195
2025-02-28 04:00:00,0.0,0.0,23.978,0.0,7.636,116.239786
2025-02-28 05:00:00,0.0,0.0,23.867,0.0,7.378,105.717759
2025-02-28 06:00:00,0.03,0.01,23.975,15.36059,7.599,114.824795
2025-02-28 07:00:00,0.314,0.08600000000000001,25.062,283.21315899999996,6.957,89.841563
2025-02-28 08:00:00,0.5670000000000001,0.14300000000000002,26.206,485.165594,8.518,153.453138
2025-02-28 09:00:00,0.756,0.156,27.314,598.050506,9.103,178.646894
2025-02-28 10:00:00,0.755,0.177,28.167,605.888731,9.193,182.765856
2025-02-28 11:00:00,0.734,0.194,28.758,602.0150500000001,9.102,178.586972
2025-02-28 12:00:00,0.718,0.2,29.067,596.066148,8.965,172.70853599999998
2025-02-28 13:00:00,0.6980000000000001,0.197,29.13,583.5805600000001,8.861,168.23619699999998
2025-02-28 14:00:00,0.657,0.188,28.923000000000002,556.6784640000001,8.768,164.284063
2025-02-28 15:00:00,0.553,0.17500000000000002,28.441,490.94557299999997,8.677,160.38498499999997
2025-02-28 16:00:00,0.38,0.14,27.685,362.10371000000004,8.35,146.527865
2025-02-28 17:00:00,0.124,0.065,26.541,126.102255,7.83,124.39865300000001
2025-02-28 18:00:00,0.004,0.002,25.195,0.0,8.04,132.869741
2025-02-28 19:00:00,0.0,0.0,24.513,0.0,7.853,125.244981
2025-02-28 20:00:00,0.0,0.0,24.103,0.0,8.038,132.835004
2025-02-28 21:00:00,0.0,0.0,23.827,0.0,8.273,142.94601699999998
2025-02-28 22:00:00,0.0,0.0,23.645,0.0,8.486,152.270072
2025-02-28 23:00:00,0.0,0.0,23.479,0.0,8.819,166.387675
2025-03-01 00:00:00,0.0,0.0,23.352,0.0,8.858,168.08595300000002
2025-03-01 01:00:00,0.0,0.0,23.244,0.0,8.914,170.653109
2025-03-01 02:00:00,0.0,0.0,23.156,0.0,8.466,151.137249
2025-03-01 03:00:00,0.0,0.0,23.056,0.0,8.096,135.484504
2025-03-01 04:00:00,0.0,0.0,23.023,0.0,8.075,134.518204
2025-03-01 05:00:00,0.0,0.0,23.052,0.0,8.179,138.802205
2025-03-01 06:00:00,0.008,0.007,23.163,0.0,7.997,131.139334
2025-03-01 07:00:00,0.10400000000000001,0.079,24.171,123.55716199999999,6.901,87.54745600000001
2025-03-01 08:00:00,0.366,0.168,25.416,375.49965999999995,7.7219999999999995,119.542989
2025-03-01 09:00:00,0.668,0.179,26.748,564.218142,8.505,153.05655199999998
2025-03-01 10:00:00,0.755,0.18,27.786,608.5431130000001,8.307,144.38090100000002
2025-03-01 11:00:00,0.8130000000000001,0.168,28.56,630.902863,8.076,134.630261
2025-03-01 12:00:00,0.799,0.171,29.079,623.235579,7.9,127.294583
2025-03-01 13:00:00,0.722,0.191,29.198,592.73528,7.936,128.427622
2025-03-01 14:00:00,0.632,0.2,29.018,548.706739,7.978,130.22799700000002
2025-03-01 15:00:00,0.509,0.189,28.562,472.504139,7.881,126.14417999999999
2025-03-01 16:00:00,0.327,0.148,27.811,331.35891399999997,7.328,103.942819
2025-03-01 17:00:00,0.139,0.067,26.722,139.354085,6.771,82.885833
2025-03-01 18:00:00,0.004,0.002,25.283,0.0,7.167,97.724167
2025-03-01 19:00:00,0.0,0.0,24.639,0.0,7.282,102.177807
2025-03-01 20:00:00,0.0,0.0,24.202,0.0,7.689,118.18634399999999
2025-03-01 21:00:00,0.0,0.0,23.882,0.0,7.774,121.808269
2025-03-01 22:00:00,0.0,0.0,23.601,0.0,7.783,122.329206
2025-03-01 23:00:00,0.0,0.0,23.395,0.0,7.7,118.62136199999999
2025-03-02 00:00:00,0.0,0.0,23.211,0.0,7.739,120.558673
2025-03-02 01:00:00,0.0,0.0,23.1,0.0,7.599,114.813617
2025-03-02 02:00:00,0.0,0.0,23.01,0.0,7.54,112.10467999999999
2025-03-02 03:00:00,0.0,0.0,22.922,0.0,7.501,110.591952
2025-03-02 04:00:00,0.0,0.0,22.813,0.0,7.176,97.94395
2025-03-02 05:00:00,0.0,0.0,22.732,0.0,7.433,107.939333
2025-03-02 06:00:00,0.027,0.011,22.825,13.638365,7.189,98.588639
2025-03-02 07:00:00,0.201,0.088,23.96,204.496519,6.046,59.460266000000004
2025-03-02 08:00:00,0.401,0.168,25.216,398.231401,7.195,98.707004
2025-03-02 09:00:00,0.651,0.187,26.567,559.2520840000001,7.979,130.257357
2025-03-02 10:00:00,0.735,0.193,27.712,605.495537,7.997,131.138651
2025-03-02 11:00:00,0.7030000000000001,0.217,28.515,598.875023,8.091,135.068307
2025-03-02 12:00:00,0.629,0.25,28.983,575.1066509999999,8.312,144.548405
2025-03-02 13:00:00,0.533,0.277,29.054,536.245071,8.58,156.478748
2025-03-02 14:00:00,0.40800000000000003,0.28500000000000003,28.781,469.183599,8.709,161.986685
2025-03-02 15:00:00,0.19,0.253,28.041,308.853492,8.448,150.42462899999998
2025-03-02 16:00:00,0.096,0.155,27.122,172.938859,7.84,124.421279
2025-03-02 17:00:00,0.053,0.06,26.154,69.025412,7.19,98.697144
2025-03-02 18:00:00,0.002,0.002,25.023,0.0,7.013,91.90484
2025-03-02 19:00:00,0.0,0.0,24.393,0.0,6.691,80.3758
2025-03-02 20:00:00,0.0,0.0,24.062,0.0,6.861,86.16110400000001
2025-03-02 21:00:00,0.0,0.0,23.808,0.0,6.925,88.592274
2025-03-02 22:00:00,0.0,0.0,23.595,0.0,7.098,95.15830100000001
2025-03-02 23:00:00,0.0,0.0,23.446,0.0,7.728,119.756227
2025-03-03 00:00:00,0.0,0.0,23.357,0.0,7.909,127.349333
2025-03-03 01:00:00,0.0,0.0,23.234,0.0,8.089,134.96012299999998
2025-03-03 02:00:00,0.0,0.0,23.057,0.0,7.775,121.911435
2025-03-03 03:00:00,0.0,0.0,22.85,0.0,7.458,108.797289
2025-03-03 04:00:00,0.0,0.0,22.73,0.0,7.958,129.385178
2025-03-03 05:00:00,0.0,0.0,22.728,0.0,8.057,133.681995
2025-03-03 06:00:00,0.038,0.011,22.816,21.318317,7.869,125.96869899999999
2025-03-03 07:00:00,0.39,0.083,23.912,336.475019,6.93,88.633762
2025-03-03 08:00:00,0.653,0.128,25.201,529.962453,8.285,143.517345
2025-03-03 09:00:00,0.872,0.126,26.581,645.768846,8.587,156.484833
2025-03-03 10:00:00,0.927,0.12,27.73,666.978943,8.393,148.04704800000002
2025-03-03 11:00:00,0.9400000000000001,0.114,28.563,667.4100699999999,8.224,140.68658499999998
2025-03-03 12:00:00,0.916,0.116,29.035,655.040673,8.041,132.948986
2025-03-03 13:00:00,0.895,0.11800000000000001,29.21,644.5484819999999,7.923,128.179962
2025-03-03 14:00:00,0.852,0.121,29.082,624.611858,7.835,124.41341800000001
2025-03-03 15:00:00,0.771,0.12,28.639,582.3516999999999,7.731,119.95174800000001
2025-03-03 16:00:00,0.606,0.106,27.864,482.44721999999996,7.447,108.49097400000001
2025-03-03 17:00:00,0.306,0.062,26.631,258.800097,6.889,87.39120600000001
2025-03-03 18:00:00,0.007,0.003,24.959,0.0,6.88,86.785877
2025-03-03 19:00:00,0.0,0.0,24.067,0.0,6.861,86.158495
2025-03-03 20:00:00,0.0,0.0,23.467,0.0,7.075,94.123517
2025-03-03 21:00:00,0.0,0.0,23.028,0.0,7.462,108.95867
2025-03-03 22:00:00,0.0,0.0,22.81,0.0,7.702,118.706825
2025-03-03 23:00:00,0.0,0.0,22.743,0.0,7.877,126.088752
2025-03-04 00:00:00,0.0,0.0,22.66,0.0,8.015,131.983054
2025-03-04 01:00:00,0.0,0.0,22.574,0.0,8.312,144.557802
2025-03-04 02:00:00,0.0,0.0,22.547,0.0,8.352,146.529699
2025-03-04 03:00:00,0.0,0.0,22.471,0.0,8.146,137.62664900000001
2025-03-04 04:00:00,0.0,0.0,22.346,0.0,7.964,129.614385
2025-03-04 05:00:00,0.0,0.0,22.195,0.0,7.7620000000000005,121.498431
2025-03-04 06:00:00,0.069,0.012,22.214,45.12407,7.57,113.33021799999999
2025-03-04 07:00:00,0.616,0.075,23.427,480.12698700000004,6.441,71.907728
2025-03-04 08:00:00,0.779,0.111,24.756,594.097684,7.136,96.473225
2025-03-04 09:00:00,0.905,0.11800000000000001,26.215,659.7305110000001,7.333,104.134067
2025-03-04 10:00:00,0.9540000000000001,0.112,27.573,677.154532,7.153,97.174304
2025-03-04 11:00:00,0.9530000000000001,0.109,28.603,671.367135,6.966,90.062039
2025-03-04 12:00:00,0.936,0.109,29.193,661.1238569999999,6.693,80.379409
2025-03-04 13:00:00,0.907,0.113,29.421,647.863995,6.359,68.993757
2025-03-04 14:00:00,0.858,0.11900000000000001,29.363,626.079836,5.996,57.831769
2025-03-04 15:00:00,0.751,0.125,28.939,573.6436110000001,5.702,49.822837
2025-03-04 16:00:00,0.441,0.126,28.066,392.019715,5.598,46.844592
2025-03-04 17:00:00,0.234,0.064,26.886,207.716665,5.846,53.531157
2025-03-04 18:00:00,0.008,0.003,25.248,0.0,6.517,74.154628
2025-03-04 19:00:00,0.0,0.0,24.389,0.0,6.532,74.664372
2025-03-04 20:00:00,0.0,0.0,23.852,0.0,6.426,71.259784
2025-03-04 21:00:00,0.0,0.0,23.449,0.0,6.458,72.463924
2025-03-04 22:00:00,0.0,0.0,23.108,0.0,6.34,68.353361
2025-03-04 23:00:00,0.0,0.0,22.898,0.0,6.104,61.190707
2025-03-05 00:00:00,0.0,0.0,22.759,0.0,6.157,62.639438999999996
2025-03-05 01:00:00,0.0,0.0,22.693,0.0,6.501,73.62491499999999
2025-03-05 02:00:00,0.0,0.0,22.617,0.0,6.714,81.079647
2025-03-05 03:00:00,0.0,0.0,22.487,0.0,6.433,71.436996
2025-03-05 04:00:00,0.0,0.0,22.309,0.0,6.281,66.463479
2025-03-05 05:00:00,0.0,0.0,22.099,0.0,5.76,51.154724
2025-03-05 06:00:00,0.069,0.012,22.104,45.672748,5.566,46.235153
2025-03-05 07:00:00,0.625,0.074,23.511,484.87713199999996,4.828,29.176252
2025-03-05 08:00:00,0.8170000000000001,0.106,24.882,611.098015,5.661,48.484201
2025-03-05 09:00:00,0.9410000000000001,0.109,26.354,673.657853,6.033,59.096790999999996
2025-03-05 10:00:00,0.971,0.106,27.597,682.3533739999999,5.929,55.871609
2025-03-05 11:00:00,0.976,0.1,28.604,678.418458,5.622,47.459160000000004
2025-03-05 12:00:00,0.965,0.098,29.264,669.578255,5.275,38.95999
2025-03-05 13:00:00,0.9400000000000001,0.101,29.576,657.755053,5.105,34.988037
2025-03-05 14:00:00,0.893,0.108,29.518,637.7347090000001,5.024,33.313002
2025-03-05 15:00:00,0.8140000000000001,0.109,29.107,598.611421,5.017,33.091926
2025-03-05 16:00:00,0.659,0.098,28.289,508.088994,5.27,38.759944000000004
2025-03-05 17:00:00,0.334,0.06,26.919,277.172722,5.459,43.532886
2025-03-05 18:00:00,0.01,0.003,24.986,0.0,5.791,52.253031
2025-03-05 19:00:00,0.0,0.0,24.087,0.0,6.046,59.430465
2025-03-05 20:00:00,0.0,0.0,23.412,0.0,6.122,61.575632
2025-03-05 21:00:00,0.0,0.0,22.807,0.0,6.159,62.680510999999996
2025-03-05 22:00:00,0.0,0.0,22.347,0.0,6.378,69.637235
2025-03-05 23:00:00,0.0,0.0,22.0,0.0,6.589,76.60567900000001
2025-03-06 00:00:00,0.0,0.0,21.717,0.0,6.511,73.947307
2025-03-06 01:00:00,0.0,0.0,21.444,0.0,6.127,61.729991999999996
2025-03-06 02:00:00,0.0,0.0,21.229,0.0,5.724,50.16757
2025-03-06 03:00:00,0.0,0.0,21.053,0.0,5.675,48.852417
2025-03-06 04:00:00,0.0,0.0,20.925,0.0,6.163,62.885796
2025-03-06 05:00:00,0.0,0.0,20.887,0.0,6.649,78.61604200000001
2025-03-06 06:00:00,0.078,0.012,21.127,52.649136,6.759,82.780599
2025-03-06 07:00:00,0.577,0.076,23.097,457.212985,6.047,59.537244
2025-03-06 08:00:00,0.743,0.115,24.938,575.074482,6.051,59.68678
2025-03-06 09:00:00,0.923,0.114,26.583,666.1918390000001,6.5969999999999995,77.045939
2025-03-06 10:00:00,0.964,0.109,27.712,680.1277879999999,6.381,69.66498299999999
2025-03-06 11:00:00,0.9580000000000001,0.107,28.504,673.2302219999999,6.254,65.766669
2025-03-06 12:00:00,0.934,0.109,29.017,660.574833,6.081,60.582809999999995
2025-03-06 13:00:00,0.925,0.108,29.309,654.397368,5.8870000000000005,54.676881
2025-03-06 14:00:00,0.883,0.112,29.371,635.22214,5.767,51.338089999999994
2025-03-06 15:00:00,0.804,0.113,29.062,595.4736,5.715,50.05337
2025-03-06 16:00:00,0.603,0.107,28.308,480.37104999999997,5.551,45.84723
2025-03-06 17:00:00,0.23500000000000001,0.064,27.101,208.746113,5.556,45.990065
2025-03-06 18:00:00,0.007,0.003,25.487,0.0,6.338,68.35097400000001
2025-03-06 19:00:00,0.0,0.0,24.717,0.0,6.414,70.886589
2025-03-06 20:00:00,0.0,0.0,24.214,0.0,6.422,71.25161800000001
2025-03-06 21:00:00,0.0,0.0,23.798000000000002,0.0,6.5120000000000005,73.97705400000001
2025-03-06 22:00:00,0.0,0.0,23.359,0.0,6.59,76.638674
2025-03-06 23:00:00,0.0,0.0,22.997,0.0,6.571,75.963042
2025-03-07 00:00:00,0.0,0.0,22.742,0.0,6.626,77.96531900000001
2025-03-07 01:00:00,0.0,0.0,22.688,0.0,6.31,67.39256900000001
2025-03-07 02:00:00,0.0,0.0,22.664,0.0,6.293,66.865042
2025-03-07 03:00:00,0.0,0.0,22.624,0.0,6.454,72.189207
2025-03-07 04:00:00,0.0,0.0,22.554,0.0,6.555,75.424874
2025-03-07 05:00:00,0.0,0.0,22.484,0.0,6.588,76.604057
2025-03-07 06:00:00,0.056,0.012,22.62,35.854053,6.569,75.8984
2025-03-07 07:00:00,0.431,0.084,24.169,364.47512,5.708,49.98414
2025-03-07 08:00:00,0.64,0.132,25.672,523.477082,7.21,99.091382
2025-03-07 09:00:00,0.8200000000000001,0.139,27.031,623.718302,7.798,122.66448299999999
2025-03-07 10:00:00,0.862,0.14100000000000001,28.073,643.463974,7.788,122.337002
2025-03-07 11:00:00,0.871,0.14,28.844,644.966228,7.616,115.394744
2025-03-07 12:00:00,0.865,0.139,29.313,640.056186,7.448,108.492767
2025-03-07 13:00:00,0.847,0.139,29.505,630.1711720000001,7.384,106.03769899999999
2025-03-07 14:00:00,0.787,0.145,29.368,602.409188,7.478,109.625688
2025-03-07 15:00:00,0.657,0.151,28.932,535.5766580000001,7.557,112.791679
2025-03-07 16:00:00,0.385,0.138,28.081,362.736321,7.386,106.19427099999999
2025-03-07 17:00:00,0.189,0.067,26.901,176.94912200000002,7.146,97.029267
2025-03-07 18:00:00,0.007,0.003,25.377,0.0,7.34,104.178338
2025-03-07 19:00:00,0.0,0.0,24.741,0.0,7.325,103.734111
2025-03-07 20:00:00,0.0,0.0,24.355,0.0,7.153,97.173152
2025-03-07 21:00:00,0.0,0.0,24.043,0.0,6.782,83.260217
2025-03-07 22:00:00,0.0,0.0,23.728,0.0,6.164,62.93972
2025-03-07 23:00:00,0.0,0.0,23.433,0.0,5.96,57.04786
2025-03-08 00:00:00,0.0,0.0,23.217,0.0,5.993,57.729881
2025-03-08 01:00:00,0.0,0.0,23.092,0.0,6.312,67.445726
2025-03-08 02:00:00,0.0,0.0,23.0,0.0,6.409,70.589446
2025-03-08 03:00:00,0.0,0.0,22.982,0.0,6.681,79.74572599999999
2025-03-08 04:00:00,0.0,0.0,22.938,0.0,6.556,75.44727499999999
2025-03-08 05:00:00,0.0,0.0,22.923000000000002,0.0,6.312,67.462463
2025-03-08 06:00:00,0.043000000000000003,0.012,23.135,26.093614000000002,6.342,68.508299
2025-03-08 07:00:00,0.376,0.089,24.71,329.358405,5.072,34.433436
2025-03-08 08:00:00,0.626,0.14,26.259,518.369021,6.502,73.650615
2025-03-08 09:00:00,0.712,0.168,27.53,580.259774,6.855,86.054097
2025-03-08 10:00:00,0.77,0.178,28.588,613.529242,6.712,81.076043
2025-03-08 11:00:00,0.732,0.202,29.362,603.304312,6.533,74.689309
2025-03-08 12:00:00,0.678,0.226,29.828,585.9488590000001,6.348,68.827494
2025-03-08 13:00:00,0.606,0.244,29.956,556.143169,6.17,63.314375999999996
2025-03-08 14:00:00,0.505,0.252,29.805,504.11979599999995,5.991,57.66695
2025-03-08 15:00:00,0.251,0.245,29.188,343.329364,5.837,53.266495000000006
2025-03-08 16:00:00,0.147,0.162,28.408,213.864438,5.735,50.460557
2025-03-08 17:00:00,0.066,0.063,27.36,80.713679,5.817,52.721303
2025-03-08 18:00:00,0.004,0.003,26.001,0.0,6.378,69.637235
2025-03-08 19:00:00,0.0,0.0,25.278,0.0,6.521,74.268328
2025-03-08 20:00:00,0.0,0.0,24.725,0.0,6.689,80.309727
2025-03-08 21:00:00,0.0,0.0,24.219,0.0,6.638,78.24499300000001
2025-03-08 22:00:00,0.0,0.0,23.803,0.0,6.407,70.505021
2025-03-08 23:00:00,0.0,0.0,23.515,0.0,6.191,63.931958
2025-03-09 00:00:00,0.0,0.0,23.318,0.0,5.989,57.64013
2025-03-09 01:00:00,0.0,0.0,23.165,0.0,6.219,64.567785
2025-03-09 02:00:00,0.0,0.0,23.105,0.0,6.434,71.54032099999999
2025-03-09 03:00:00,0.0,0.0,23.014,0.0,6.6129999999999995,77.469335
2025-03-09 04:00:00,0.0,0.0,22.903,0.0,6.618,77.814544
2025-03-09 05:00:00,0.0,0.0,22.78,0.0,6.461,72.56613499999999
2025-03-09 06:00:00,0.052000000000000005,0.013000000000000001,22.902,33.492858,6.212,64.552792
2025-03-09 07:00:00,0.401,0.08700000000000001,24.477,345.984755,5.202,37.343999000000004
2025-03-09 08:00:00,0.604,0.14,26.03,506.450217,6.587,76.601478
2025-03-09 09:00:00,0.77,0.154,27.358,604.136115,6.916,88.30556200000001
2025-03-09 10:00:00,0.8320000000000001,0.156,28.472,634.515488,6.704,80.69501799999999
2025-03-09 11:00:00,0.8280000000000001,0.163,29.339,633.2114869999999,6.639,78.29198699999999
2025-03-09 12:00:00,0.769,0.185,29.841,612.4948149999999,6.59,76.60770600000001
2025-03-09 13:00:00,0.673,0.213,29.982,576.071621,6.429,71.26650500000001
2025-03-09 14:00:00,0.5670000000000001,0.225,29.788,524.139452,6.352,68.98020600000001
2025-03-09 15:00:00,0.434,0.212,29.278,438.46030699999994,6.382,69.714926
2025-03-09 16:00:00,0.203,0.16,28.385,253.100421,6.4030000000000005,70.373477
2025-03-09 17:00:00,0.066,0.063,27.241,80.76228599999999,6.574,76.221435
2025-03-09 18:00:00,0.002,0.002,25.941,0.0,7.053,93.147103
2025-03-09 19:00:00,0.0,0.0,25.294,0.0,6.954,89.59778
2025-03-09 20:00:00,0.0,0.0,24.877,0.0,6.703,80.586943
2025-03-09 21:00:00,0.0,0.0,24.569,0.0,6.147,62.332671000000005
2025-03-09 22:00:00,0.0,0.0,24.283,0.0,5.545,45.706396999999996
2025-03-09 23:00:00,0.0,0.0,24.042,0.0,5.128,35.513449
2025-03-10 00:00:00,0.0,0.0,23.862,0.0,5.313,39.985728
2025-03-10 01:00:00,0.0,0.0,23.699,0.0,5.346,40.537006999999996
2025-03-10 02:00:00,0.0,0.0,23.553,0.0,5.486,43.969267
2025-03-10 03:00:00,0.0,0.0,23.403,0.0,5.539,45.557017
2025-03-10 04:00:00,0.0,0.0,23.228,0.0,5.648,48.138313000000004
2025-03-10 05:00:00,0.0,0.0,23.115,0.0,5.84,53.344913
2025-03-10 06:00:00,0.037,0.012,23.235,21.801645,5.812,52.58142
2025-03-10 07:00:00,0.311,0.091,24.547,285.693837,5.052,34.042108999999996
2025-03-10 08:00:00,0.557,0.149,26.049,483.214603,6.472,72.703306
2025-03-10 09:00:00,0.762,0.159,27.519,602.2120010000001,6.922,88.587233
2025-03-10 10:00:00,0.784,0.17300000000000001,28.634,617.702569,7.015,91.909907
2025-03-10 11:00:00,0.798,0.177,29.384,624.921976,6.949,89.332881
2025-03-10 12:00:00,0.777,0.186,29.824,616.8966899999999,6.885,87.114324
2025-03-10 13:00:00,0.6930000000000001,0.21,29.954,585.228031,6.9,87.525367
2025-03-10 14:00:00,0.525,0.244,29.729,511.47049699999997,6.918,88.458253
2025-03-10 15:00:00,0.293,0.243,29.079,369.594187,6.964,90.058707
2025-03-10 16:00:00,0.111,0.158,28.165,185.033681,6.801,83.966705
2025-03-10 17:00:00,0.044,0.059000000000000004,27.12,60.909922,6.414,70.873767
2025-03-10 18:00:00,0.002,0.002,25.931,0.0,6.659,78.983696
2025-03-10 19:00:00,0.0,0.0,25.293,0.0,6.489,73.530168
2025-03-10 20:00:00,0.0,0.0,24.839,0.0,6.214,64.55654200000001
2025-03-10 21:00:00,0.0,0.0,24.432,0.0,6.068,59.929714
2025-03-10 22:00:00,0.0,0.0,24.079,0.0,6.053,59.690201
2025-03-10 23:00:00,0.0,0.0,23.809,0.0,5.882,54.551556
2025-03-11 00:00:00,0.0,0.0,23.618,0.0,5.7219999999999995,50.119028
2025-03-11 01:00:00,0.0,0.0,23.458,0.0,5.79,52.219703
2025-03-11 02:00:00,0.0,0.0,23.335,0.0,5.787,52.145936
2025-03-11 03:00:00,0.0,0.0,23.217,0.0,5.976,57.503611
2025-03-11 04:00:00,0.0,0.0,23.099,0.0,6.105,61.191858
2025-03-11 05:00:00,0.0,0.0,23.048,0.0,6.515,74.073581
2025-03-11 06:00:00,0.039,0.012,23.215,23.308336,6.853,86.049037
2025-03-11 07:00:00,0.337,0.08700000000000001,24.548000000000002,301.32349800000003,6.139,62.085582
2025-03-11 08:00:00,0.5700000000000001,0.14,25.97,486.070554,8.16,137.94773800000002
2025-03-11 09:00:00,0.806,0.14,27.316,616.529931,8.869,168.558154
2025-03-11 10:00:00,0.896,0.13,28.444,654.0903199999999,9.047,176.535041
2025-03-11 11:00:00,0.911,0.126,29.224,656.544522,9.014,175.069825
2025-03-11 12:00:00,0.902,0.125,29.672,650.4461090000001,8.791,165.212086
2025-03-11 13:00:00,0.876,0.129,29.826,638.437131,8.625,158.02266699999998
2025-03-11 14:00:00,0.8320000000000001,0.132,29.692,617.7449620000001,8.574,156.227883
2025-03-11 15:00:00,0.738,0.131,29.216,568.938509,8.579,156.424779
2025-03-11 16:00:00,0.591,0.112,28.453,475.827242,8.477,151.613696
2025-03-11 17:00:00,0.307,0.065,27.273,261.221784,7.924,128.182422
2025-03-11 18:00:00,0.009000000000000001,0.003,25.689,0.0,7.817,123.462841
2025-03-11 19:00:00,0.0,0.0,25.03,0.0,7.61,114.951087
2025-03-11 20:00:00,0.0,0.0,24.617,0.0,7.231,99.92216099999999
2025-03-11 21:00:00,0.0,0.0,24.246,0.0,6.814,84.398091
2025-03-11 22:00:00,0.0,0.0,23.972,0.0,6.303,67.184168
2025-03-11 23:00:00,0.0,0.0,23.748,0.0,5.87,54.214031999999996
2025-03-12 00:00:00,0.0,0.0,23.63,0.0,5.389,41.570977
2025-03-12 01:00:00,0.0,0.0,23.507,0.0,5.141,35.802386
2025-03-12 02:00:00,0.0,0.0,23.383,0.0,5.101,34.910322
2025-03-12 03:00:00,0.0,0.0,23.293,0.0,5.11,35.100089
2025-03-12 04:00:00,0.0,0.0,23.217,0.0,5.212,37.409088000000004
2025-03-12 05:00:00,0.0,0.0,23.135,0.0,5.333,40.242622000000004
2025-03-12 06:00:00,0.016,0.01,23.195,6.322572,5.333,40.243202
2025-03-12 07:00:00,0.135,0.08700000000000001,24.314,153.08594,4.552,23.938734
2025-03-12 08:00:00,0.378,0.169,25.823,382.830062,5.997,57.840819
2025-03-12 09:00:00,0.683,0.17500000000000002,27.27,568.28234,6.671,79.68081600000001
2025-03-12 10:00:00,0.811,0.162,28.483,626.362395,6.418,71.11596300000001
2025-03-12 11:00:00,0.867,0.148,29.465,645.0971010000001,6.093,60.756585
2025-03-12 12:00:00,0.864,0.147,30.112,640.744755,5.841,53.391417000000004
2025-03-12 13:00:00,0.8180000000000001,0.157,30.395,621.15689,5.582,46.611007
2025-03-12 14:00:00,0.743,0.167,30.344,587.4742,5.358,40.840777
2025-03-12 15:00:00,0.5730000000000001,0.177,29.859,500.080207,5.254,38.372271
2025-03-12 16:00:00,0.334,0.15,28.995,335.168073,5.484,43.934307000000004
2025-03-12 17:00:00,0.153,0.07,27.773,151.773991,5.679,48.957268
2025-03-12 18:00:00,0.006,0.003,26.192,0.0,6.4030000000000005,70.396097
2025-03-12 19:00:00,0.0,0.0,25.415,0.0,6.572,76.06293799999999
2025-03-12 20:00:00,0.0,0.0,24.81,0.0,6.416,70.964726
2025-03-12 21:00:00,0.0,0.0,24.272,0.0,6.245,65.494751
2025-03-12 22:00:00,0.0,0.0,23.809,0.0,6.008,58.410368999999996
2025-03-12 23:00:00,0.0,0.0,23.432,0.0,5.829,53.061766000000006
2025-03-13 00:00:00,0.0,0.0,23.135,0.0,5.791,52.242271
2025-03-13 01:00:00,0.0,0.0,23.039,0.0,6.149,62.392758
2025-03-13 02:00:00,0.0,0.0,22.979,0.0,6.305,67.229995
2025-03-13 03:00:00,0.0,0.0,22.901,0.0,6.426,71.25975199999999
2025-03-13 04:00:00,0.0,0.0,22.8,0.0,6.07,60.001149
2025-03-13 05:00:00,0.0,0.0,22.749,0.0,6.48,73.227927
2025-03-13 06:00:00,0.052000000000000005,0.013000000000000001,23.015,33.721828,6.16,62.72008
2025-03-13 07:00:00,0.406,0.08600000000000001,24.55,348.536829,5.549,45.817934
2025-03-13 08:00:00,0.685,0.127,26.17,545.4357610000001,7.162,97.347893
2025-03-13 09:00:00,0.8230000000000001,0.136,27.65,621.777403,7.423,107.68705800000001
2025-03-13 10:00:00,0.907,0.128,28.916,656.770968,7.227,99.769965
2025-03-13 11:00:00,0.924,0.122,29.824,659.57591,6.952,89.443853
2025-03-13 12:00:00,0.907,0.125,30.344,650.4580259999999,6.724,81.36321799999999
2025-03-13 13:00:00,0.873,0.131,30.59,635.5346139999999,6.603,77.274658
2025-03-13 14:00:00,0.8230000000000001,0.136,30.504,612.6910359999999,6.616,77.66391
2025-03-13 15:00:00,0.714,0.14,30.074,558.154733,6.803,84.025347
2025-03-13 16:00:00,0.421,0.136,29.139,383.56958299999997,7.199,98.713989
2025-03-13 17:00:00,0.162,0.069,27.807,156.710997,7.342,104.295597
2025-03-13 18:00:00,0.007,0.003,26.303,0.0,7.749,120.68198
2025-03-13 19:00:00,0.0,0.0,25.518,0.0,7.776,121.99767200000001
2025-03-13 20:00:00,0.0,0.0,24.908,0.0,7.458,108.81845600000001
2025-03-13 21:00:00,0.0,0.0,24.455,0.0,7.013,91.905593
2025-03-13 22:00:00,0.0,0.0,24.121,0.0,6.51,73.926758
2025-03-13 23:00:00,0.0,0.0,23.879,0.0,5.946,56.505769
2025-03-14 00:00:00,0.0,0.0,23.631,0.0,5.405,41.977145
2025-03-14 01:00:00,0.0,0.0,23.419,0.0,5.573,46.422586
2025-03-14 02:00:00,0.0,0.0,23.368,0.0,5.684,49.092055
2025-03-14 03:00:00,0.0,0.0,23.37,0.0,6.038,59.107845000000005
2025-03-14 04:00:00,0.0,0.0,23.369,0.0,6.1,61.183064
2025-03-14 05:00:00,0.0,0.0,23.345,0.0,6.322,67.814453
2025-03-14 06:00:00,0.056,0.013000000000000001,23.54,36.636753,6.418,71.12257000000001
2025-03-14 07:00:00,0.446,0.085,25.04,373.88554,6.001,58.008430999999995
2025-03-14 08:00:00,0.766,0.117,26.604,584.1682,7.568,113.238666
2025-03-14 09:00:00,0.863,0.128,27.993,637.362243,7.95,129.052045
2025-03-14 10:00:00,0.894,0.131,29.07,651.569892,7.705,118.83427400000001
2025-03-14 11:00:00,0.904,0.129,29.897,652.9053100000001,7.248,100.638979
2025-03-14 12:00:00,0.895,0.131,30.432,646.760797,6.868,86.618746
2025-03-14 13:00:00,0.838,0.14400000000000002,30.607,624.402324,6.393,70.06479300000001
2025-03-14 14:00:00,0.764,0.155,30.589,591.767698,5.763,51.242912
2025-03-14 15:00:00,0.622,0.161,30.159,518.1016950000001,5.334,40.244054
2025-03-14 16:00:00,0.41600000000000004,0.14,29.352,381.845382,5.427,42.520274
2025-03-14 17:00:00,0.121,0.067,28.096,125.380981,5.548,45.775295
2025-03-14 18:00:00,0.006,0.003,26.472,0.0,6.248,65.501121
2025-03-14 19:00:00,0.0,0.0,25.53,0.0,6.445,71.91555899999999
2025-03-14 20:00:00,0.0,0.0,24.798000000000002,0.0,6.213,64.555185
2025-03-14 21:00:00,0.0,0.0,24.164,0.0,6.286,66.62451399999999
2025-03-14 22:00:00,0.0,0.0,23.632,0.0,6.277,66.363703
2025-03-14 23:00:00,0.0,0.0,23.228,0.0,6.145,62.264652999999996
2025-03-15 00:00:00,0.0,0.0,22.886,0.0,5.911,55.359996
2025-03-15 01:00:00,0.0,0.0,22.568,0.0,5.746,50.769701
2025-03-15 02:00:00,0.0,0.0,22.296,0.0,5.7940000000000005,52.336563000000005
2025-03-15 03:00:00,0.0,0.0,22.079,0.0,5.859,53.890756
2025-03-15 04:00:00,0.0,0.0,21.9,0.0,5.809,52.520782
2025-03-15 05:00:00,0.0,0.0,21.768,0.0,5.676,48.885371
2025-03-15 06:00:00,0.036000000000000004,0.013000000000000001,21.866,21.642792,5.5280000000000005,45.221471
2025-03-15 07:00:00,0.272,0.09,23.502,258.5587,4.974,32.162209
2025-03-15 08:00:00,0.586,0.14100000000000001,25.389,497.84501,6.229,65.095693
2025-03-15 09:00:00,0.8140000000000001,0.14,26.953,621.422687,6.751,82.524901
2025-03-15 10:00:00,0.922,0.125,28.279,665.201709,6.437,71.727399
2025-03-15 11:00:00,0.932,0.122,29.311,664.8851169999999,5.795,52.362355
2025-03-15 12:00:00,0.896,0.131,29.984,649.287685,4.962,31.910546999999998
2025-03-15 13:00:00,0.8240000000000001,0.15,30.283,621.4259969999999,3.991,14.9596
2025-03-15 14:00:00,0.761,0.158,30.313,592.293913,3.357,7.411352
2025-03-15 15:00:00,0.636,0.159,30.014,525.6233860000001,3.634,10.473336999999999
2025-03-15 16:00:00,0.432,0.138,29.283,390.836228,4.062,15.979928
2025-03-15 17:00:00,0.166,0.07,28.098,160.37805600000002,3.879,13.545131
2025-03-15 18:00:00,0.006,0.003,26.306,0.0,3.98,14.812116
2025-03-15 19:00:00,0.0,0.0,25.308,0.0,4.765,27.921973
2025-03-15 20:00:00,0.0,0.0,24.656,0.0,5.242,38.102866999999996
2025-03-15 21:00:00,0.0,0.0,24.135,0.0,5.226,37.714167
2025-03-15 22:00:00,0.0,0.0,23.627,0.0,5.096,34.791737
2025-03-15 23:00:00,0.0,0.0,23.192,0.0,5.017,33.082037
2025-03-16 00:00:00,0.0,0.0,22.849,0.0,5.1370000000000005,35.712222000000004
2025-03-16 01:00:00,0.0,0.0,22.569,0.0,5.033,33.632543
2025-03-16 02:00:00,0.0,0.0,22.387,0.0,4.668,26.107302999999998
2025-03-16 03:00:00,0.0,0.0,22.295,0.0,4.377,21.049922
2025-03-16 04:00:00,0.0,0.0,22.188,0.0,4.388,21.245645
2025-03-16 05:00:00,0.0,0.0,22.085,0.0,4.754,27.717419999999997
2025-03-16 06:00:00,0.067,0.014,22.311,46.196731,4.914,30.926812
2025-03-16 07:00:00,0.464,0.08700000000000001,24.146,388.273913,4.236,18.61183
2025-03-16 08:00:00,0.719,0.126,26.219,564.2210060000001,3.973,14.797283
2025-03-16 09:00:00,0.792,0.147,27.889,610.8736580000001,3.542,9.327968
2025-03-16 10:00:00,0.855,0.149,29.344,639.683294,3.348,7.3225
2025-03-16 11:00:00,0.864,0.15,30.449,641.1949030000001,3.449,8.422922
2025-03-16 12:00:00,0.84,0.158,31.168,630.828127,3.6109999999999998,10.106781000000002
2025-03-16 13:00:00,0.771,0.178,31.419,604.94992,3.802,12.428664000000001
2025-03-16 14:00:00,0.624,0.21,31.214,544.452816,4.026,15.544212
2025-03-16 15:00:00,0.34600000000000003,0.233,30.52,394.23508000000004,4.245,18.763569
2025-03-16 16:00:00,0.117,0.16,29.572,189.84762899999998,4.495,22.919567999999998
2025-03-16 17:00:00,0.024,0.05,28.405,38.536345000000004,4.571,24.287567
2025-03-16 18:00:00,0.001,0.002,27.138,0.0,4.73,27.246854
2025-03-16 19:00:00,0.0,0.0,26.441,0.0,4.739,27.420437000000003
2025-03-16 20:00:00,0.0,0.0,25.889,0.0,4.696,26.597088
2025-03-16 21:00:00,0.0,0.0,25.451,0.0,5.006,32.853093
2025-03-16 22:00:00,0.0,0.0,25.091,0.0,5.22,37.588347999999996
2025-03-16 23:00:00,0.0,0.0,24.769,0.0,5.507,44.509429
2025-03-17 00:00:00,0.0,0.0,24.518,0.0,5.987,57.635642
2025-03-17 01:00:00,0.0,0.0,24.308,0.0,6.318,67.636099
2025-03-17 02:00:00,0.0,0.0,24.146,0.0,6.199,63.948009
2025-03-17 03:00:00,0.0,0.0,24.046,0.0,6.456,72.31046099999999
2025-03-17 04:00:00,0.0,0.0,23.927,0.0,6.055,59.694338
2025-03-17 05:00:00,0.0,0.0,23.773,0.0,5.534,45.430459
2025-03-17 06:00:00,0.009000000000000001,0.011,23.875,2.4258200000000003,5.82,52.795175
2025-03-17 07:00:00,0.049,0.082,24.786,83.289,5.497,44.259088000000006
2025-03-17 08:00:00,0.082,0.186,25.82,186.62958300000003,7.273,101.63246400000001
2025-03-17 09:00:00,0.11900000000000001,0.292,26.964,288.798721,8.363,146.681152
2025-03-17 10:00:00,0.154,0.379,28.002,369.511037,8.734,162.926753
2025-03-17 11:00:00,0.168,0.433,28.768,411.950126,8.954,172.24501999999998
2025-03-17 12:00:00,0.166,0.449,29.212,419.61670000000004,9.077,177.504457
2025-03-17 13:00:00,0.164,0.425,29.308,403.53242800000004,9.125,179.548693
2025-03-17 14:00:00,0.164,0.367,29.185,366.272891,8.921,171.19463399999998
2025-03-17 15:00:00,0.122,0.279,28.755,279.45505099999997,8.504,152.917018
2025-03-17 16:00:00,0.037,0.145,27.84,120.16208999999999,8.18,138.809294
2025-03-17 17:00:00,0.007,0.038,26.667,19.020508999999997,7.823,123.814148
2025-03-17 18:00:00,0.0,0.001,25.655,0.0,7.702,118.721199
2025-03-17 19:00:00,0.0,0.0,25.182,0.0,7.923,128.180868
2025-03-17 20:00:00,0.0,0.0,25.002,0.0,8.018,131.987545
2025-03-17 21:00:00,0.0,0.0,24.808,0.0,7.593,114.37555499999999
2025-03-17 22:00:00,0.0,0.0,24.611,0.0,7.539,112.103112
2025-03-17 23:00:00,0.0,0.0,24.453,0.0,7.483,109.932922
2025-03-18 00:00:00,0.0,0.0,24.29,0.0,7.382,105.83819899999999
2025-03-18 01:00:00,0.0,0.0,24.141,0.0,7.464,109.050565
2025-03-18 02:00:00,0.0,0.0,23.981,0.0,7.477,109.57292699999999
2025-03-18 03:00:00,0.0,0.0,23.779,0.0,7.493,110.482301
2025-03-18 04:00:00,0.0,0.0,23.489,0.0,7.629,115.753719
2025-03-18 05:00:00,0.0,0.0,23.323,0.0,7.648,116.87248699999999
2025-03-18 06:00:00,0.022,0.012,23.42,11.456884,7.491,110.479138
2025-03-18 07:00:00,0.151,0.095,24.572,170.775549,7.054,93.18414
2025-03-18 08:00:00,0.215,0.188,25.805,284.964536,9.259,185.688
2025-03-18 09:00:00,0.273,0.272,26.862,379.509966,9.755,205.782912
2025-03-18 10:00:00,0.28700000000000003,0.338,27.757,428.97500799999995,9.888,211.103335
2025-03-18 11:00:00,0.322,0.371,28.496,469.68708000000004,10.08,218.932519
2025-03-18 12:00:00,0.396,0.357,29.001,503.901143,10.335,228.32670199999998
2025-03-18 13:00:00,0.47300000000000003,0.308,29.337,518.997276,10.39,230.172462
2025-03-18 14:00:00,0.555,0.24,29.498,526.765703,10.237,224.505099
2025-03-18 15:00:00,0.619,0.17500000000000002,29.378,526.649324,9.912,212.09678
2025-03-18 16:00:00,0.511,0.134,28.724,440.000209,9.435,192.899548
2025-03-18 17:00:00,0.268,0.073,27.542,238.358172,8.485,152.11539100000002
2025-03-18 18:00:00,0.01,0.004,25.875,0.0,8.081,134.948912
2025-03-18 19:00:00,0.0,0.0,25.147,0.0,8.139,137.032236
2025-03-18 20:00:00,0.0,0.0,24.81,0.0,8.26,142.621294
2025-03-18 21:00:00,0.0,0.0,24.46,0.0,8.094,135.322259
2025-03-18 22:00:00,0.0,0.0,24.083,0.0,7.616,115.419132
2025-03-18 23:00:00,0.0,0.0,23.706,0.0,7.17,97.90142900000001
2025-03-19 00:00:00,0.0,0.0,23.372,0.0,7.286,102.18616899999999
2025-03-19 01:00:00,0.0,0.0,23.172,0.0,7.38,105.72026799999999
2025-03-19 02:00:00,0.0,0.0,23.013,0.0,7.461,108.924676
2025-03-19 03:00:00,0.0,0.0,22.897,0.0,7.543,112.234287
2025-03-19 04:00:00,0.0,0.0,22.843,0.0,7.804,122.940302
2025-03-19 05:00:00,0.0,0.0,22.959,0.0,7.943,128.73179
2025-03-19 06:00:00,0.028,0.013000000000000001,23.206,16.15556,7.767,121.505866
2025-03-19 07:00:00,0.189,0.095,24.506,199.546321,7.474,109.469274
2025-03-19 08:00:00,0.386,0.17300000000000001,25.892,390.524589,9.317,187.73637
2025-03-19 09:00:00,0.591,0.201,27.238,530.8459009999999,10.149,221.54727799999998
2025-03-19 10:00:00,0.663,0.215,28.379,575.976613,9.892,211.365563
2025-03-19 11:00:00,0.686,0.224,29.213,591.171571,9.479,194.510613
2025-03-19 12:00:00,0.665,0.23500000000000001,29.692,584.3396160000001,9.214,183.357417
2025-03-19 13:00:00,0.641,0.23600000000000002,29.887,571.097837,9.149,180.94878
2025-03-19 14:00:00,0.532,0.245,29.686,515.475867,9.181,182.03034
2025-03-19 15:00:00,0.419,0.22,29.195,434.885608,9.179,181.91508100000001
2025-03-19 16:00:00,0.28300000000000003,0.162,28.438,309.953185,8.953,172.174623
2025-03-19 17:00:00,0.109,0.07100000000000001,27.284,119.723976,8.457,150.711364
2025-03-19 18:00:00,0.005,0.004,25.887,0.0,8.347,146.253465
2025-03-19 19:00:00,0.0,0.0,25.095,0.0,8.172,138.79317
2025-03-19 20:00:00,0.0,0.0,24.609,0.0,8.042,133.00802299999998
2025-03-19 21:00:00,0.0,0.0,24.327,0.0,8.191,139.271528
2025-03-19 22:00:00,0.0,0.0,24.008,0.0,7.866,125.7379
2025-03-19 23:00:00,0.0,0.0,23.69,0.0,7.29,102.193749
2025-03-20 00:00:00,0.0,0.0,23.347,0.0,6.679,79.69694100000001
2025-03-20 01:00:00,0.0,0.0,23.126,0.0,6.918,88.414144
2025-03-20 02:00:00,0.0,0.0,22.962,0.0,7.056,93.274639
2025-03-20 03:00:00,0.0,0.0,22.821,0.0,7.006,91.627349
2025-03-20 04:00:00,0.0,0.0,22.754,0.0,6.873,86.771247
2025-03-20 05:00:00,0.0,0.0,22.7,0.0,6.781,83.233223
2025-03-20 06:00:00,0.049,0.014,22.922,32.060182,6.474,72.864408
2025-03-20 07:00:00,0.34700000000000003,0.09,24.487,310.976499,6.228,65.041485
2025-03-20 08:00:00,0.522,0.148,26.096,460.633917,8.175,138.796373
2025-03-20 09:00:00,0.717,0.16,27.553,577.848915,8.481,151.828139
2025-03-20 10:00:00,0.808,0.155,28.834,620.247938,8.245,141.797667
2025-03-20 11:00:00,0.865,0.14200000000000002,29.876,639.756527,8.056,133.68040100000002
2025-03-20 12:00:00,0.875,0.136,30.546,639.499255,8.03,132.823466
2025-03-20 13:00:00,0.888,0.127,30.907,640.4894939999999,8.206,139.911936
2025-03-20 14:00:00,0.859,0.127,30.89,625.783446,8.581,156.479106
2025-03-20 15:00:00,0.78,0.126,30.385,585.15141,9.105,178.710529
2025-03-20 16:00:00,0.638,0.109,29.436,499.499609,9.491,195.374822
2025-03-20 17:00:00,0.359,0.067,28.008,297.41828000000004,9.265,185.735297
2025-03-20 18:00:00,0.009000000000000001,0.004,26.352,0.0,8.661,159.58228200000002
2025-03-20 19:00:00,0.0,0.0,25.45,0.0,7.96,129.446516
2025-03-20 20:00:00,0.0,0.0,24.983,0.0,7.96,129.435245
2025-03-20 21:00:00,0.0,0.0,24.621,0.0,7.484,110.00576
2025-03-20 22:00:00,0.0,0.0,24.289,0.0,7.115,95.642767
2025-03-20 23:00:00,0.0,0.0,24.089,0.0,7.279,102.0673
2025-03-21 00:00:00,0.0,0.0,23.942,0.0,7.45,108.505898
2025-03-21 01:00:00,0.0,0.0,23.807,0.0,7.482,109.874413
2025-03-21 02:00:00,0.0,0.0,23.706,0.0,7.448,108.49189
2025-03-21 03:00:00,0.0,0.0,23.648,0.0,7.39,106.458641
2025-03-21 04:00:00,0.0,0.0,23.612,0.0,7.371,105.70384200000001
2025-03-21 05:00:00,0.0,0.0,23.639,0.0,7.545,112.324665
2025-03-21 06:00:00,0.032,0.013000000000000001,23.955,19.132025000000002,8.21,140.066983
2025-03-21 07:00:00,0.247,0.096,25.179,242.950664,7.537,112.099585
2025-03-21 08:00:00,0.421,0.169,26.686,409.16665500000005,10.425,231.593143
2025-03-21 09:00:00,0.528,0.213,28.048,499.100161,11.375,262.122506
2025-03-21 10:00:00,0.685,0.20800000000000002,29.243,581.668053,11.93,276.752876
2025-03-21 11:00:00,0.6910000000000001,0.22,30.06,589.370707,12.398,287.524186
2025-03-21 12:00:00,0.662,0.23500000000000001,30.433,580.272078,12.772,294.705075
2025-03-21 13:00:00,0.657,0.227,30.553,573.079489,12.975,298.344882
2025-03-21 14:00:00,0.611,0.217,30.361,543.0926,13.037,299.399227
2025-03-21 15:00:00,0.51,0.2,29.784,476.627817,12.822,295.680624
2025-03-21 16:00:00,0.266,0.162,28.839,297.20971299999997,12.055,279.720234
2025-03-21 17:00:00,0.106,0.07100000000000001,27.675,117.119011,10.877,247.013327
2025-03-21 18:00:00,0.005,0.004,26.458,0.0,10.006,215.714552
2025-03-21 19:00:00,0.0,0.0,25.776,0.0,9.735,205.165143
2025-03-21 20:00:00,0.0,0.0,25.453,0.0,9.792,207.29314499999998
2025-03-21 21:00:00,0.0,0.0,25.306,0.0,10.017,216.12569200000002
2025-03-21 22:00:00,0.0,0.0,25.217,0.0,10.053,217.534734
2025-03-21 23:00:00,0.0,0.0,25.15,0.0,10.164,221.956664
2025-03-22 00:00:00,0.0,0.0,25.096,0.0,10.279,226.068282
2025-03-22 01:00:00,0.0,0.0,25.056,0.0,10.041,217.053778
2025-03-22 02:00:00,0.0,0.0,25.052,0.0,9.672,202.764773
2025-03-22 03:00:00,0.0,0.0,25.084,0.0,9.658,201.947691
2025-03-22 04:00:00,0.0,0.0,25.092,0.0,9.539,196.98816399999998
2025-03-22 05:00:00,0.0,0.0,25.081,0.0,9.491,195.374959
2025-03-22 06:00:00,0.016,0.012,25.171,7.18459,9.405,191.62528899999998
2025-03-22 07:00:00,0.092,0.091,25.919,122.005463,9.132,179.854385
2025-03-22 08:00:00,0.195,0.193,26.96,272.36440600000003,10.453,232.415975
2025-03-22 09:00:00,0.321,0.269,28.191,406.052775,11.361,261.72913800000003
2025-03-22 10:00:00,0.425,0.306,29.301,490.35042599999997,11.805,273.655267
2025-03-22 11:00:00,0.47200000000000003,0.322,30.042,525.078871,11.984,278.132093
2025-03-22 12:00:00,0.505,0.317,30.452,539.326586,12.099,280.755353
2025-03-22 13:00:00,0.527,0.293,30.604,537.7718140000001,12.23,283.71362300000004
2025-03-22 14:00:00,0.47300000000000003,0.274,30.408,497.041449,12.333,286.114989
2025-03-22 15:00:00,0.379,0.23700000000000002,29.875,419.222096,12.392,287.24599800000004
2025-03-22 16:00:00,0.233,0.17,28.992,280.334802,12.189,283.036717
2025-03-22 17:00:00,0.081,0.07100000000000001,27.787,98.21476,11.284,259.688859
2025-03-22 18:00:00,0.003,0.003,26.578,0.0,10.089,218.955185
2025-03-22 19:00:00,0.0,0.0,25.944,0.0,9.211,183.22177299999998
2025-03-22 20:00:00,0.0,0.0,25.655,0.0,9.237,184.643609
2025-03-22 21:00:00,0.0,0.0,25.495,0.0,9.124,179.518293
2025-03-22 22:00:00,0.0,0.0,25.396,0.0,8.93,171.209332
2025-03-22 23:00:00,0.0,0.0,25.295,0.0,8.859,168.11941399999998
2025-03-23 00:00:00,0.0,0.0,25.159,0.0,8.947,171.94502799999998
2025-03-23 01:00:00,0.0,0.0,25.019,0.0,8.936,171.45732999999998
2025-03-23 02:00:00,0.0,0.0,24.888,0.0,8.864,168.350054
2025-03-23 03:00:00,0.0,0.0,24.813,0.0,8.912,170.493706
2025-03-23 04:00:00,0.0,0.0,24.749,0.0,8.616,157.61846599999998
2025-03-23 05:00:00,0.0,0.0,24.709,0.0,8.489,152.48814199999998
2025-03-23 06:00:00,0.031,0.013000000000000001,24.845,18.069837,8.404,148.691075
2025-03-23 07:00:00,0.23800000000000002,0.096,25.891,234.867535,8.388,147.76837700000002
2025-03-23 08:00:00,0.483,0.159,27.276,441.424949,10.039,216.978651
2025-03-23 09:00:00,0.685,0.17300000000000001,28.742,564.728209,10.191,223.139088
2025-03-23 10:00:00,0.787,0.17,29.947,613.7870740000001,10.139,220.81944399999998
2025-03-23 11:00:00,0.792,0.178,30.725,617.52187,10.003,215.607574
2025-03-23 12:00:00,0.757,0.192,31.13,606.026697,9.706,204.043112
2025-03-23 13:00:00,0.71,0.20400000000000001,31.237,586.93823,9.43,192.496293
2025-03-23 14:00:00,0.615,0.214,30.988,541.691059,9.27,185.73476000000002
2025-03-23 15:00:00,0.49,0.20400000000000001,30.498,465.22427899999997,9.284,186.318241
2025-03-23 16:00:00,0.264,0.162,29.518,294.773026,9.286,186.404063
2025-03-23 17:00:00,0.105,0.07200000000000001,28.235,116.33581699999999,9.182,182.08680999999999
2025-03-23 18:00:00,0.004,0.004,26.917,0.0,8.566,155.699059
2025-03-23 19:00:00,0.0,0.0,26.049,0.0,8.09,134.98155300000002
2025-03-23 20:00:00,0.0,0.0,25.451,0.0,7.9719999999999995,129.97875
2025-03-23 21:00:00,0.0,0.0,25.119,0.0,7.902,127.339181
2025-03-23 22:00:00,0.0,0.0,24.942,0.0,7.772,121.656329
2025-03-23 23:00:00,0.0,0.0,24.814,0.0,7.827,124.179722
2025-03-24 00:00:00,0.0,0.0,24.7,0.0,7.877,126.089275
2025-03-24 01:00:00,0.0,0.0,24.674,0.0,8.109,135.812761
2025-03-24 02:00:00,0.0,0.0,24.637,0.0,7.756,121.19733500000001
2025-03-24 03:00:00,0.0,0.0,24.607,0.0,7.41,106.907044
2025-03-24 04:00:00,0.0,0.0,24.548000000000002,0.0,6.998,91.173745
2025-03-24 05:00:00,0.0,0.0,24.455,0.0,6.578,76.435837
2025-03-24 06:00:00,0.029,0.014,24.578,17.633404,6.409,70.58037900000001
2025-03-24 07:00:00,0.23600000000000002,0.099,25.528,236.61428,6.029,59.029343
2025-03-24 08:00:00,0.425,0.17200000000000001,26.847,413.154418,7.386,106.154393
2025-03-24 09:00:00,0.5680000000000001,0.20800000000000002,28.517,518.482799,7.295,102.403648
2025-03-24 10:00:00,0.6980000000000001,0.20800000000000002,29.955,586.5456139999999,6.917,88.354297
2025-03-24 11:00:00,0.6970000000000001,0.223,30.895,591.6681169999999,6.623,77.959948
2025-03-24 12:00:00,0.676,0.23800000000000002,31.44,586.330319,6.322,67.83274
2025-03-24 13:00:00,0.5720000000000001,0.271,31.525,547.88413,5.889,54.735794999999996
2025-03-24 14:00:00,0.379,0.302,31.164,455.948864,5.386,41.507841
2025-03-24 15:00:00,0.203,0.261,30.438,319.716347,5.07,34.426402
2025-03-24 16:00:00,0.107,0.166,29.494,186.66298600000002,5.092,34.718193
2025-03-24 17:00:00,0.031,0.057,28.213,49.557230000000004,5.105,34.991427
2025-03-24 18:00:00,0.002,0.003,26.913,0.0,5.294,39.525506
2025-03-24 19:00:00,0.0,0.0,26.161,0.0,5.752,50.919942999999996
2025-03-24 20:00:00,0.0,0.0,25.755,0.0,6.109,61.201396
2025-03-24 21:00:00,0.0,0.0,25.491,0.0,6.678,79.695391
2025-03-24 22:00:00,0.0,0.0,25.244,0.0,7.117,95.81534500000001
2025-03-24 23:00:00,0.0,0.0,25.019,0.0,7.651,117.009497
2025-03-25 00:00:00,0.0,0.0,24.897,0.0,7.8629999999999995,125.49908
2025-03-25 01:00:00,0.0,0.0,24.883,0.0,8.081,134.949027
2025-03-25 02:00:00,0.0,0.0,24.849,0.0,7.195,98.706107
2025-03-25 03:00:00,0.0,0.0,24.822,0.0,6.684,79.93685799999999
2025-03-25 04:00:00,0.0,0.0,24.807,0.0,6.298,67.027201
2025-03-25 05:00:00,0.0,0.0,24.78,0.0,5.947,56.577811000000004
2025-03-25 06:00:00,0.008,0.01,24.821,0.991093,5.486,43.971227
2025-03-25 07:00:00,0.065,0.08600000000000001,25.452,97.456141,5.032,33.599804
2025-03-25 08:00:00,0.198,0.193,26.461,275.373187,7.146,96.998534
2025-03-25 09:00:00,0.423,0.248,28.053,456.84641700000003,8.202,139.75529699999998
2025-03-25 10:00:00,0.587,0.249,29.457,549.989009,8.62,157.79396599999998
2025-03-25 11:00:00,0.652,0.245,30.396,580.9157240000001,8.666,160.062234
2025-03-25 12:00:00,0.659,0.246,30.91,583.3465870000001,8.471,151.33585300000001
2025-03-25 13:00:00,0.641,0.244,31.138,572.207189,8.205,139.865484
2025-03-25 14:00:00,0.509,0.26,30.971,507.986852,7.852,125.24372199999999
2025-03-25 15:00:00,0.394,0.23500000000000001,30.488,425.76807199999996,7.524,111.614841
2025-03-25 16:00:00,0.178,0.17200000000000001,29.665,242.230621,7.221,99.509056
2025-03-25 17:00:00,0.041,0.062,28.476,59.864932,6.616,77.69328999999999
2025-03-25 18:00:00,0.003,0.003,27.112,0.0,6.557,75.473742
2025-03-25 19:00:00,0.0,0.0,26.337,0.0,7.068,93.702444
2025-03-25 20:00:00,0.0,0.0,25.833,0.0,7.076,94.26
2025-03-25 21:00:00,0.0,0.0,25.501,0.0,7.115,95.676693
2025-03-25 22:00:00,0.0,0.0,25.237,0.0,6.539,74.900424
2025-03-25 23:00:00,0.0,0.0,25.011,0.0,6.9350000000000005,88.949518
2025-03-26 00:00:00,0.0,0.0,24.814,0.0,6.881,86.821733
2025-03-26 01:00:00,0.0,0.0,24.664,0.0,7.025,92.09656100000001
2025-03-26 02:00:00,0.0,0.0,24.503,0.0,7.041,92.687597
2025-03-26 03:00:00,0.0,0.0,24.379,0.0,6.949,89.334024
2025-03-26 04:00:00,0.0,0.0,24.304,0.0,7.292,102.258999
2025-03-26 05:00:00,0.0,0.0,24.297,0.0,7.469,109.258814
2025-03-26 06:00:00,0.033,0.015,24.403,20.416006000000003,7.118,95.88439
2025-03-26 07:00:00,0.262,0.1,25.417,256.309253,6.69,80.37396799999999
2025-03-26 08:00:00,0.468,0.169,26.858,438.51027500000004,8.329,145.610678
2025-03-26 09:00:00,0.538,0.219,28.365,507.809931,8.948,171.962994
2025-03-26 10:00:00,0.54,0.267,29.463,533.6851310000001,9.068,177.129649
2025-03-26 11:00:00,0.453,0.328,30.148,516.933885,9.147,180.84899
2025-03-26 12:00:00,0.443,0.34400000000000003,30.605,519.421282,9.227,183.920653
2025-03-26 13:00:00,0.41600000000000004,0.338,30.785,500.032517,9.38,190.38406
2025-03-26 14:00:00,0.343,0.318,30.655,445.046874,9.408,191.624424
2025-03-26 15:00:00,0.192,0.266,30.12,316.057363,9.461,194.129044
2025-03-26 16:00:00,0.081,0.16,29.179,163.841159,9.139,180.168762
2025-03-26 17:00:00,0.035,0.061,27.941,55.470099999999995,8.782,165.145641
2025-03-26 18:00:00,0.002,0.003,26.657,0.0,8.668,160.17321299999998
2025-03-26 19:00:00,0.0,0.0,25.956,0.0,8.724,162.29766
2025-03-26 20:00:00,0.0,0.0,25.464,0.0,8.908,170.335149
2025-03-26 21:00:00,0.0,0.0,25.15,0.0,8.753,163.684886
2025-03-26 22:00:00,0.0,0.0,24.965,0.0,8.418,149.372755
2025-03-26 23:00:00,0.0,0.0,24.779,0.0,8.212,140.193799
2025-03-27 00:00:00,0.0,0.0,24.615,0.0,7.931,128.214754
2025-03-27 01:00:00,0.0,0.0,24.46,0.0,7.579,113.99388099999999
2025-03-27 02:00:00,0.0,0.0,24.354,0.0,7.292,102.27245500000001
2025-03-27 03:00:00,0.0,0.0,24.249,0.0,7.3629999999999995,105.16014200000001
2025-03-27 04:00:00,0.0,0.0,24.188,0.0,7.578,113.989193
2025-03-27 05:00:00,0.0,0.0,24.122,0.0,7.295,102.37677400000001
2025-03-27 06:00:00,0.015,0.012,24.216,6.610063,6.98,90.470455
2025-03-27 07:00:00,0.111,0.094,25.138,139.55426300000002,6.733,81.895784
2025-03-27 08:00:00,0.316,0.184,26.57,350.31952,8.975,173.12049199999998
2025-03-27 09:00:00,0.589,0.203,28.232,528.812019,9.693,203.576044
2025-03-27 10:00:00,0.678,0.211,29.524,578.6932539999999,9.693,203.576154
2025-03-27 11:00:00,0.6900000000000001,0.224,30.419,589.829673,9.533,196.719425
2025-03-27 12:00:00,0.63,0.253,30.905,571.541338,9.284,186.33472899999998
2025-03-27 13:00:00,0.5670000000000001,0.271,31.076,546.285676,9.076,177.465113
2025-03-27 14:00:00,0.41600000000000004,0.28300000000000003,30.756,467.539843,8.845,167.548272
2025-03-27 15:00:00,0.443,0.223,30.355,448.638119,8.852,167.85185099999998
2025-03-27 16:00:00,0.232,0.167,29.477,276.28296500000005,9.226,183.88601
2025-03-27 17:00:00,0.129,0.076,28.309,136.823247,9.363,189.64283300000002
2025-03-27 18:00:00,0.007,0.004,26.875,0.0,9.082,177.733708
2025-03-27 19:00:00,0.0,0.0,26.03,0.0,8.578,156.39789000000002
2025-03-27 20:00:00,0.0,0.0,25.59,0.0,8.163,138.232299
2025-03-27 21:00:00,0.0,0.0,25.304,0.0,7.994,131.134597
2025-03-27 22:00:00,0.0,0.0,25.094,0.0,8.006,131.658432
2025-03-27 23:00:00,0.0,0.0,24.919,0.0,7.923,128.181095
2025-03-28 00:00:00,0.0,0.0,24.788,0.0,7.532,112.089888
2025-03-28 01:00:00,0.0,0.0,24.65,0.0,7.36,104.933088
2025-03-28 02:00:00,0.0,0.0,24.525,0.0,7.286,102.187229
2025-03-28 03:00:00,0.0,0.0,24.491,0.0,7.303,102.706376
2025-03-28 04:00:00,0.0,0.0,24.426,0.0,7.404,106.894774
2025-03-28 05:00:00,0.0,0.0,24.331,0.0,7.603,114.927475
2025-03-28 06:00:00,0.032,0.014,24.42,20.143545999999997,7.559,112.854031
2025-03-28 07:00:00,0.24,0.099,25.548000000000002,239.110859,7.712,119.106273
2025-03-28 08:00:00,0.452,0.165,27.078,425.71238900000003,9.367,189.812768
2025-03-28 09:00:00,0.642,0.185,28.616,547.134137,9.325,188.073615
2025-03-28 10:00:00,0.754,0.181,29.876,602.2941559999999,8.876,168.853178
2025-03-28 11:00:00,0.8150000000000001,0.169,30.826,625.095512,8.521,153.580821
2025-03-28 12:00:00,0.839,0.161,31.446,630.793418,8.35,146.52808
2025-03-28 13:00:00,0.807,0.168,31.673000000000002,617.6872219999999,8.324,145.40849
2025-03-28 14:00:00,0.687,0.193,31.463,568.5672169999999,8.332,145.66801
2025-03-28 15:00:00,0.459,0.215,30.77,452.356491,8.387,147.721761
2025-03-28 16:00:00,0.151,0.167,29.575,219.56649299999998,8.358,146.537448
2025-03-28 17:00:00,0.027,0.054,28.198,44.288805,8.191,139.289913
2025-03-28 18:00:00,0.001,0.002,26.966,0.0,7.67,117.78169899999999
2025-03-28 19:00:00,0.0,0.0,26.199,0.0,7.281,102.176693
2025-03-28 20:00:00,0.0,0.0,25.663,0.0,6.661,79.08678599999999
2025-03-28 21:00:00,0.0,0.0,25.299,0.0,6.41,70.603341
2025-03-28 22:00:00,0.0,0.0,25.007,0.0,5.9879999999999995,57.639373
2025-03-28 23:00:00,0.0,0.0,24.668,0.0,5.982,57.62725
2025-03-29 00:00:00,0.0,0.0,24.465,0.0,6.141,62.148511
2025-03-29 01:00:00,0.0,0.0,24.378,0.0,6.629,77.972361
2025-03-29 02:00:00,0.0,0.0,24.308,0.0,6.825,84.990266
2025-03-29 03:00:00,0.0,0.0,24.222,0.0,7.035,92.486469
2025-03-29 04:00:00,0.0,0.0,24.1,0.0,7.235,100.26442200000001
2025-03-29 05:00:00,0.0,0.0,23.952,0.0,6.9510000000000005,89.406418
2025-03-29 06:00:00,0.036000000000000004,0.015,24.091,23.25434,6.635,78.140689
2025-03-29 07:00:00,0.17,0.097,25.296,186.736696,6.638,78.260843
2025-03-29 08:00:00,0.315,0.181,26.676,347.183094,7.895,126.893304
2025-03-29 09:00:00,0.531,0.213,28.173,500.314125,8.01,131.97574400000002
2025-03-29 10:00:00,0.6940000000000001,0.202,29.607,582.426606,7.841,124.543903
2025-03-29 11:00:00,0.728,0.203,30.693,598.027738,7.787,122.335713
2025-03-29 12:00:00,0.7030000000000001,0.216,31.296,589.770007,7.796,122.60526399999999
2025-03-29 13:00:00,0.669,0.222,31.522,573.738601,7.7940000000000005,122.499312
2025-03-29 14:00:00,0.606,0.219,31.34,538.660077,7.829,124.359938
2025-03-29 15:00:00,0.529,0.196,30.869,482.86589899999996,7.867,125.856527
2025-03-29 16:00:00,0.368,0.154,30.03,358.678962,7.924,128.182557
2025-03-29 17:00:00,0.157,0.076,28.734,157.824814,7.948,128.943753
2025-03-29 18:00:00,0.007,0.004,27.154,0.0,7.8,122.739596
2025-03-29 19:00:00,0.0,0.0,26.259,0.0,7.63,115.754859
2025-03-29 20:00:00,0.0,0.0,25.704,0.0,7.381,105.809899
2025-03-29 21:00:00,0.0,0.0,25.341,0.0,7.2,98.729868
2025-03-29 22:00:00,0.0,0.0,25.119,0.0,7.142,96.861682
2025-03-29 23:00:00,0.0,0.0,24.944,0.0,7.101,95.27412799999999
2025-03-30 00:00:00,0.0,0.0,24.766,0.0,6.9510000000000005,89.410574
2025-03-30 01:00:00,0.0,0.0,24.574,0.0,6.817,84.521433
2025-03-30 02:00:00,0.0,0.0,24.367,0.0,6.911,87.941885
2025-03-30 03:00:00,0.0,0.0,24.212,0.0,6.961,90.05211299999999
2025-03-30 04:00:00,0.0,0.0,24.043,0.0,7.012,91.90264599999999
2025-03-30 05:00:00,0.0,0.0,23.931,0.0,7.049,93.001785
2025-03-30 06:00:00,0.046,0.016,24.099,31.070766,6.639,78.278413
2025-03-30 07:00:00,0.275,0.096,25.469,262.268763,7.087,94.53080100000001
2025-03-30 08:00:00,0.547,0.149,27.04,474.808493,8.266,142.659054
2025-03-30 09:00:00,0.684,0.17,28.552,562.4016459999999,8.373,147.10386300000002
2025-03-30 10:00:00,0.721,0.185,29.817,587.214226,8.304,144.377482
2025-03-30 11:00:00,0.781,0.177,30.875,611.036308,8.28,143.51147500000002
2025-03-30 12:00:00,0.802,0.17,31.544,616.494693,8.323,145.349166
2025-03-30 13:00:00,0.775,0.17400000000000002,31.683,604.356845,8.434,149.891059
2025-03-30 14:00:00,0.711,0.179,31.498,573.496507,8.512,153.447862
2025-03-30 15:00:00,0.628,0.168,30.974,523.6170569999999,8.388,147.757227
2025-03-30 16:00:00,0.451,0.14300000000000002,30.066,404.872421,8.069,134.05267999999998
2025-03-30 17:00:00,0.13,0.073,28.689,135.929304,7.569,113.272858
2025-03-30 18:00:00,0.007,0.004,27.18,0.0,7.112,95.418879
2025-03-30 19:00:00,0.0,0.0,26.238,0.0,6.672,79.681302
2025-03-30 20:00:00,0.0,0.0,25.619,0.0,6.427,71.26238000000001
2025-03-30 21:00:00,0.0,0.0,25.161,0.0,6.183,63.483903
2025-03-30 22:00:00,0.0,0.0,24.809,0.0,6.015,58.511107
2025-03-30 23:00:00,0.0,0.0,24.529,0.0,6.083,60.587567
2025-03-31 00:00:00,0.0,0.0,24.272,0.0,6.076,60.340970999999996
2025-03-31 01:00:00,0.0,0.0,24.022,0.0,6.142,62.176974
2025-03-31 02:00:00,0.0,0.0,23.863,0.0,6.193,63.936068
2025-03-31 03:00:00,0.0,0.0,23.721,0.0,6.304,67.21239
2025-03-31 04:00:00,0.0,0.0,23.562,0.0,6.553,75.364709
2025-03-31 05:00:00,0.0,0.0,23.395,0.0,6.591,76.655912
2025-03-31 06:00:00,0.063,0.016,23.519,44.072841,6.204,64.184987
2025-03-31 07:00:00,0.381,0.089,24.887,333.330683,6.429,71.265888
2025-03-31 08:00:00,0.732,0.116,26.738,564.358842,7.438,108.337969
2025-03-31 09:00:00,0.86,0.121,28.436,631.0244449999999,7.164,97.491148
2025-03-31 10:00:00,0.908,0.11900000000000001,29.919,649.401071,6.839,85.34314599999999
2025-03-31 11:00:00,0.936,0.113,31.109,656.006534,6.454,72.173087
2025-03-31 12:00:00,0.934,0.112,31.894,652.289297,6.109,61.200169
2025-03-31 13:00:00,0.899,0.121,32.245,638.1565280000001,5.992,57.701437
2025-03-31 14:00:00,0.849,0.129,32.171,617.100103,6.331,68.335193
2025-03-31 15:00:00,0.781,0.127,31.669,582.582313,6.9350000000000005,88.968759
2025-03-31 16:00:00,0.581,0.11800000000000001,30.638,467.66396100000003,7.328,103.991545
2025-03-31 17:00:00,0.392,0.068,29.178,318.915563,7.292,102.25491000000001
2025-03-31 18:00:00,0.019,0.005,27.284,4.681027,7.099,95.198121
2025-03-31 19:00:00,0.0,0.0,26.254,0.0,6.915,88.22767900000001
2025-03-31 20:00:00,0.0,0.0,25.607,0.0,6.398,70.232981
2025-03-31 21:00:00,0.0,0.0,25.002,0.0,5.724,50.169267999999995
2025-03-31 22:00:00,0.0,0.0,24.448,0.0,5.529,45.250995
2025-03-31 23:00:00,0.0,0.0,24.005,0.0,5.718,50.059256999999995
2025-04-01 00:00:00,0.0,0.0,23.738,0.0,6.158,62.644849
2025-04-01 01:00:00,0.0,0.0,23.704,0.0,6.294,66.88892799999999
2025-04-01 02:00:00,0.0,0.0,23.693,0.0,6.294,66.884124
2025-04-01 03:00:00,0.0,0.0,23.623,0.0,6.274,66.25129
2025-04-01 04:00:00,0.0,0.0,23.477,0.0,6.385,69.81900900000001
2025-04-01 05:00:00,0.0,0.0,23.309,0.0,6.416,71.00985899999999
2025-04-01 06:00:00,0.07,0.016,23.413,49.307919999999996,6.213,64.554528
2025-04-01 07:00:00,0.464,0.085,24.951,385.962466,6.287,66.679321
2025-04-01 08:00:00,0.784,0.108,26.801,588.374199,7.82,123.594243
2025-04-01 09:00:00,0.899,0.111,28.413,646.2736550000001,8.045,133.29135
2025-04-01 10:00:00,0.9480000000000001,0.107,29.867,663.746896,8.073,134.399128
2025-04-01 11:00:00,0.965,0.10200000000000001,31.036,665.630339,8.057,133.682897
2025-04-01 12:00:00,0.967,0.1,31.779,662.897867,8.119,136.606143
2025-04-01 13:00:00,0.9490000000000001,0.105,32.057,655.50381,8.154,137.94027799999998
2025-04-01 14:00:00,0.911,0.112,31.877,640.725091,8.115,136.211681
2025-04-01 15:00:00,0.8130000000000001,0.11900000000000001,31.273,596.506306,7.986,130.810612
2025-04-01 16:00:00,0.614,0.115,30.343,486.107838,7.96,129.468587
2025-04-01 17:00:00,0.29,0.07200000000000001,29.073,251.480348,7.937,128.47616499999998
2025-04-01 18:00:00,0.008,0.004,27.467,0.0,7.58,114.11024400000001
2025-04-01 19:00:00,0.0,0.0,26.528,0.0,7.444,108.485542
2025-04-01 20:00:00,0.0,0.0,25.87,0.0,7.211,99.157229
2025-04-01 21:00:00,0.0,0.0,25.383,0.0,6.855,86.05247100000001
2025-04-01 22:00:00,0.0,0.0,25.107,0.0,7.153,97.17372999999999
2025-04-01 23:00:00,0.0,0.0,24.932,0.0,7.136,96.48767699999999
2025-04-02 00:00:00,0.0,0.0,24.762,0.0,6.846,85.754724
2025-04-02 01:00:00,0.0,0.0,24.588,0.0,6.523,74.334106
2025-04-02 02:00:00,0.0,0.0,24.373,0.0,6.845,85.71414
2025-04-02 03:00:00,0.0,0.0,24.141,0.0,6.902,87.591962
2025-04-02 04:00:00,0.0,0.0,23.969,0.0,6.57,75.92728
2025-04-02 05:00:00,0.0,0.0,23.769,0.0,6.22,64.56863799999999
2025-04-02 06:00:00,0.047,0.017,23.888,32.91133,6.297,66.975288
2025-04-02 07:00:00,0.224,0.10400000000000001,25.219,231.880494,6.265,66.121893
2025-04-02 08:00:00,0.216,0.195,26.572,288.84488,7.427,107.694535
2025-04-02 09:00:00,0.272,0.279,27.854,381.902482,7.346,104.61548699999999
2025-04-02 10:00:00,0.337,0.333,29.038,454.646164,7.03,92.300427
2025-04-02 11:00:00,0.39,0.357,30.019,497.61323200000004,6.817,84.532255
2025-04-02 12:00:00,0.403,0.363,30.661,507.287324,6.735,81.939012
2025-04-02 13:00:00,0.356,0.362,30.971,478.637711,6.772,82.925446
2025-04-02 14:00:00,0.268,0.336,30.8,409.431305,7.063,93.526318
2025-04-02 15:00:00,0.20700000000000002,0.266,30.375,325.69694599999997,7.424,107.689529
2025-04-02 16:00:00,0.176,0.17500000000000002,29.73,242.93520800000002,7.652,117.05805000000001
2025-04-02 17:00:00,0.10300000000000001,0.077,28.674,117.909372,7.775,121.88090799999999
2025-04-02 18:00:00,0.007,0.005,27.146,0.0,7.675,117.793057
2025-04-02 19:00:00,0.0,0.0,26.173,0.0,7.503,110.754496
2025-04-02 20:00:00,0.0,0.0,25.55,0.0,7.348,104.72222599999999
2025-04-02 21:00:00,0.0,0.0,25.245,0.0,7.116,95.70991599999999
2025-04-02 22:00:00,0.0,0.0,25.093,0.0,6.771,82.89941400000001
2025-04-02 23:00:00,0.0,0.0,24.962,0.0,6.65,78.671393
2025-04-03 00:00:00,0.0,0.0,24.817,0.0,6.614,77.574601
2025-04-03 01:00:00,0.0,0.0,24.746,0.0,6.896,87.50179399999999
2025-04-03 02:00:00,0.0,0.0,24.703,0.0,6.781,83.244396
2025-04-03 03:00:00,0.0,0.0,24.604,0.0,6.343,68.523771
2025-04-03 04:00:00,0.0,0.0,24.516,0.0,6.08,60.581762000000005
2025-04-03 05:00:00,0.0,0.0,24.471,0.0,5.853,53.727983
2025-04-03 06:00:00,0.013000000000000001,0.012,24.669,5.612269,5.6,46.884036
2025-04-03 07:00:00,0.105,0.097,25.845,136.369584,5.635,47.799432
2025-04-03 08:00:00,0.33,0.186,27.499,359.16679999999997,6.968,90.06606699999999
2025-04-03 09:00:00,0.602,0.201,29.23,532.1478930000001,7.086,94.52974800000001
2025-04-03 10:00:00,0.678,0.211,30.571,575.9669769999999,7.145,96.98804200000001
2025-04-03 11:00:00,0.7000000000000001,0.223,31.512,591.3243190000001,7.138,96.60434699999999
2025-04-03 12:00:00,0.585,0.278,31.946,557.5356750000001,7.017,91.914285
2025-04-03 13:00:00,0.433,0.326,31.883,500.185943,6.927,88.597818
2025-04-03 14:00:00,0.333,0.318,31.604,436.637276,6.804,84.049718
2025-04-03 15:00:00,0.209,0.262,30.995,323.91364,6.775,83.031969
2025-04-03 16:00:00,0.162,0.17400000000000002,30.243,231.587165,6.714,81.079542
2025-04-03 17:00:00,0.075,0.07200000000000001,29.178,93.013904,6.53,74.593259
2025-04-03 18:00:00,0.005,0.004,27.744,0.0,6.304,67.209834
2025-04-03 19:00:00,0.0,0.0,26.859,0.0,6.332,68.338053
2025-04-03 20:00:00,0.0,0.0,26.282,0.0,6.552,75.315792
2025-04-03 21:00:00,0.0,0.0,25.905,0.0,6.491,73.561601
2025-04-03 22:00:00,0.0,0.0,25.561,0.0,5.884,54.602163999999995
2025-04-03 23:00:00,0.0,0.0,25.266,0.0,5.726,50.227497
2025-04-04 00:00:00,0.0,0.0,25.07,0.0,5.619,47.387427
2025-04-04 01:00:00,0.0,0.0,25.004,0.0,5.605,47.016180999999996
2025-04-04 02:00:00,0.0,0.0,25.032,0.0,5.654,48.306614
2025-04-04 03:00:00,0.0,0.0,24.99,0.0,5.434,42.687272
2025-04-04 04:00:00,0.0,0.0,24.953,0.0,5.497,44.259375
2025-04-04 05:00:00,0.0,0.0,24.857,0.0,5.126,35.453597
2025-04-04 06:00:00,0.004,0.009000000000000001,24.924,0.0,5.002,32.767719
2025-04-04 07:00:00,0.021,0.075,25.673000000000002,56.108722,4.832,29.252022
2025-04-04 08:00:00,0.044,0.177,26.696,150.609856,5.79,52.229441
2025-04-04 09:00:00,0.079,0.292,27.892,258.930368,5.455,43.428247000000006
2025-04-04 10:00:00,0.129,0.395,29.102,361.688383,4.7940000000000005,28.690675
2025-04-04 11:00:00,0.097,0.433,29.9,364.327912,4.205,18.134947
2025-04-04 12:00:00,0.07200000000000001,0.432,30.326,346.100775,3.87,13.430869000000001
2025-04-04 13:00:00,0.052000000000000005,0.386,30.496,302.451483,3.793,12.307259
2025-04-04 14:00:00,0.04,0.314,30.423,244.280427,4.013,15.271096
2025-04-04 15:00:00,0.029,0.222,30.076,170.131283,4.359,20.600994
2025-04-04 16:00:00,0.018000000000000002,0.125,29.434,89.675298,5.033,33.623828
2025-04-04 17:00:00,0.01,0.046,28.498,25.681751,5.59,46.624584999999996
2025-04-04 18:00:00,0.001,0.003,27.356,0.0,5.909,55.294779000000005
2025-04-04 19:00:00,0.0,0.0,26.694,0.0,5.697,49.61291000000001
2025-04-04 20:00:00,0.0,0.0,26.291,0.0,5.72,50.07288
2025-04-04 21:00:00,0.0,0.0,25.99,0.0,5.536,45.47729
2025-04-04 22:00:00,0.0,0.0,25.72,0.0,5.218,37.534561000000004
2025-04-04 23:00:00,0.0,0.0,25.493,0.0,5.256,38.417351000000004
2025-04-05 00:00:00,0.0,0.0,25.328,0.0,5.502,44.382765
2025-04-05 01:00:00,0.0,0.0,25.173,0.0,5.982,57.626559
2025-04-05 02:00:00,0.0,0.0,24.989,0.0,6.158,62.656425000000006
2025-04-05 03:00:00,0.0,0.0,24.811,0.0,6.153,62.503702
2025-04-05 04:00:00,0.0,0.0,24.662,0.0,6.215,64.559934
2025-04-05 05:00:00,0.0,0.0,24.528,0.0,6.207,64.391981
2025-04-05 06:00:00,0.006,0.011,24.609,0.415291,6.033,59.098549
2025-04-05 07:00:00,0.017,0.07200000000000001,25.281,51.28732,5.881,54.503108
2025-04-05 08:00:00,0.023,0.154,26.205,118.161479,6.695,80.384101
2025-04-05 09:00:00,0.03,0.244,27.251,189.840045,6.357,68.989863
2025-04-05 10:00:00,0.033,0.318,28.138,244.776089,5.99,57.641875999999996
2025-04-05 11:00:00,0.035,0.37,28.832,281.875401,5.812,52.587349
2025-04-05 12:00:00,0.034,0.38,29.293,287.084407,5.801,52.5056
2025-04-05 13:00:00,0.034,0.36,29.533,273.221951,5.953,56.849236
2025-04-05 14:00:00,0.027,0.291,29.444,219.830082,6.296,66.967507
2025-04-05 15:00:00,0.021,0.20800000000000002,29.089,155.103217,6.727,81.574695
2025-04-05 16:00:00,0.015,0.12,28.495,84.42904399999999,7.026,92.143366
2025-04-05 17:00:00,0.009000000000000001,0.046,27.684,25.301199,6.997,91.171318
2025-04-05 18:00:00,0.001,0.003,26.633,0.0,6.6,77.24007
2025-04-05 19:00:00,0.0,0.0,26.064,0.0,6.285,66.605724
2025-04-05 20:00:00,0.0,0.0,25.655,0.0,6.243,65.490356
2025-04-05 21:00:00,0.0,0.0,25.396,0.0,6.303,67.16837799999999
2025-04-05 22:00:00,0.0,0.0,25.151,0.0,6.37,69.613997
2025-04-05 23:00:00,0.0,0.0,24.914,0.0,6.348,68.84216599999999
2025-04-06 00:00:00,0.0,0.0,24.734,0.0,6.644,78.469436
2025-04-06 01:00:00,0.0,0.0,24.556,0.0,6.11,61.203572
2025-04-06 02:00:00,0.0,0.0,24.409,0.0,6.02,58.520817
2025-04-06 03:00:00,0.0,0.0,24.327,0.0,6.031,59.093788
2025-04-06 04:00:00,0.0,0.0,24.292,0.0,6.042,59.215348
2025-04-06 05:00:00,0.0,0.0,24.306,0.0,5.792,52.293406000000004
2025-04-06 06:00:00,0.011,0.013000000000000001,24.477,4.544875,5.287,39.352436000000004
2025-04-06 07:00:00,0.044,0.085,25.162,81.38738599999999,4.451,22.162917
2025-04-06 08:00:00,0.107,0.195,26.172,211.59910399999998,5.175,36.570739
2025-04-06 09:00:00,0.192,0.291,27.687,336.990338,4.817,29.011169000000002
2025-04-06 10:00:00,0.394,0.324,29.322,482.45799900000003,4.083,16.290605
2025-04-06 11:00:00,0.51,0.314,30.599,539.857259,3.62,10.306799999999999
2025-04-06 12:00:00,0.529,0.315,31.404,548.769901,3.276,6.646221
2025-04-06 13:00:00,0.425,0.34,31.705,503.425041,3.14,5.468479
2025-04-06 14:00:00,0.35000000000000003,0.322,31.61,449.354158,3.441,8.258364
2025-04-06 15:00:00,0.23700000000000002,0.271,31.058,348.15261599999997,4.122,17.00535
2025-04-06 16:00:00,0.081,0.165,29.951,166.658044,4.792,28.651465
2025-04-06 17:00:00,0.033,0.062,28.667,54.485129,4.983,32.362584999999996
2025-04-06 18:00:00,0.002,0.004,27.256,0.0,5.303,39.742604
2025-04-06 19:00:00,0.0,0.0,26.457,0.0,5.675,48.850615
2025-04-06 20:00:00,0.0,0.0,26.004,0.0,5.251,38.308443
2025-04-06 21:00:00,0.0,0.0,25.588,0.0,5.14,35.78447
2025-04-06 22:00:00,0.0,0.0,25.136,0.0,5.432,42.621275000000004
2025-04-06 23:00:00,0.0,0.0,24.729,0.0,5.626,47.576519
2025-04-07 00:00:00,0.0,0.0,24.453,0.0,5.648,48.138137
2025-04-07 01:00:00,0.0,0.0,24.278,0.0,5.65,48.194181
2025-04-07 02:00:00,0.0,0.0,24.139,0.0,5.743,50.69529
2025-04-07 03:00:00,0.0,0.0,24.062,0.0,5.719,50.060324
2025-04-07 04:00:00,0.0,0.0,23.945,0.0,5.417,42.26274
2025-04-07 05:00:00,0.0,0.0,23.855,0.0,5.354,40.742271
2025-04-07 06:00:00,0.013000000000000001,0.014,24.058,6.847524,5.465,43.56575
2025-04-07 07:00:00,0.054,0.093,25.051,94.933042,4.586,24.558201
2025-04-07 08:00:00,0.093,0.197,26.451,202.301421,5.268,38.708062
2025-04-07 09:00:00,0.152,0.302,27.871,317.214625,5.075,34.439669
2025-04-07 10:00:00,0.215,0.379,29.187,406.419135,4.87,30.216607
2025-04-07 11:00:00,0.253,0.421,30.238,453.81396,4.991,32.521366
2025-04-07 12:00:00,0.23700000000000002,0.437,30.801,452.913476,5.252,38.333112
2025-04-07 13:00:00,0.215,0.42,30.981,428.346544,5.587,46.620083
2025-04-07 14:00:00,0.157,0.368,30.796,359.114775,5.851,53.660624000000006
2025-04-07 15:00:00,0.065,0.256,30.177,221.067623,5.937,56.099436999999995
2025-04-07 16:00:00,0.023,0.129,29.319,96.805261,5.954,56.879116
2025-04-07 17:00:00,0.01,0.044,28.297,24.650544,5.68,48.981314
2025-04-07 18:00:00,0.001,0.003,27.106,0.0,5.501,44.345127999999995
2025-04-07 19:00:00,0.0,0.0,26.454,0.0,5.515,44.710547
2025-04-07 20:00:00,0.0,0.0,26.007,0.0,5.457,43.492324
2025-04-07 21:00:00,0.0,0.0,25.609,0.0,5.448,43.19083800000001
2025-04-07 22:00:00,0.0,0.0,25.315,0.0,5.674,48.828409
2025-04-07 23:00:00,0.0,0.0,25.089,0.0,6.283,66.546615
2025-04-08 00:00:00,0.0,0.0,24.93,0.0,6.745,82.309844
2025-04-08 01:00:00,0.0,0.0,24.747,0.0,6.818,84.55793
2025-04-08 02:00:00,0.0,0.0,24.61,0.0,6.23,65.184658
2025-04-08 03:00:00,0.0,0.0,24.461,0.0,5.599,46.853089
2025-04-08 04:00:00,0.0,0.0,24.476,0.0,5.843,53.434074
2025-04-08 05:00:00,0.0,0.0,24.446,0.0,5.503,44.39807
2025-04-08 06:00:00,0.018000000000000002,0.014,24.613,9.852296,5.372,41.157651
2025-04-08 07:00:00,0.083,0.094,25.62,117.880996,4.782,28.448252
2025-04-08 08:00:00,0.20500000000000002,0.193,27.023,279.38644300000004,5.389,41.585657
2025-04-08 09:00:00,0.397,0.248,28.722,439.363202,5.174,36.538180999999994
2025-04-08 10:00:00,0.541,0.256,30.321,525.704419,4.592,24.669944
2025-04-08 11:00:00,0.578,0.266,31.583,548.149534,4.235,18.601739000000002
2025-04-08 12:00:00,0.595,0.264,32.456,554.192677,4.325,20.047592
2025-04-08 13:00:00,0.631,0.23800000000000002,32.961,558.301701,4.682,26.329099
2025-04-08 14:00:00,0.659,0.20500000000000002,33.021,554.70099,5.196,37.158182000000004
2025-04-08 15:00:00,0.589,0.184,32.507,506.320073,5.797,52.412646
2025-04-08 16:00:00,0.421,0.15,31.575,387.57643199999995,6.502,73.63252800000001
2025-04-08 17:00:00,0.223,0.079,30.265,207.345992,6.944,89.322102
2025-04-08 18:00:00,0.013000000000000001,0.006,28.457,1.833919,7.104,95.280129
2025-04-08 19:00:00,0.0,0.0,27.417,0.0,6.831,85.32679399999999
2025-04-08 20:00:00,0.0,0.0,26.837,0.0,6.377,69.634947
2025-04-08 21:00:00,0.0,0.0,26.459,0.0,5.756,51.043928
2025-04-08 22:00:00,0.0,0.0,26.168,0.0,5.526,45.142298000000004
2025-04-08 23:00:00,0.0,0.0,25.944,0.0,5.72,50.062704
2025-04-09 00:00:00,0.0,0.0,25.753,0.0,5.9,55.052709
2025-04-09 01:00:00,0.0,0.0,25.551,0.0,6.136,62.001968
2025-04-09 02:00:00,0.0,0.0,25.371,0.0,6.325,68.009392
2025-04-09 03:00:00,0.0,0.0,25.252,0.0,6.563,75.677624
2025-04-09 04:00:00,0.0,0.0,25.16,0.0,6.297,66.986967
2025-04-09 05:00:00,0.0,0.0,25.068,0.0,6.24,65.48513799999999
2025-04-09 06:00:00,0.023,0.015,25.276,14.245097,6.579,76.55106500000001
2025-04-09 07:00:00,0.10400000000000001,0.096,26.378,134.806661,6.938,89.200053
2025-04-09 08:00:00,0.273,0.189,27.749,322.25910200000004,8.54,154.337704
2025-04-09 09:00:00,0.437,0.23600000000000002,29.213,455.883135,9.15,181.05547700000002
2025-04-09 10:00:00,0.494,0.267,30.269,504.854649,9.236,184.534381
2025-04-09 11:00:00,0.619,0.248,31.133,561.9971019999999,9.004,174.59758300000001
2025-04-09 12:00:00,0.623,0.249,31.625,563.1990330000001,8.884,169.19407199999998
2025-04-09 13:00:00,0.653,0.228,31.928,567.152721,9.063,176.913238
2025-04-09 14:00:00,0.638,0.20800000000000002,31.867,548.63451,9.53,196.601223
2025-04-09 15:00:00,0.62,0.17500000000000002,31.449,521.18489,9.948,213.53655600000002
2025-04-09 16:00:00,0.519,0.137,30.637,441.761263,9.884,210.92513200000002
2025-04-09 17:00:00,0.303,0.077,29.435,263.593989,9.294,186.76129
2025-04-09 18:00:00,0.014,0.006,27.89,2.2534099999999997,8.16,137.98691699999998
2025-04-09 19:00:00,0.0,0.0,26.859,0.0,7.505,110.896269
2025-04-09 20:00:00,0.0,0.0,26.342,0.0,7.216,99.34900400000001
2025-04-09 21:00:00,0.0,0.0,26.139,0.0,6.9719999999999995,90.139628
2025-04-09 22:00:00,0.0,0.0,26.042,0.0,6.945,89.324246
2025-04-09 23:00:00,0.0,0.0,25.871,0.0,7.273,101.618597
2025-04-10 00:00:00,0.0,0.0,25.721,0.0,7.382,105.891823
2025-04-10 01:00:00,0.0,0.0,25.564,0.0,7.381,105.779026
2025-04-10 02:00:00,0.0,0.0,25.385,0.0,7.303,102.68303200000001
2025-04-10 03:00:00,0.0,0.0,25.22,0.0,7.273,101.639434
2025-04-10 04:00:00,0.0,0.0,25.049,0.0,7.217,99.350928
2025-04-10 05:00:00,0.0,0.0,24.855,0.0,6.981,90.47720299999999
2025-04-10 06:00:00,0.042,0.017,24.901,28.655351,6.68,79.698162
2025-04-10 07:00:00,0.253,0.10200000000000001,26.009,250.34801099999999,7.383,105.949821
2025-04-10 08:00:00,0.499,0.16,27.552,450.64439799999997,8.597,156.808897
2025-04-10 09:00:00,0.577,0.199,29.009,517.503086,8.899000000000001,170.220863
2025-04-10 10:00:00,0.612,0.227,30.146,549.946657,8.853,167.89413000000002
2025-04-10 11:00:00,0.64,0.23800000000000002,31.071,568.7276800000001,8.608,157.28327
2025-04-10 12:00:00,0.649,0.241,31.636,573.185025,8.414,149.074296
2025-04-10 13:00:00,0.603,0.251,31.819,553.262145,8.215,140.2943
2025-04-10 14:00:00,0.493,0.263,31.648,498.445588,7.9510000000000005,129.080092
2025-04-10 15:00:00,0.298,0.247,30.96,371.473241,7.608,114.937265
2025-04-10 16:00:00,0.23,0.17300000000000001,30.159,278.769115,7.31,102.97362
2025-04-10 17:00:00,0.061,0.069,29.01,80.66063199999999,6.773,82.966931
2025-04-10 18:00:00,0.005,0.005,27.647,0.0,6.399,70.251879
2025-04-10 19:00:00,0.0,0.0,26.867,0.0,6.49,73.551058
2025-04-10 20:00:00,0.0,0.0,26.484,0.0,6.904,87.653265
2025-04-10 21:00:00,0.0,0.0,26.167,0.0,6.767,82.845553
2025-04-10 22:00:00,0.0,0.0,25.908,0.0,6.527,74.487921
2025-04-10 23:00:00,0.0,0.0,25.649,0.0,6.3629999999999995,69.188209
2025-04-11 00:00:00,0.0,0.0,25.328,0.0,6.45,71.945177
2025-04-11 01:00:00,0.0,0.0,25.055,0.0,6.484,73.370284
2025-04-11 02:00:00,0.0,0.0,24.867,0.0,6.58,76.58803
2025-04-11 03:00:00,0.0,0.0,24.667,0.0,6.454,72.203225
2025-04-11 04:00:00,0.0,0.0,24.458,0.0,6.027,58.930484
2025-04-11 05:00:00,0.0,0.0,24.364,0.0,6.401,70.33572
2025-04-11 06:00:00,0.022,0.016,24.592,13.922321,6.364,69.240121
2025-04-11 07:00:00,0.088,0.10300000000000001,25.73,128.827346,6.999,91.176613
2025-04-11 08:00:00,0.153,0.20700000000000002,27.133,253.07911199999998,8.131,136.700326
2025-04-11 09:00:00,0.184,0.302,28.364,338.01864,8.103,135.80363
2025-04-11 10:00:00,0.182,0.379,29.276,385.398804,7.839,124.42087
2025-04-11 11:00:00,0.17,0.429,29.94,408.301722,7.506,110.994439
2025-04-11 12:00:00,0.152,0.444,30.369,405.383706,7.224,99.620948
2025-04-11 13:00:00,0.136,0.419,30.494,378.874075,7.049,92.991202
2025-04-11 14:00:00,0.123,0.36,30.333,332.654395,7.076,94.18849800000001
2025-04-11 15:00:00,0.092,0.269,29.902,249.255406,7.11,95.31032499999999
2025-04-11 16:00:00,0.047,0.154,29.083,134.070205,7.377,105.715106
2025-04-11 17:00:00,0.023,0.059000000000000004,28.008,44.287165,7.43,107.700428
2025-04-11 18:00:00,0.002,0.004,26.857,0.0,6.875,86.775278
2025-04-11 19:00:00,0.0,0.0,26.186,0.0,6.801,83.96524400000001
2025-04-11 20:00:00,0.0,0.0,25.803,0.0,6.965,90.05948299999999
2025-04-11 21:00:00,0.0,0.0,25.581,0.0,7.154,97.175452
2025-04-11 22:00:00,0.0,0.0,25.424,0.0,7.299,102.53461800000001
2025-04-11 23:00:00,0.0,0.0,25.287,0.0,7.354,104.922345
2025-04-12 00:00:00,0.0,0.0,25.169,0.0,7.446,108.488583
2025-04-12 01:00:00,0.0,0.0,25.085,0.0,7.564,113.058452
2025-04-12 02:00:00,0.0,0.0,25.002,0.0,7.86,125.256522
2025-04-12 03:00:00,0.0,0.0,24.92,0.0,7.943,128.727611
2025-04-12 04:00:00,0.0,0.0,24.844,0.0,7.922,128.178362
2025-04-12 05:00:00,0.0,0.0,24.76,0.0,7.946,128.852619
2025-04-12 06:00:00,0.014,0.014,24.891,7.6757100000000005,7.871,126.079383
2025-04-12 07:00:00,0.064,0.098,25.777,106.529815,8.113,136.06205799999998
2025-04-12 08:00:00,0.105,0.201,26.965,213.511278,9.63,200.733375
2025-04-12 09:00:00,0.148,0.301,28.187,313.197764,10.088,218.957355
2025-04-12 10:00:00,0.181,0.377,29.286,383.38981,9.865,210.19820499999997
2025-04-12 11:00:00,0.23700000000000002,0.423,30.182,445.556969,9.442,193.296134
2025-04-12 12:00:00,0.201,0.44,30.573,432.746558,9.25,184.92894
2025-04-12 13:00:00,0.17,0.421,30.619,402.280434,8.968,172.82737899999998
2025-04-12 14:00:00,0.117,0.355,30.234,325.950597,8.816,166.296051
2025-04-12 15:00:00,0.10200000000000001,0.272,29.722,258.6885,8.738,163.278638
2025-04-12 16:00:00,0.064,0.164,28.917,154.233967,8.853,167.8938
2025-04-12 17:00:00,0.031,0.064,27.856,54.853602,8.723,162.229632
2025-04-12 18:00:00,0.002,0.004,26.73,0.0,7.952,129.103016
2025-04-12 19:00:00,0.0,0.0,26.039,0.0,7.467,109.17005999999999
2025-04-12 20:00:00,0.0,0.0,25.661,0.0,7.559,112.854378
2025-04-12 21:00:00,0.0,0.0,25.438,0.0,7.413,107.142147
2025-04-12 22:00:00,0.0,0.0,25.309,0.0,7.14,96.767615
2025-04-12 23:00:00,0.0,0.0,25.184,0.0,7.031,92.31913800000001
2025-04-13 00:00:00,0.0,0.0,25.031,0.0,6.733,81.875755
2025-04-13 01:00:00,0.0,0.0,24.885,0.0,6.591,76.64809699999999
2025-04-13 02:00:00,0.0,0.0,24.759,0.0,6.812,84.347182
2025-04-13 03:00:00,0.0,0.0,24.673000000000002,0.0,6.854,86.050522
2025-04-13 04:00:00,0.0,0.0,24.63,0.0,6.835,85.33479
2025-04-13 05:00:00,0.0,0.0,24.587,0.0,6.697,80.388487
2025-04-13 06:00:00,0.029,0.018000000000000002,24.855,20.213818,6.456,72.29336500000001
2025-04-13 07:00:00,0.129,0.108,25.977,163.730649,7.165,97.56111
2025-04-13 08:00:00,0.241,0.20600000000000002,27.393,313.00140799999997,8.738,163.216835
2025-04-13 09:00:00,0.30000000000000004,0.28800000000000003,28.723,403.8793,8.925,171.196649
2025-04-13 10:00:00,0.28700000000000003,0.36,29.661,438.787741,8.913,170.581226
2025-04-13 11:00:00,0.269,0.41500000000000004,30.333,459.66078000000005,8.816,166.26121700000002
2025-04-13 12:00:00,0.17500000000000002,0.441,30.507,418.20901299999997,8.738,163.243638
2025-04-13 13:00:00,0.133,0.422,30.614,378.65430200000003,8.639,158.616737
2025-04-13 14:00:00,0.061,0.326,30.292,267.353063,8.459,150.80996900000002
2025-04-13 15:00:00,0.033,0.22,29.696,171.951438,8.218,140.45049
2025-04-13 16:00:00,0.018000000000000002,0.12,28.875,86.806437,7.915,127.74732300000001
2025-04-13 17:00:00,0.011,0.047,27.97,27.765272,7.627,115.750808
2025-04-13 18:00:00,0.001,0.003,26.955,0.0,7.292,102.268589
2025-04-13 19:00:00,0.0,0.0,26.328,0.0,7.524,111.616943
2025-04-13 20:00:00,0.0,0.0,25.933,0.0,7.497,110.4898
2025-04-13 21:00:00,0.0,0.0,25.686,0.0,7.445,108.487353
2025-04-13 22:00:00,0.0,0.0,25.572,0.0,7.37,105.701523
2025-04-13 23:00:00,0.0,0.0,25.509,0.0,7.319,103.332598
2025-04-14 00:00:00,0.0,0.0,25.443,0.0,7.527,111.86158400000001
2025-04-14 01:00:00,0.0,0.0,25.356,0.0,7.646,116.80083
2025-04-14 02:00:00,0.0,0.0,25.272,0.0,7.764,121.501003
2025-04-14 03:00:00,0.0,0.0,25.198,0.0,7.851,125.24145200000001
2025-04-14 04:00:00,0.0,0.0,25.116,0.0,7.74,120.626662
2025-04-14 05:00:00,0.0,0.0,25.021,0.0,7.32,103.388983
2025-04-14 06:00:00,0.02,0.016,25.181,12.249449,6.88,86.806326
2025-04-14 07:00:00,0.095,0.101,26.281,132.138835,6.688,80.218875
2025-04-14 08:00:00,0.23600000000000002,0.2,27.781,304.69926,7.543,112.23353599999999
2025-04-14 09:00:00,0.428,0.25,29.422,458.202391,7.574,113.629872
2025-04-14 10:00:00,0.523,0.273,30.748,523.928078,7.502,110.61852499999999
2025-04-14 11:00:00,0.493,0.314,31.694,527.6927589999999,7.53,112.068762
2025-04-14 12:00:00,0.435,0.34900000000000003,32.307,513.160665,7.485,110.06986599999999
2025-04-14 13:00:00,0.363,0.362,32.475,478.90704700000003,7.379,105.71932799999999
2025-04-14 14:00:00,0.245,0.34400000000000003,32.228,397.011054,7.292,102.282008
2025-04-14 15:00:00,0.145,0.272,31.583,285.62440999999995,7.206,98.937829
2025-04-14 16:00:00,0.056,0.155,30.57,140.143905,7.223,99.610868
2025-04-14 17:00:00,0.024,0.058,29.419,44.167902999999995,7.33,104.099559
2025-04-14 18:00:00,0.002,0.004,28.13,0.0,7.473,109.418402
2025-04-14 19:00:00,0.0,0.0,27.342,0.0,7.83,124.40564599999999
2025-04-14 20:00:00,0.0,0.0,26.768,0.0,8.148,137.728709
2025-04-14 21:00:00,0.0,0.0,26.36,0.0,7.953,129.140687
2025-04-14 22:00:00,0.0,0.0,26.107,0.0,8.149,137.878311
2025-04-14 23:00:00,0.0,0.0,25.936,0.0,8.031,132.824324
2025-04-15 00:00:00,0.0,0.0,25.778,0.0,7.693,118.328776
2025-04-15 01:00:00,0.0,0.0,25.606,0.0,7.332,104.132496
2025-04-15 02:00:00,0.0,0.0,25.426,0.0,7.008,91.741327
2025-04-15 03:00:00,0.0,0.0,25.261,0.0,6.43,71.267971
2025-04-15 04:00:00,0.0,0.0,25.166,0.0,6.655,78.841053
2025-04-15 05:00:00,0.0,0.0,25.139,0.0,6.586,76.60064200000001
2025-04-15 06:00:00,0.016,0.015,25.293,8.948618,6.286,66.64957799999999
2025-04-15 07:00:00,0.065,0.098,26.308,106.96316,6.908,87.790394
2025-04-15 08:00:00,0.134,0.20400000000000001,27.731,236.182617,8.414,149.03669399999998
2025-04-15 09:00:00,0.187,0.298,29.167,335.835191,8.573,156.180631
2025-04-15 10:00:00,0.214,0.373,30.361,399.32065,8.418,149.409706
2025-04-15 11:00:00,0.189,0.421,31.084,412.74303100000003,8.112,136.022212
2025-04-15 12:00:00,0.195,0.436,31.629,424.28070299999996,7.927,128.186971
2025-04-15 13:00:00,0.191,0.41400000000000003,31.893,407.92765,7.99,131.124154
2025-04-15 14:00:00,0.17,0.358,31.836,359.606688,8.426,149.55687899999998
2025-04-15 15:00:00,0.15,0.276,31.442,292.296724,9.007,174.799983
2025-04-15 16:00:00,0.115,0.178,30.658,199.937961,9.139,180.16868
2025-04-15 17:00:00,0.051000000000000004,0.07100000000000001,29.418,74.564796,8.858,168.102312
2025-04-15 18:00:00,0.005,0.006,27.977,0.0,8.464,151.036788
2025-04-15 19:00:00,0.0,0.0,26.999,0.0,8.159,137.94626300000002
2025-04-15 20:00:00,0.0,0.0,26.358,0.0,8.202,139.72441
2025-04-15 21:00:00,0.0,0.0,26.004,0.0,8.306,144.379841
2025-04-15 22:00:00,0.0,0.0,25.807,0.0,8.505,153.020382
2025-04-15 23:00:00,0.0,0.0,25.612,0.0,8.898,170.17256
2025-04-16 00:00:00,0.0,0.0,25.42,0.0,9.011,175.068941
2025-04-16 01:00:00,0.0,0.0,25.222,0.0,8.835,167.310627
2025-04-16 02:00:00,0.0,0.0,25.052,0.0,8.441,150.417515
2025-04-16 03:00:00,0.0,0.0,24.895,0.0,8.176,138.797954
2025-04-16 04:00:00,0.0,0.0,24.812,0.0,7.962,129.530699
2025-04-16 05:00:00,0.0,0.0,24.73,0.0,8.136,136.91503400000002
2025-04-16 06:00:00,0.078,0.019,24.852,57.089053,8.127,136.66238
2025-04-16 07:00:00,0.35000000000000003,0.095,26.047,313.78578899999997,8.751,163.510132
2025-04-16 08:00:00,0.622,0.131,27.793,506.94861599999996,9.393,191.004861
2025-04-16 09:00:00,0.737,0.145,29.525,575.1026330000001,9.408,191.62435699999997
2025-04-16 10:00:00,0.803,0.147,30.845,607.642563,9.722,204.442499
2025-04-16 11:00:00,0.8,0.157,31.661,608.275049,10.016,216.097194
2025-04-16 12:00:00,0.808,0.159,32.107,611.940635,10.082,218.965013
2025-04-16 13:00:00,0.748,0.178,32.157,590.86303,10.111,219.766431
2025-04-16 14:00:00,0.61,0.20600000000000002,31.836,532.115165,10.021,216.284666
2025-04-16 15:00:00,0.5640000000000001,0.181,31.338,493.183701,9.8,207.59303500000001
2025-04-16 16:00:00,0.498,0.136,30.617,428.538035,9.44,193.296625
2025-04-16 17:00:00,0.321,0.076,29.443,275.737745,9.109,178.88585
2025-04-16 18:00:00,0.019,0.007,27.782,5.748918,8.823,166.670296
2025-04-16 19:00:00,0.0,0.0,26.65,0.0,8.637,158.514309
2025-04-16 20:00:00,0.0,0.0,25.982,0.0,8.854,167.918319
2025-04-16 21:00:00,0.0,0.0,25.542,0.0,9.187,182.534994
2025-04-16 22:00:00,0.0,0.0,25.253,0.0,9.264,185.735334
2025-04-16 23:00:00,0.0,0.0,25.081,0.0,9.409,191.624173
2025-04-17 00:00:00,0.0,0.0,24.929,0.0,9.064,176.956381
2025-04-17 01:00:00,0.0,0.0,24.767,0.0,8.446,150.42237
2025-04-17 02:00:00,0.0,0.0,24.62,0.0,8.285,143.517732
2025-04-17 03:00:00,0.0,0.0,24.509,0.0,8.08,134.914592
2025-04-17 04:00:00,0.0,0.0,24.408,0.0,7.866,125.734144
2025-04-17 05:00:00,0.0,0.0,24.258,0.0,7.645,116.74792699999999
2025-04-17 06:00:00,0.063,0.019,24.437,45.528878,7.622,115.741072
2025-04-17 07:00:00,0.319,0.097,25.762,293.97102,8.13,136.67810699999998
2025-04-17 08:00:00,0.58,0.137,27.45,486.66439399999996,10.229,224.21450399999998
2025-04-17 09:00:00,0.732,0.146,29.172,574.3904259999999,10.856,246.364378
2025-04-17 10:00:00,0.795,0.149,30.605,604.885151,10.618,238.51078
2025-04-17 11:00:00,0.8,0.156,31.624,608.069475,9.947,213.53775399999998
2025-04-17 12:00:00,0.8130000000000001,0.155,32.373,611.975633,9.348,189.028011
2025-04-17 13:00:00,0.789,0.16,32.778,600.712829,9.094,178.256696
2025-04-17 14:00:00,0.767,0.156,32.782,587.3267569999999,9.063,176.920755
2025-04-17 15:00:00,0.706,0.147,32.341,551.4250840000001,9.06,176.803664
2025-04-17 16:00:00,0.541,0.131,31.38,449.853563,9.276,186.006439
2025-04-17 17:00:00,0.231,0.078,29.878,212.27596499999999,9.523,196.326248
2025-04-17 18:00:00,0.014,0.006,28.138,2.5501590000000003,9.448,193.294138
2025-04-17 19:00:00,0.0,0.0,26.998,0.0,9.26,185.73575200000002
2025-04-17 20:00:00,0.0,0.0,26.28,0.0,8.746,163.41695800000002
2025-04-17 21:00:00,0.0,0.0,25.855,0.0,8.571,156.07134
2025-04-17 22:00:00,0.0,0.0,25.572,0.0,8.681000000000001,160.462818
2025-04-17 23:00:00,0.0,0.0,25.329,0.0,8.709,162.014707
2025-04-18 00:00:00,0.0,0.0,25.185,0.0,8.669,160.296641
2025-04-18 01:00:00,0.0,0.0,25.07,0.0,8.623,157.90730499999998
2025-04-18 02:00:00,0.0,0.0,24.947,0.0,8.593,156.63698000000002
2025-04-18 03:00:00,0.0,0.0,24.806,0.0,8.636,158.46069599999998
2025-04-18 04:00:00,0.0,0.0,24.721,0.0,8.593,156.61292300000002
2025-04-18 05:00:00,0.0,0.0,24.63,0.0,8.666,160.01522200000002
2025-04-18 06:00:00,0.059000000000000004,0.019,24.776,42.629603,8.699,161.252997
2025-04-18 07:00:00,0.259,0.1,25.919,253.081626,9.471,194.183245
2025-04-18 08:00:00,0.527,0.147,27.54,460.30959,11.363,261.772956
2025-04-18 09:00:00,0.726,0.15,29.227,572.590485,11.745,272.28303999999997
2025-04-18 10:00:00,0.791,0.153,30.602,604.465235,11.379,262.236549
2025-04-18 11:00:00,0.778,0.167,31.686,602.087336,10.271,225.769131
2025-04-18 12:00:00,0.766,0.17500000000000002,32.406,597.863238,9.428,192.46008600000002
2025-04-18 13:00:00,0.775,0.169,32.782,597.687672,9.517,196.200758
2025-04-18 14:00:00,0.751,0.165,32.735,583.7251160000001,10.092,219.122136
2025-04-18 15:00:00,0.5750000000000001,0.179,32.014,496.931382,10.276,225.95451
2025-04-18 16:00:00,0.399,0.151,30.841,375.33097499999997,10.006,215.700995
2025-04-18 17:00:00,0.164,0.078,29.32,164.260784,9.616,200.162604
2025-04-18 18:00:00,0.012,0.006,27.716,1.247067,9.187,182.532479
2025-04-18 19:00:00,0.0,0.0,26.692,0.0,8.647,159.216971
2025-04-18 20:00:00,0.0,0.0,26.072,0.0,8.334,145.66928099999998
2025-04-18 21:00:00,0.0,0.0,25.679,0.0,8.308,144.38177100000001
2025-04-18 22:00:00,0.0,0.0,25.441,0.0,8.696,161.25052
2025-04-18 23:00:00,0.0,0.0,25.282,0.0,9.197,182.765856
2025-04-19 00:00:00,0.0,0.0,25.172,0.0,9.53,196.615498
2025-04-19 01:00:00,0.0,0.0,25.054,0.0,9.579,199.00451500000003
2025-04-19 02:00:00,0.0,0.0,24.982,0.0,9.638,201.034807
2025-04-19 03:00:00,0.0,0.0,24.936,0.0,9.495,195.37311499999998
2025-04-19 04:00:00,0.0,0.0,24.905,0.0,9.069,177.176919
2025-04-19 05:00:00,0.0,0.0,24.905,0.0,8.778,164.99342000000001
2025-04-19 06:00:00,0.033,0.018000000000000002,25.118,23.077003,8.333,145.668137
2025-04-19 07:00:00,0.14200000000000002,0.107,26.16,171.639522,8.597,156.770455
2025-04-19 08:00:00,0.315,0.191,27.659,352.504054,9.751,205.634858
2025-04-19 09:00:00,0.5,0.227,29.362,487.779973,9.798,207.503465
2025-04-19 10:00:00,0.5640000000000001,0.252,30.732,535.680217,9.992,215.15519
2025-04-19 11:00:00,0.527,0.297,31.646,537.16665,10.122,220.187465
2025-04-19 12:00:00,0.384,0.365,31.916,494.489362,9.922,212.758457
2025-04-19 13:00:00,0.273,0.384,31.815,440.363489,9.623,200.429878
2025-04-19 14:00:00,0.214,0.34800000000000003,31.551,381.46841600000005,9.545,197.224173
2025-04-19 15:00:00,0.115,0.264,30.885,260.87615,9.618,200.24839
2025-04-19 16:00:00,0.066,0.16,30.015,151.683825,9.572,198.43042499999999
2025-04-19 17:00:00,0.033,0.064,28.914,55.829506,9.245,184.888363
2025-04-19 18:00:00,0.003,0.004,27.618,0.0,8.581,156.479627
2025-04-19 19:00:00,0.0,0.0,26.692,0.0,8.003,131.37435200000002
2025-04-19 20:00:00,0.0,0.0,26.069,0.0,7.813,123.295557
2025-04-19 21:00:00,0.0,0.0,25.704,0.0,7.808,123.071662
2025-04-19 22:00:00,0.0,0.0,25.482,0.0,7.9879999999999995,130.940374
2025-04-19 23:00:00,0.0,0.0,25.313,0.0,8.376,147.248854
2025-04-20 00:00:00,0.0,0.0,25.18,0.0,9.074,177.405464
2025-04-20 01:00:00,0.0,0.0,25.069,0.0,9.406,191.625126
2025-04-20 02:00:00,0.0,0.0,25.016,0.0,9.645,201.519787
2025-04-20 03:00:00,0.0,0.0,24.953,0.0,9.565,198.052734
2025-04-20 04:00:00,0.0,0.0,24.861,0.0,9.087,177.936192
2025-04-20 05:00:00,0.0,0.0,24.779,0.0,8.165,138.365385
2025-04-20 06:00:00,0.022,0.018000000000000002,24.9,15.047599,7.545,112.30561900000001
2025-04-20 07:00:00,0.08700000000000001,0.106,25.681,129.855298,6.642,78.400989
2025-04-20 08:00:00,0.179,0.21,26.966,273.26923800000003,7.907,127.345855
2025-04-20 09:00:00,0.258,0.296,28.536,381.93893699999995,7.942,128.697454
2025-04-20 10:00:00,0.28700000000000003,0.362,29.736,439.787972,7.399,106.850303
2025-04-20 11:00:00,0.259,0.41400000000000003,30.583,452.322288,6.786,83.418649
2025-04-20 12:00:00,0.222,0.439,31.111,443.806261,6.151,62.459452
2025-04-20 13:00:00,0.14100000000000001,0.421,31.236,382.282584,5.461,43.558167999999995
2025-04-20 14:00:00,0.065,0.331,30.872,272.664788,4.807,28.943473
2025-04-20 15:00:00,0.031,0.217,30.127,167.57316,4.405,21.523729
2025-04-20 16:00:00,0.016,0.115,29.184,81.28557,4.435,21.884325
2025-04-20 17:00:00,0.008,0.042,28.087,21.540516,4.5760000000000005,24.367197
2025-04-20 18:00:00,0.001,0.003,27.01,0.0,4.742,27.476108
2025-04-20 19:00:00,0.0,0.0,26.396,0.0,4.896,30.551889
2025-04-20 20:00:00,0.0,0.0,26.095,0.0,5.38,41.372129
2025-04-20 21:00:00,0.0,0.0,25.899,0.0,5.893,54.839686
2025-04-20 22:00:00,0.0,0.0,25.755,0.0,6.805,84.08417600000001
2025-04-20 23:00:00,0.0,0.0,25.649,0.0,6.945,89.32563400000001
2025-04-21 00:00:00,0.0,0.0,25.571,0.0,6.589,76.606319
2025-04-21 01:00:00,0.0,0.0,25.593,0.0,6.999,91.176095
2025-04-21 02:00:00,0.0,0.0,25.653,0.0,7.016,91.91170100000001
2025-04-21 03:00:00,0.0,0.0,25.651,0.0,7.223,99.581582
2025-04-21 04:00:00,0.0,0.0,25.566,0.0,6.838,85.340023
2025-04-21 05:00:00,0.0,0.0,25.438,0.0,6.715,81.082333
2025-04-21 06:00:00,0.004,0.011,25.359,0.0,6.615,77.64295200000001
2025-04-21 07:00:00,0.012,0.067,25.73,43.508424,6.271,66.153965
2025-04-21 08:00:00,0.022,0.152,26.33,115.055843,6.791,83.603529
2025-04-21 09:00:00,0.047,0.271,27.315,222.14836,6.789,83.5416
2025-04-21 10:00:00,0.063,0.358,28.351,293.104579,6.58,76.573076
2025-04-21 11:00:00,0.09,0.431,29.232,359.767342,6.922,88.587811
2025-04-21 12:00:00,0.079,0.435,29.589,354.209877,7.25,100.641592
2025-04-21 13:00:00,0.069,0.40800000000000003,29.637,329.807994,6.7620000000000005,82.834893
2025-04-21 14:00:00,0.032,0.295,29.259,226.52501800000002,5.689,49.241084
2025-04-21 15:00:00,0.027,0.217,28.847,165.51407,4.996,32.646414
2025-04-21 16:00:00,0.026000000000000002,0.14,28.428,107.72963,4.871,30.238576000000002
2025-04-21 17:00:00,0.021,0.062,27.775,46.028659,4.716,26.985122
2025-04-21 18:00:00,0.003,0.005,26.689,0.0,4.8469999999999995,29.564797
2025-04-21 19:00:00,0.0,0.0,26.046,0.0,5.182,36.727322
2025-04-21 20:00:00,0.0,0.0,25.749,0.0,5.083,34.513507
2025-04-21 21:00:00,0.0,0.0,25.601,0.0,5.171,36.463778
2025-04-21 22:00:00,0.0,0.0,25.513,0.0,5.468,43.571436
2025-04-21 23:00:00,0.0,0.0,25.484,0.0,6.121,61.536483
2025-04-22 00:00:00,0.0,0.0,25.449,0.0,6.615,77.599643
2025-04-22 01:00:00,0.0,0.0,25.429,0.0,6.791,83.60731200000001
2025-04-22 02:00:00,0.0,0.0,25.433,0.0,7.063,93.51493099999999
2025-04-22 03:00:00,0.0,0.0,25.413,0.0,7.313,103.082438
2025-04-22 04:00:00,0.0,0.0,25.35,0.0,7.242,100.626216
2025-04-22 05:00:00,0.0,0.0,25.266,0.0,7.237,100.375484
2025-04-22 06:00:00,0.008,0.012,25.273,2.265919,7.125,96.038682
2025-04-22 07:00:00,0.031,0.084,25.851,70.148195,6.567,75.830944
2025-04-22 08:00:00,0.076,0.191,26.698,184.971505,7.766,121.50441099999999
2025-04-22 09:00:00,0.16,0.297,27.935,319.019792,8.27,142.66316
2025-04-22 10:00:00,0.24,0.364,29.163,412.762749,8.118,136.443318
2025-04-22 11:00:00,0.276,0.4,30.031,455.31309600000003,7.947,128.907026
2025-04-22 12:00:00,0.273,0.41200000000000003,30.501,459.991534,7.687,118.10726700000001
2025-04-22 13:00:00,0.265,0.394,30.7,443.625341,7.42,107.646686
2025-04-22 14:00:00,0.243,0.34700000000000003,30.608,400.90281,7.238,100.47574800000001
2025-04-22 15:00:00,0.201,0.272,30.208,326.215674,7.177,97.94463999999999
2025-04-22 16:00:00,0.179,0.181,29.583,249.58889000000002,7.182,98.12468700000001
2025-04-22 17:00:00,0.10400000000000001,0.082,28.576999999999998,123.324606,6.871,86.767575
2025-04-22 18:00:00,0.008,0.007,27.187,0.0,6.556,75.440863
2025-04-22 19:00:00,0.0,0.0,26.397,0.0,6.517,74.131624
2025-04-22 20:00:00,0.0,0.0,25.958,0.0,6.134,61.929202
2025-04-22 21:00:00,0.0,0.0,25.575,0.0,5.754,50.986678
2025-04-22 22:00:00,0.0,0.0,25.275,0.0,6.057,59.699529999999996
2025-04-22 23:00:00,0.0,0.0,25.065,0.0,6.58,76.58763499999999
2025-04-23 00:00:00,0.0,0.0,24.907,0.0,6.381,69.66998099999999
2025-04-23 01:00:00,0.0,0.0,24.761,0.0,5.517,44.755522
2025-04-23 02:00:00,0.0,0.0,24.664,0.0,6.093,60.781767
2025-04-23 03:00:00,0.0,0.0,24.586,0.0,6.867,86.566358
2025-04-23 04:00:00,0.0,0.0,24.452,0.0,6.806,84.12765300000001
2025-04-23 05:00:00,0.0,0.0,24.303,0.0,6.789,83.531391
2025-04-23 06:00:00,0.066,0.02,24.446,49.062667000000005,6.514,74.03344
2025-04-23 07:00:00,0.269,0.101,25.599,261.08799700000003,6.634,78.103323
2025-04-23 08:00:00,0.47500000000000003,0.154,27.166,432.952852,7.914,127.641245
2025-04-23 09:00:00,0.632,0.171,28.669,533.551576,7.995,131.13647
2025-04-23 10:00:00,0.74,0.165,29.936,586.5562560000001,7.953,129.144505
2025-04-23 11:00:00,0.789,0.159,30.888,606.109714,8.037,132.83352499999998
2025-04-23 12:00:00,0.8150000000000001,0.153,31.515,614.549481,8.124,136.65869800000002
2025-04-23 13:00:00,0.788,0.161,31.723,603.758772,7.944,128.78453
2025-04-23 14:00:00,0.685,0.181,31.578,560.429919,7.532,112.090491
2025-04-23 15:00:00,0.597,0.17200000000000001,31.172,507.645873,7.171,97.93364100000001
2025-04-23 16:00:00,0.539,0.133,30.535,451.798477,7.006,91.594685
2025-04-23 17:00:00,0.229,0.079,29.35,212.335371,7.038,92.57198
2025-04-23 18:00:00,0.02,0.008,27.744,7.0903410000000004,7.08,94.510887
2025-04-23 19:00:00,0.0,0.0,26.703,0.0,7.482,109.841277
2025-04-23 20:00:00,0.0,0.0,26.009,0.0,7.554,112.68150800000001
2025-04-23 21:00:00,0.0,0.0,25.362,0.0,6.984,90.708386
2025-04-23 22:00:00,0.0,0.0,24.767,0.0,6.57,75.922859
2025-04-23 23:00:00,0.0,0.0,24.246,0.0,6.314,67.534822
2025-04-24 00:00:00,0.0,0.0,23.874,0.0,6.009,58.464459000000005
2025-04-24 01:00:00,0.0,0.0,23.563,0.0,5.73,50.340597
2025-04-24 02:00:00,0.0,0.0,23.284,0.0,5.606,47.044752
2025-04-24 03:00:00,0.0,0.0,23.099,0.0,5.621,47.438703000000004
2025-04-24 04:00:00,0.0,0.0,23.026,0.0,5.853,53.724899
2025-04-24 05:00:00,0.0,0.0,22.987,0.0,6.039,59.109572
2025-04-24 06:00:00,0.08700000000000001,0.021,23.375,66.473223,5.836,53.237332
2025-04-24 07:00:00,0.269,0.10200000000000001,24.958,263.12915399999997,5.22,37.583065000000005
2025-04-24 08:00:00,0.382,0.171,26.802,384.687624,6.421,71.250585
2025-04-24 09:00:00,0.47800000000000004,0.215,28.39,469.94570600000003,6.132,61.87008
2025-04-24 10:00:00,0.549,0.23600000000000002,29.768,520.062756,5.536,45.486483
2025-04-24 11:00:00,0.637,0.224,31.023,559.18124,5.049,33.977328
2025-04-24 12:00:00,0.721,0.194,31.973,585.402951,4.739,27.434526
2025-04-24 13:00:00,0.755,0.17500000000000002,32.543,591.963745,4.52,23.365287
2025-04-24 14:00:00,0.729,0.171,32.672,575.477734,4.417,21.626644
2025-04-24 15:00:00,0.593,0.177,32.266,505.032253,4.493,22.898332999999997
2025-04-24 16:00:00,0.377,0.152,31.33,360.86652100000003,4.9190000000000005,31.031007000000002
2025-04-24 17:00:00,0.26,0.08,30.019,234.954991,5.562,46.129874
2025-04-24 18:00:00,0.024,0.008,28.052,9.504978999999999,6.069,59.972353000000005
2025-04-24 19:00:00,0.0,0.0,26.824,0.0,6.485,73.395218
2025-04-24 20:00:00,0.0,0.0,26.125,0.0,6.729,81.686909
2025-04-24 21:00:00,0.0,0.0,25.511,0.0,6.506,73.768195
2025-04-24 22:00:00,0.0,0.0,24.941,0.0,6.123,61.588682
2025-04-24 23:00:00,0.0,0.0,24.447,0.0,5.936,56.082142999999995
2025-04-25 00:00:00,0.0,0.0,24.066,0.0,5.745,50.736067999999996
2025-04-25 01:00:00,0.0,0.0,23.794,0.0,5.675,48.850488
2025-04-25 02:00:00,0.0,0.0,23.636,0.0,5.835,53.221255
2025-04-25 03:00:00,0.0,0.0,23.665,0.0,6.224,64.786447
2025-04-25 04:00:00,0.0,0.0,23.701,0.0,6.631,78.00902400000001
2025-04-25 05:00:00,0.0,0.0,23.697,0.0,6.807,84.16116099999999
2025-04-25 06:00:00,0.049,0.021,23.953,37.574746,6.257,65.949482
2025-04-25 07:00:00,0.14,0.111,25.088,174.940874,6.199,63.948339
2025-04-25 08:00:00,0.18,0.20700000000000002,26.384,272.55367,7.462,108.963276
2025-04-25 09:00:00,0.22,0.295,27.666,358.18664,7.659,117.320696
2025-04-25 10:00:00,0.248,0.363,28.792,418.374211,7.362,105.078614
2025-04-25 11:00:00,0.245,0.41000000000000003,29.661,443.660174,6.922,88.587588
2025-04-25 12:00:00,0.201,0.432,30.099,428.89621500000004,6.795,83.73795799999999
2025-04-25 13:00:00,0.15,0.41200000000000003,30.18,384.451766,6.909,87.851506
2025-04-25 14:00:00,0.105,0.34700000000000003,29.937,312.44599800000003,7.213,99.20521400000001
2025-04-25 15:00:00,0.078,0.258,29.498,232.285568,7.582,114.11421
2025-04-25 16:00:00,0.05,0.156,28.807,137.56654999999998,7.865,125.64583900000001
2025-04-25 17:00:00,0.025,0.061,27.842,47.617553,7.798,122.676711
2025-04-25 18:00:00,0.003,0.005,26.632,0.0,7.163,97.41378200000001
2025-04-25 19:00:00,0.0,0.0,25.841,0.0,6.615,77.638742
2025-04-25 20:00:00,0.0,0.0,25.374,0.0,6.242,65.489328
2025-04-25 21:00:00,0.0,0.0,25.035,0.0,6.184,63.571501
2025-04-25 22:00:00,0.0,0.0,24.751,0.0,6.263,66.118201
2025-04-25 23:00:00,0.0,0.0,24.418,0.0,6.483,73.32786999999999
2025-04-26 00:00:00,0.0,0.0,24.06,0.0,6.473,72.748184
2025-04-26 01:00:00,0.0,0.0,23.742,0.0,6.283,66.52731299999999
2025-04-26 02:00:00,0.0,0.0,23.492,0.0,5.842,53.400628
2025-04-26 03:00:00,0.0,0.0,23.292,0.0,5.277,39.047822999999994
2025-04-26 04:00:00,0.0,0.0,23.265,0.0,5.087,34.611237
2025-04-26 05:00:00,0.0,0.0,23.336,0.0,5.141,35.796602
2025-04-26 06:00:00,0.021,0.017,23.627,13.617597,5.244,38.137585
2025-04-26 07:00:00,0.07200000000000001,0.098,24.628,112.832715,5.107,35.0433
2025-04-26 08:00:00,0.189,0.2,26.208,274.57218800000004,6.92,88.56291800000001
2025-04-26 09:00:00,0.329,0.265,27.903,409.746533,7.355,104.923973
2025-04-26 10:00:00,0.424,0.297,29.18,484.35434000000004,7.094,94.811955
2025-04-26 11:00:00,0.446,0.322,30.138,509.642883,6.7620000000000005,82.83564299999999
2025-04-26 12:00:00,0.419,0.343,30.749,504.704585,6.587,76.602868
2025-04-26 13:00:00,0.372,0.34500000000000003,31.027,477.667631,6.595,76.920132
2025-04-26 14:00:00,0.341,0.313,31.027,439.828952,6.646,78.522363
2025-04-26 15:00:00,0.252,0.259,30.64,350.36806199999995,6.582,76.59252400000001
2025-04-26 16:00:00,0.20600000000000002,0.17500000000000002,30.005,263.543673,6.211,64.550875
2025-04-26 17:00:00,0.17500000000000002,0.084,29.102,177.19700899999998,5.72,50.068802000000005
2025-04-26 18:00:00,0.025,0.009000000000000001,27.379,10.865708,5.668,48.664122000000006
2025-04-26 19:00:00,0.0,0.0,26.241,0.0,5.799,52.475398
2025-04-26 20:00:00,0.0,0.0,25.55,0.0,5.877,54.398074
2025-04-26 21:00:00,0.0,0.0,24.976,0.0,5.848,53.582437
2025-04-26 22:00:00,0.0,0.0,24.599,0.0,6.068,59.955138
2025-04-26 23:00:00,0.0,0.0,24.456,0.0,6.236,65.362624
2025-04-27 00:00:00,0.0,0.0,24.29,0.0,6.211,64.550624
2025-04-27 01:00:00,0.0,0.0,24.113,0.0,6.16,62.709466
2025-04-27 02:00:00,0.0,0.0,24.081,0.0,5.933,56.002269
2025-04-27 03:00:00,0.0,0.0,24.064,0.0,5.871,54.225108
2025-04-27 04:00:00,0.0,0.0,23.984,0.0,5.73,50.33399
2025-04-27 05:00:00,0.0,0.0,23.851,0.0,5.656,48.353924
2025-04-27 06:00:00,0.069,0.021,24.097,52.225917,5.452,43.347609
2025-04-27 07:00:00,0.28500000000000003,0.10200000000000001,25.494,273.612506,5.973,57.414339999999996
2025-04-27 08:00:00,0.579,0.14,27.349,487.770718,6.52,74.259408
2025-04-27 09:00:00,0.6980000000000001,0.155,29.08,560.830519,6.538,74.86023399999999
2025-04-27 10:00:00,0.761,0.161,30.489,593.757248,6.572,76.081186
2025-04-27 11:00:00,0.756,0.176,31.425,595.7644740000001,6.79,83.57633100000001
2025-04-27 12:00:00,0.717,0.199,31.933,586.0582539999999,7.127,96.04125
2025-04-27 13:00:00,0.557,0.26,31.94,532.4956360000001,7.422,107.68508800000001
2025-04-27 14:00:00,0.338,0.298,31.308,428.40353600000003,7.765,121.502996
2025-04-27 15:00:00,0.262,0.25,30.568,351.826364,8.083,134.952636
2025-04-27 16:00:00,0.183,0.171,29.663,244.943391,8.408,148.69544
2025-04-27 17:00:00,0.105,0.078,28.499,120.56480400000001,8.473,151.442583
2025-04-27 18:00:00,0.013000000000000001,0.007,27.169,2.425304,8.263,142.65490499999999
2025-04-27 19:00:00,0.0,0.0,26.252,0.0,8.028,132.660731
2025-04-27 20:00:00,0.0,0.0,25.725,0.0,7.192,98.701449
2025-04-27 21:00:00,0.0,0.0,25.392,0.0,6.921,88.58399
2025-04-27 22:00:00,0.0,0.0,25.183,0.0,7.028,92.225182
2025-04-27 23:00:00,0.0,0.0,25.009,0.0,7.154,97.17638099999999
2025-04-28 00:00:00,0.0,0.0,24.888,0.0,7.295,102.37235000000001
2025-04-28 01:00:00,0.0,0.0,24.81,0.0,7.446,108.48949800000001
2025-04-28 02:00:00,0.0,0.0,24.742,0.0,7.398,106.799282
2025-04-28 03:00:00,0.0,0.0,24.584,0.0,7.291,102.238871
2025-04-28 04:00:00,0.0,0.0,24.459,0.0,7.217,99.353348
2025-04-28 05:00:00,0.0,0.0,24.356,0.0,6.943,89.321654
2025-04-28 06:00:00,0.05,0.022,24.605,37.879793,6.375,69.63212
2025-04-28 07:00:00,0.17400000000000002,0.113,25.881,200.69789699999998,6.82,84.654968
2025-04-28 08:00:00,0.31,0.197,27.433,353.30264,7.312,103.066073
2025-04-28 09:00:00,0.41500000000000004,0.254,28.877,454.15636700000005,6.947,89.32843
2025-04-28 10:00:00,0.45,0.299,30.073,498.996127,6.551,75.283363
2025-04-28 11:00:00,0.431,0.34400000000000003,30.966,511.64520699999997,6.429,71.26599300000001
2025-04-28 12:00:00,0.309,0.404,31.436,473.898585,6.459,72.52289
2025-04-28 13:00:00,0.161,0.41600000000000004,31.346,391.454948,6.543,75.032382
2025-04-28 14:00:00,0.043000000000000003,0.297,30.476,234.040289,6.443,71.911121
2025-04-28 15:00:00,0.019,0.186,29.484,137.021186,6.112,61.271084
2025-04-28 16:00:00,0.01,0.097,28.539,62.940644,5.497,44.247775000000004
2025-04-28 17:00:00,0.005,0.035,27.636,14.916491,4.452,22.177599999999998
2025-04-28 18:00:00,0.001,0.003,26.745,0.0,3.959,14.635921
2025-04-28 19:00:00,0.0,0.0,26.205,0.0,4.035,15.651916
2025-04-28 20:00:00,0.0,0.0,25.899,0.0,4.093,16.432258
2025-04-28 21:00:00,0.0,0.0,25.714,0.0,4.304,19.706792
2025-04-28 22:00:00,0.0,0.0,25.558,0.0,4.439,21.94922
2025-04-28 23:00:00,0.0,0.0,25.426,0.0,4.792,28.644878000000002
2025-04-29 00:00:00,0.0,0.0,25.3,0.0,5.256,38.416487000000004
2025-04-29 01:00:00,0.0,0.0,25.125,0.0,5.2,37.340848
2025-04-29 02:00:00,0.0,0.0,24.949,0.0,5.221,37.61145
2025-04-29 03:00:00,0.0,0.0,24.84,0.0,5.288,39.372506
2025-04-29 04:00:00,0.0,0.0,24.77,0.0,5.484,43.918793
2025-04-29 05:00:00,0.0,0.0,24.713,0.0,5.595,46.766223
2025-04-29 06:00:00,0.006,0.013000000000000001,24.843,1.72621,5.6129999999999995,47.213018
2025-04-29 07:00:00,0.017,0.08,25.477,56.746367,4.8,28.805089
2025-04-29 08:00:00,0.031,0.17500000000000002,26.269,139.31774299999998,6.192,63.93416199999999
2025-04-29 09:00:00,0.048,0.279,27.421,228.508604,7.171,97.93355899999999
2025-04-29 10:00:00,0.059000000000000004,0.365,28.561,295.011324,7.223,99.60807700000001
2025-04-29 11:00:00,0.052000000000000005,0.404,29.282,316.662755,6.864,86.34473
2025-04-29 12:00:00,0.033,0.379,29.499,285.843564,6.531,74.631433
2025-04-29 13:00:00,0.019,0.306,29.243,224.698209,6.232,65.230152
2025-04-29 14:00:00,0.011,0.222,28.652,157.94905799999998,5.873,54.274432999999995
2025-04-29 15:00:00,0.006,0.138,27.877,91.710393,5.59,46.630748
2025-04-29 16:00:00,0.004,0.07100000000000001,27.123,39.855552,5.051,34.006263
2025-04-29 17:00:00,0.002,0.025,26.436,6.291918,5.095,34.769741
2025-04-29 18:00:00,0.0,0.002,25.921,0.0,5.907,55.249074
2025-04-29 19:00:00,0.0,0.0,25.691,0.0,6.195,63.940650999999995
2025-04-29 20:00:00,0.0,0.0,25.596,0.0,6.591,76.683393
2025-04-29 21:00:00,0.0,0.0,25.439,0.0,6.854,86.050439
2025-04-29 22:00:00,0.0,0.0,25.145,0.0,7.504,110.831782
2025-04-29 23:00:00,0.0,0.0,24.852,0.0,7.354,104.92071700000001
2025-04-30 00:00:00,0.0,0.0,24.616,0.0,7.159,97.186027
2025-04-30 01:00:00,0.0,0.0,24.452,0.0,7.055,93.222319
2025-04-30 02:00:00,0.0,0.0,24.379,0.0,6.954,89.59025199999999
2025-04-30 03:00:00,0.0,0.0,24.388,0.0,6.843,85.536687
2025-04-30 04:00:00,0.0,0.0,24.403,0.0,6.791,83.59443399999999
2025-04-30 05:00:00,0.0,0.0,24.372,0.0,6.604,77.277936
2025-04-30 06:00:00,0.017,0.017,24.576999999999998,10.885539000000001,5.804,52.512453
2025-04-30 07:00:00,0.047,0.094,25.354,90.912992,4.282,19.488235
2025-04-30 08:00:00,0.091,0.197,26.328,201.330755,5.02,33.138751
2025-04-30 09:00:00,0.145,0.295,27.566,307.982608,5.932,55.976664
2025-04-30 10:00:00,0.2,0.368,28.797,390.815597,6.198,63.945802
2025-04-30 11:00:00,0.232,0.41000000000000003,29.74,435.206887,6.297,66.978325
2025-04-30 12:00:00,0.189,0.426,30.241,417.56071000000003,6.421,71.250032
2025-04-30 13:00:00,0.196,0.405,30.514,408.671617,6.443,71.91157799999999
2025-04-30 14:00:00,0.193,0.35100000000000003,30.508,371.82268,6.398,70.211097
2025-04-30 15:00:00,0.199,0.273,30.313,325.168453,6.376,69.63293399999999
2025-04-30 16:00:00,0.18,0.182,29.747,250.225424,6.066,59.874441
2025-04-30 17:00:00,0.111,0.084,28.672,129.57479,5.483,43.903279000000005
2025-04-30 18:00:00,0.009000000000000001,0.007,27.085,0.0,4.995,32.608818
2025-04-30 19:00:00,0.0,0.0,26.088,0.0,5.438,42.785526
2025-04-30 20:00:00,0.0,0.0,25.53,0.0,5.707,49.9523
2025-04-30 21:00:00,0.0,0.0,25.205,0.0,6.021,58.553619
2025-04-30 22:00:00,0.0,0.0,24.95,0.0,5.734,50.446555000000004
2025-04-30 23:00:00,0.0,0.0,24.768,0.0,5.659,48.429162
2025-05-01 00:00:00,0.0,0.0,24.571,0.0,5.471,43.602118000000004
2025-05-01 01:00:00,0.0,0.0,24.355,0.0,5.054,34.077115
2025-05-01 02:00:00,0.0,0.0,24.152,0.0,4.795,28.698734
2025-05-01 03:00:00,0.0,0.0,24.017,0.0,4.784,28.479934
2025-05-01 04:00:00,0.0,0.0,23.895,0.0,4.774,28.172725999999997
2025-05-01 05:00:00,0.0,0.0,23.809,0.0,4.957,31.823016
2025-05-01 06:00:00,0.017,0.018000000000000002,24.012,11.871376,4.93,31.258812000000002
2025-05-01 07:00:00,0.049,0.098,24.741,95.223976,4.579,24.429196
2025-05-01 08:00:00,0.092,0.202,25.749,206.548044,5.261,38.528752999999995
2025-05-01 09:00:00,0.129,0.301,27.056,302.27642499999996,5.199,37.317329
2025-05-01 10:00:00,0.122,0.376,28.12,346.09912099999997,4.761,27.854508999999997
2025-05-01 11:00:00,0.081,0.404,28.7,336.66862199999997,4.127,17.079604
2025-05-01 12:00:00,0.062,0.398,29.005,319.72648,3.52,9.089274
2025-05-01 13:00:00,0.076,0.391,29.305,323.46286599999996,3.087,5.046752000000001
2025-05-01 14:00:00,0.109,0.354,29.506,320.08918800000004,2.894,3.6634879999999996
2025-05-01 15:00:00,0.126,0.277,29.467,279.43794,2.826,3.245471
2025-05-01 16:00:00,0.114,0.181,29.045,203.789317,2.662,2.35073
2025-05-01 17:00:00,0.062,0.078,28.158,88.236932,2.3810000000000002,1.2319749999999998
2025-05-01 18:00:00,0.007,0.007,26.833,0.0,2.14,0.626466
2025-05-01 19:00:00,0.0,0.0,25.819,0.0,1.966,0.357585
2025-05-01 20:00:00,0.0,0.0,25.224,0.0,1.845,0.22557
2025-05-01 21:00:00,0.0,0.0,24.82,0.0,1.729,0.14057499999999998
2025-05-01 22:00:00,0.0,0.0,24.602,0.0,1.6680000000000001,0.1082
2025-05-01 23:00:00,0.0,0.0,24.445,0.0,1.7530000000000001,0.155609
2025-05-02 00:00:00,0.0,0.0,24.258,0.0,2.197,0.756743
2025-05-02 01:00:00,0.0,0.0,24.038,0.0,2.907,3.752167
2025-05-02 02:00:00,0.0,0.0,23.856,0.0,3.385,7.688019000000001
2025-05-02 03:00:00,0.0,0.0,23.728,0.0,3.497,8.93168
2025-05-02 04:00:00,0.0,0.0,23.602,0.0,3.702,11.284683999999999
2025-05-02 05:00:00,0.0,0.0,23.489,0.0,4.173,17.639186000000002
2025-05-02 06:00:00,0.047,0.021,23.733,35.385801,4.287,19.568497
2025-05-02 07:00:00,0.197,0.11,24.655,216.088889,3.463,8.578187
2025-05-02 08:00:00,0.41000000000000003,0.17500000000000002,26.011,407.29265999999996,3.073,4.936232
2025-05-02 09:00:00,0.536,0.209,27.896,501.629548,2.393,1.2715999999999998
2025-05-02 10:00:00,0.5710000000000001,0.24,29.322,536.454709,1.48,0.04299
2025-05-02 11:00:00,0.492,0.301,30.263,523.245707,0.779,0.0
2025-05-02 12:00:00,0.368,0.361,30.7,485.223736,1.11,0.004019
2025-05-02 13:00:00,0.31,0.371,30.807,456.42364399999997,1.7850000000000001,0.180145
2025-05-02 14:00:00,0.152,0.338,30.244,337.456587,2.3,1.015602
2025-05-02 15:00:00,0.133,0.265,29.576999999999998,275.85258799999997,2.515,1.706981
2025-05-02 16:00:00,0.101,0.17200000000000001,28.754,187.646074,2.343,1.13971
2025-05-02 17:00:00,0.038,0.067,27.663,61.766914,2.101,0.554603
2025-05-02 18:00:00,0.003,0.005,26.562,0.0,2.192,0.737264
2025-05-02 19:00:00,0.0,0.0,25.839,0.0,2.449,1.486117
2025-05-02 20:00:00,0.0,0.0,25.493,0.0,2.593,2.029515
2025-05-02 21:00:00,0.0,0.0,25.303,0.0,2.583,2.012222
2025-05-02 22:00:00,0.0,0.0,25.203,0.0,2.222,0.8014199999999999
2025-05-02 23:00:00,0.0,0.0,25.124,0.0,2.24,0.8436480000000001
2025-05-03 00:00:00,0.0,0.0,25.002,0.0,2.063,0.5031070000000001
2025-05-03 01:00:00,0.0,0.0,24.852,0.0,1.959,0.354586
2025-05-03 02:00:00,0.0,0.0,24.773,0.0,2.444,1.4560309999999999
2025-05-03 03:00:00,0.0,0.0,24.703,0.0,2.617,2.1400740000000003
2025-05-03 04:00:00,0.0,0.0,24.628,0.0,2.682,2.451457
2025-05-03 05:00:00,0.0,0.0,24.566,0.0,2.572,1.976781
2025-05-03 06:00:00,0.001,0.007,24.633,0.0,2.254,0.877756
2025-05-03 07:00:00,0.005,0.054,25.161,29.001534,1.8780000000000001,0.26387099999999997
2025-05-03 08:00:00,0.011,0.132,25.775,91.935704,2.012,0.415416
2025-05-03 09:00:00,0.018000000000000002,0.223,26.507,165.71942,2.732,2.74601
2025-05-03 10:00:00,0.025,0.306,27.207,231.346853,3.891,13.702594999999999
2025-05-03 11:00:00,0.026000000000000002,0.34800000000000003,27.804,261.648157,4.95,31.665774000000003
2025-05-03 12:00:00,0.029,0.37,28.219,278.36637199999996,5.327,40.154379
2025-05-03 13:00:00,0.024,0.333,28.337,249.076778,5.168,36.397117
2025-05-03 14:00:00,0.013000000000000001,0.23900000000000002,28.014,173.021743,4.764,27.917057
2025-05-03 15:00:00,0.01,0.168,27.587,117.945475,4.094,16.451956
2025-05-03 16:00:00,0.009000000000000001,0.106,27.087,70.340174,3.252,6.430169
2025-05-03 17:00:00,0.006,0.042,26.414,20.593229,2.366,1.184393
2025-05-03 18:00:00,0.001,0.003,25.727,0.0,2.039,0.466528
2025-05-03 19:00:00,0.0,0.0,25.404,0.0,2.13,0.607514
2025-05-03 20:00:00,0.0,0.0,25.264,0.0,2.194,0.743614
2025-05-03 21:00:00,0.0,0.0,25.142,0.0,2.093,0.5504690000000001
2025-05-03 22:00:00,0.0,0.0,25.007,0.0,2.252,0.871529
2025-05-03 23:00:00,0.0,0.0,24.822,0.0,3.145,5.511196
2025-05-04 00:00:00,0.0,0.0,24.675,0.0,3.997,15.046928
2025-05-04 01:00:00,0.0,0.0,24.545,0.0,4.2780000000000005,19.406578
2025-05-04 02:00:00,0.0,0.0,24.433,0.0,4.24,18.675235
2025-05-04 03:00:00,0.0,0.0,24.312,0.0,4.017,15.333981
2025-05-04 04:00:00,0.0,0.0,24.197,0.0,4.156,17.432366000000002
2025-05-04 05:00:00,0.0,0.0,24.136,0.0,4.634,25.601168
2025-05-04 06:00:00,0.009000000000000001,0.014,24.294,3.8379630000000002,4.868,30.132918
2025-05-04 07:00:00,0.028,0.084,24.962,68.546711,4.149,17.410836
2025-05-04 08:00:00,0.066,0.187,25.738,175.372589,4.168,17.565395
2025-05-04 09:00:00,0.126,0.29,26.824,292.498029,4.199,18.042072
2025-05-04 10:00:00,0.241,0.358,28.11,412.310348,3.7439999999999998,11.687799
2025-05-04 11:00:00,0.323,0.376,29.224,471.104338,3.062,4.851863000000001
2025-05-04 12:00:00,0.393,0.359,30.089,500.829492,2.362,1.172445
2025-05-04 13:00:00,0.449,0.323,30.65,510.85400799999996,1.613,0.084527
2025-05-04 14:00:00,0.363,0.311,30.72,452.580433,1.085,0.003192
2025-05-04 15:00:00,0.233,0.268,30.292,344.514739,1.3679999999999999,0.023718
2025-05-04 16:00:00,0.109,0.17300000000000001,29.469,193.85175700000002,1.988,0.381832
2025-05-04 17:00:00,0.068,0.078,28.708,92.874013,2.513,1.6970750000000001
2025-05-04 18:00:00,0.007,0.007,27.446,0.0,3.349,7.334883
2025-05-04 19:00:00,0.0,0.0,26.493,0.0,4.418,21.627019
2025-05-04 20:00:00,0.0,0.0,25.876,0.0,5.017,33.090324
2025-05-04 21:00:00,0.0,0.0,25.412,0.0,5.022,33.217504
2025-05-04 22:00:00,0.0,0.0,25.034,0.0,4.55,23.905810000000002
2025-05-04 23:00:00,0.0,0.0,24.74,0.0,4.429,21.782725
2025-05-05 00:00:00,0.0,0.0,24.53,0.0,4.67,26.110011
2025-05-05 01:00:00,0.0,0.0,24.354,0.0,4.767,27.961364
2025-05-05 02:00:00,0.0,0.0,24.191,0.0,4.911,30.867776999999997
2025-05-05 03:00:00,0.0,0.0,24.052,0.0,4.948,31.631335
2025-05-05 04:00:00,0.0,0.0,23.938,0.0,4.536,23.811232
2025-05-05 05:00:00,0.0,0.0,23.854,0.0,3.878,13.537985
2025-05-05 06:00:00,0.025,0.019,24.103,18.059493999999997,3.261,6.508191
2025-05-05 07:00:00,0.107,0.11,25.142,148.461378,2.521,1.731044
2025-05-05 08:00:00,0.246,0.20400000000000001,26.371,316.224337,2.664,2.364126
2025-05-05 09:00:00,0.305,0.276,27.853,401.32346,2.159,0.663763
2025-05-05 10:00:00,0.333,0.334,28.996,452.179436,1.588,0.074205
2025-05-05 11:00:00,0.326,0.376,29.764,472.144004,1.641,0.098106
2025-05-05 12:00:00,0.307,0.395,30.16,470.918184,2.027,0.443875
2025-05-05 13:00:00,0.277,0.388,30.318,448.376016,2.5620000000000003,1.930031
2025-05-05 14:00:00,0.17400000000000002,0.352,29.974,361.69593599999996,3.474,8.687642
2025-05-05 15:00:00,0.081,0.256,29.142,233.91248199999998,4.419,21.629026999999997
2025-05-05 16:00:00,0.046,0.154,28.185,134.017888,4.618,25.284659
2025-05-05 17:00:00,0.01,0.045,27.122,25.567873,4.605,24.898003
2025-05-05 18:00:00,0.001,0.003,26.255,0.0,4.695,26.582269
2025-05-05 19:00:00,0.0,0.0,25.82,0.0,4.572,24.293164
2025-05-05 20:00:00,0.0,0.0,25.607,0.0,4.454,22.207774
2025-05-05 21:00:00,0.0,0.0,25.48,0.0,4.329,20.111097
2025-05-05 22:00:00,0.0,0.0,25.363,0.0,4.263,19.044321
2025-05-05 23:00:00,0.0,0.0,25.228,0.0,4.397,21.39109
2025-05-06 00:00:00,0.0,0.0,25.094,0.0,4.563,24.141418
2025-05-06 01:00:00,0.0,0.0,24.966,0.0,4.714,26.950858
2025-05-06 02:00:00,0.0,0.0,24.835,0.0,4.771,28.061811000000002
2025-05-06 03:00:00,0.0,0.0,24.751,0.0,4.696,26.606203
2025-05-06 04:00:00,0.0,0.0,24.684,0.0,4.644,25.802919999999997
2025-05-06 05:00:00,0.0,0.0,24.623,0.0,4.665,26.103411
2025-05-06 06:00:00,0.002,0.009000000000000001,24.699,0.0,4.53,23.718645000000002
2025-05-06 07:00:00,0.004,0.052000000000000005,25.124,27.005,4.109,16.671055
2025-05-06 08:00:00,0.007,0.117,25.576,77.368172,3.516,9.049106
2025-05-06 09:00:00,0.006,0.159,25.971,108.432113,3.725,11.513727000000001
2025-05-06 10:00:00,0.005,0.187,26.305,129.460016,3.85,13.049906
2025-05-06 11:00:00,0.005,0.213,26.582,148.79539799999998,3.9450000000000003,14.374863999999999
2025-05-06 12:00:00,0.005,0.211,26.716,146.993798,3.918,13.954074
2025-05-06 13:00:00,0.004,0.19,26.732,130.334273,3.904,13.835745000000001
2025-05-06 14:00:00,0.004,0.16,26.674,107.333303,3.917,13.9346
2025-05-06 15:00:00,0.004,0.117,26.539,74.790038,3.858,13.153483
2025-05-06 16:00:00,0.003,0.07,26.327,38.754898000000004,3.865,13.298718999999998
2025-05-06 17:00:00,0.002,0.027,26.036,8.023949,4.481,22.675684
2025-05-06 18:00:00,0.0,0.002,25.592,0.0,5.391,41.639396999999995
2025-05-06 19:00:00,0.0,0.0,25.341,0.0,5.798,52.450832000000005
2025-05-06 20:00:00,0.0,0.0,25.143,0.0,6.145,62.248239999999996
2025-05-06 21:00:00,0.0,0.0,25.013,0.0,6.284,66.575786
2025-05-06 22:00:00,0.0,0.0,24.885,0.0,6.29,66.75664900000001
2025-05-06 23:00:00,0.0,0.0,24.757,0.0,6.334,68.341189
2025-05-07 00:00:00,0.0,0.0,24.655,0.0,6.276,66.311655
2025-05-07 01:00:00,0.0,0.0,24.56,0.0,5.973,57.412620000000004
2025-05-07 02:00:00,0.0,0.0,24.502,0.0,6.048,59.568166
2025-05-07 03:00:00,0.0,0.0,24.498,0.0,6.033,59.097803
2025-05-07 04:00:00,0.0,0.0,24.498,0.0,5.725,50.206655
2025-05-07 05:00:00,0.0,0.0,24.501,0.0,5.289,39.403392
2025-05-07 06:00:00,0.002,0.009000000000000001,24.623,0.0,4.808,28.965753
2025-05-07 07:00:00,0.004,0.05,25.092,24.690939999999998,4.29,19.61956
2025-05-07 08:00:00,0.005,0.10400000000000001,25.484,66.323082,3.758,11.863763
2025-05-07 09:00:00,0.005,0.151,25.898,102.262435,3.519,9.073381999999999
2025-05-07 10:00:00,0.006,0.198,26.313,137.920243,3.816,12.598689
2025-05-07 11:00:00,0.006,0.224,26.636,157.48003500000002,4.047,15.764562
2025-05-07 12:00:00,0.007,0.24,26.922,169.950114,4.255,18.916596000000002
2025-05-07 13:00:00,0.007,0.232,27.087,163.831471,4.46,22.310153999999997
2025-05-07 14:00:00,0.008,0.20800000000000002,27.1,146.467821,4.851,29.641814
2025-05-07 15:00:00,0.007,0.15,26.905,101.942843,5.199,37.285436999999995
2025-05-07 16:00:00,0.004,0.075,26.493,42.993359,4.932,31.303042
2025-05-07 17:00:00,0.002,0.026000000000000002,26.086,6.903741,4.628,25.488985
2025-05-07 18:00:00,0.0,0.002,25.689,0.0,4.899,30.603510999999997
2025-05-07 19:00:00,0.0,0.0,25.467,0.0,5.251,38.305472
2025-05-07 20:00:00,0.0,0.0,25.33,0.0,5.491,44.107463
2025-05-07 21:00:00,0.0,0.0,25.158,0.0,5.605,47.0265
2025-05-07 22:00:00,0.0,0.0,24.943,0.0,5.7940000000000005,52.342774
2025-05-07 23:00:00,0.0,0.0,24.698,0.0,5.533,45.388138
2025-05-08 00:00:00,0.0,0.0,24.48,0.0,5.632,47.71323
2025-05-08 01:00:00,0.0,0.0,24.29,0.0,5.616,47.298491999999996
2025-05-08 02:00:00,0.0,0.0,24.148,0.0,5.51,44.571985
2025-05-08 03:00:00,0.0,0.0,24.065,0.0,5.425,42.467932999999995
2025-05-08 04:00:00,0.0,0.0,24.058,0.0,5.5280000000000005,45.229887000000005
2025-05-08 05:00:00,0.0,0.0,24.068,0.0,5.41,42.100169
2025-05-08 06:00:00,0.005,0.013000000000000001,24.248,0.918192,5.27,38.738682999999995
2025-05-08 07:00:00,0.012,0.07200000000000001,24.903,47.277411,4.496,22.943136
2025-05-08 08:00:00,0.02,0.157,25.566,117.96321,3.9130000000000003,13.884518
2025-05-08 09:00:00,0.026000000000000002,0.24,26.315,184.161664,3.879,13.544549000000002
2025-05-08 10:00:00,0.027,0.302,27.037,230.517331,3.645,10.552698
2025-05-08 11:00:00,0.037,0.372,27.741,286.506385,3.196,5.976291
2025-05-08 12:00:00,0.036000000000000004,0.38,28.23,290.34591700000004,2.657,2.3296750000000004
2025-05-08 13:00:00,0.034,0.354,28.478,270.070559,2.109,0.5694089999999999
2025-05-08 14:00:00,0.028,0.292,28.52,222.02694699999998,1.5899999999999999,0.074961
2025-05-08 15:00:00,0.017,0.196,28.275,143.334247,1.1219999999999999,0.004442
2025-05-08 16:00:00,0.012,0.114,27.963,77.67625100000001,1.001,0.001393
2025-05-08 17:00:00,0.006,0.043000000000000003,27.491,21.210231,1.166,0.006235
2025-05-08 18:00:00,0.001,0.004,26.682,0.0,1.724,0.13797
2025-05-08 19:00:00,0.0,0.0,26.183,0.0,1.903,0.28205399999999997
2025-05-08 20:00:00,0.0,0.0,25.886,0.0,1.893,0.27135899999999996
2025-05-08 21:00:00,0.0,0.0,25.677,0.0,1.822,0.21113200000000001
2025-05-08 22:00:00,0.0,0.0,25.501,0.0,1.788,0.184763
2025-05-08 23:00:00,0.0,0.0,25.296,0.0,1.8519999999999999,0.232285
2025-05-09 00:00:00,0.0,0.0,25.054,0.0,2.099,0.553299
2025-05-09 01:00:00,0.0,0.0,24.796,0.0,2.474,1.5774059999999999
2025-05-09 02:00:00,0.0,0.0,24.606,0.0,2.7030000000000003,2.600842
2025-05-09 03:00:00,0.0,0.0,24.473,0.0,2.854,3.40995
2025-05-09 04:00:00,0.0,0.0,24.357,0.0,2.989,4.316922
2025-05-09 05:00:00,0.0,0.0,24.266,0.0,3.107,5.200494
2025-05-09 06:00:00,0.019,0.018000000000000002,24.461,12.878154,3.286,6.741621
2025-05-09 07:00:00,0.055,0.096,25.487,98.64670699999999,2.9530000000000003,4.11976
2025-05-09 08:00:00,0.14400000000000002,0.202,26.395,242.994486,3.06,4.837734
2025-05-09 09:00:00,0.23700000000000002,0.281,27.551,360.98180699999995,3.026,4.580875
2025-05-09 10:00:00,0.354,0.317,28.644,455.695997,3.008,4.444715
2025-05-09 11:00:00,0.46,0.312,29.592,512.997937,3.102,5.164928
2025-05-09 12:00:00,0.509,0.299,30.23,532.1068399999999,3.209,6.122345
2025-05-09 13:00:00,0.5,0.291,30.52,521.700179,3.306,6.920962
2025-05-09 14:00:00,0.419,0.28700000000000003,30.479,472.37601,3.4939999999999998,8.901950999999999
2025-05-09 15:00:00,0.244,0.262,30.057,347.985505,3.821,12.666518
2025-05-09 16:00:00,0.1,0.169,29.309,183.947521,4.232,18.543684000000002
2025-05-09 17:00:00,0.051000000000000004,0.073,28.4,76.01253200000001,4.578,24.416858
2025-05-09 18:00:00,0.007,0.007,27.245,0.0,4.82,29.018794999999997
2025-05-09 19:00:00,0.0,0.0,26.538,0.0,5.094,34.757735999999994
2025-05-09 20:00:00,0.0,0.0,26.172,0.0,4.915,30.938539000000002
2025-05-09 21:00:00,0.0,0.0,25.858,0.0,4.741,27.466641
2025-05-09 22:00:00,0.0,0.0,25.593,0.0,4.815,29.007123
2025-05-09 23:00:00,0.0,0.0,25.381,0.0,5.025,33.338699999999996
2025-05-10 00:00:00,0.0,0.0,25.175,0.0,5.128,35.509705000000004
2025-05-10 01:00:00,0.0,0.0,25.026,0.0,5.087,34.609266000000005
2025-05-10 02:00:00,0.0,0.0,24.921,0.0,4.768,27.995728
2025-05-10 03:00:00,0.0,0.0,24.823,0.0,4.728,27.210653999999998
2025-05-10 04:00:00,0.0,0.0,24.751,0.0,4.871,30.233392
2025-05-10 05:00:00,0.0,0.0,24.683,0.0,4.824,29.104799
2025-05-10 06:00:00,0.018000000000000002,0.018000000000000002,24.958,12.673575000000001,4.791,28.629534
2025-05-10 07:00:00,0.055,0.10200000000000001,26.144,102.853211,3.996,15.031621999999999
2025-05-10 08:00:00,0.10400000000000001,0.20600000000000002,27.128,216.222715,4.388,21.24099
2025-05-10 09:00:00,0.17200000000000001,0.303,28.157,330.47818,4.493,22.897865000000003
2025-05-10 10:00:00,0.19,0.375,28.984,388.929993,4.445,22.060085
2025-05-10 11:00:00,0.165,0.423,29.526,401.930811,4.461,22.332561000000002
2025-05-10 12:00:00,0.138,0.436,29.862,392.641452,4.443,22.031349
2025-05-10 13:00:00,0.1,0.404,29.91,347.057906,4.386,21.206225
2025-05-10 14:00:00,0.07100000000000001,0.333,29.79,279.84171100000003,4.365,20.77347
2025-05-10 15:00:00,0.057,0.25,29.552,211.703496,4.322,19.998311
2025-05-10 16:00:00,0.031,0.14200000000000002,29.019,112.847183,4.021,15.411995000000001
2025-05-10 17:00:00,0.014,0.054,28.277,34.626036,4.11,16.677768
2025-05-10 18:00:00,0.002,0.005,27.307,0.0,4.699,26.661377
2025-05-10 19:00:00,0.0,0.0,26.753,0.0,4.979,32.270561
2025-05-10 20:00:00,0.0,0.0,26.458,0.0,4.923,31.116164
2025-05-10 21:00:00,0.0,0.0,26.21,0.0,4.651,25.919521
2025-05-10 22:00:00,0.0,0.0,26.036,0.0,4.666,26.104205999999998
2025-05-10 23:00:00,0.0,0.0,25.899,0.0,4.732,27.297747
2025-05-11 00:00:00,0.0,0.0,25.778,0.0,4.848,29.567182
2025-05-11 01:00:00,0.0,0.0,25.686,0.0,4.995,32.61396
2025-05-11 02:00:00,0.0,0.0,25.615,0.0,5.002,32.761269
2025-05-11 03:00:00,0.0,0.0,25.545,0.0,5.026,33.384102
2025-05-11 04:00:00,0.0,0.0,25.476,0.0,5.039,33.748039
2025-05-11 05:00:00,0.0,0.0,25.428,0.0,5.093,34.740063
2025-05-11 06:00:00,0.004,0.012,25.609,0.0,5.068,34.37657
2025-05-11 07:00:00,0.009000000000000001,0.065,26.397,39.963549,4.346,20.39684
2025-05-11 08:00:00,0.016,0.14400000000000002,27.009,104.706562,4.105,16.606513
2025-05-11 09:00:00,0.023,0.229,27.622,172.721693,4.05,15.796638999999999
2025-05-11 10:00:00,0.03,0.31,28.221,236.84571100000002,3.681,10.927299999999999
2025-05-11 11:00:00,0.036000000000000004,0.362,28.634,277.206699,3.297,6.843907
2025-05-11 12:00:00,0.043000000000000003,0.39,28.974,300.506627,2.8609999999999998,3.45322
2025-05-11 13:00:00,0.043000000000000003,0.369,29.192,286.466752,2.49,1.6088040000000001
2025-05-11 14:00:00,0.039,0.311,29.213,243.192642,2.5140000000000002,1.70011
2025-05-11 15:00:00,0.037,0.23800000000000002,29.079,188.156492,3.109,5.219861
2025-05-11 16:00:00,0.026000000000000002,0.14300000000000002,28.714,109.749193,3.814,12.571213
2025-05-11 17:00:00,0.018000000000000002,0.061,28.113,42.554216000000004,4.393,21.335914
2025-05-11 18:00:00,0.002,0.005,27.13,0.0,5.221,37.614277
2025-05-11 19:00:00,0.0,0.0,26.598,0.0,5.583,46.612084
2025-05-11 20:00:00,0.0,0.0,26.307,0.0,5.593,46.695375
2025-05-11 21:00:00,0.0,0.0,26.098,0.0,5.822,52.843263
2025-05-11 22:00:00,0.0,0.0,25.977,0.0,6.257,65.957303
2025-05-11 23:00:00,0.0,0.0,25.897,0.0,6.472,72.72815
2025-05-12 00:00:00,0.0,0.0,25.841,0.0,6.66,79.006271
2025-05-12 01:00:00,0.0,0.0,25.791,0.0,6.46,72.542728
2025-05-12 02:00:00,0.0,0.0,25.787,0.0,6.582,76.592345
2025-05-12 03:00:00,0.0,0.0,25.774,0.0,6.295,66.91858599999999
2025-05-12 04:00:00,0.0,0.0,25.769,0.0,6.586,76.598861
2025-05-12 05:00:00,0.0,0.0,25.72,0.0,6.575,76.255611
2025-05-12 06:00:00,0.01,0.016,25.862,5.5568100000000005,6.307,67.297466
2025-05-12 07:00:00,0.032,0.093,26.614,78.12393399999999,5.614,47.254697
2025-05-12 08:00:00,0.056,0.192,27.311,170.207677,5.921,55.647805999999996
2025-05-12 09:00:00,0.077,0.29,28.071,255.948714,6.155,62.575900999999995
2025-05-12 10:00:00,0.109,0.377,28.912,336.97047499999996,5.967,57.242174
2025-05-12 11:00:00,0.123,0.43,29.64,379.673744,5.624,47.519133000000004
2025-05-12 12:00:00,0.096,0.434,30.001,364.19331300000005,5.221,37.618409
2025-05-12 13:00:00,0.06,0.383,29.955,306.6309,4.899,30.621826000000002
2025-05-12 14:00:00,0.041,0.307,29.694,240.599943,4.692,26.523538000000002
2025-05-12 15:00:00,0.027,0.213,29.288,162.97570499999998,4.724,27.137576
2025-05-12 16:00:00,0.02,0.129,28.746,95.024765,4.953,31.735488
2025-05-12 17:00:00,0.012,0.053,28.038,32.594844,5.211,37.388949999999994
2025-05-12 18:00:00,0.002,0.005,27.138,0.0,5.832,53.144405
2025-05-12 19:00:00,0.0,0.0,26.594,0.0,6.398,70.23521000000001
2025-05-12 20:00:00,0.0,0.0,26.268,0.0,6.411,70.66991499999999
2025-05-12 21:00:00,0.0,0.0,26.083,0.0,6.574,76.16684699999999
2025-05-12 22:00:00,0.0,0.0,25.969,0.0,6.543,75.009168
2025-05-12 23:00:00,0.0,0.0,25.878,0.0,6.502,73.638742
2025-05-13 00:00:00,0.0,0.0,25.797,0.0,6.352,68.979897
2025-05-13 01:00:00,0.0,0.0,25.701,0.0,6.134,61.920525999999995
2025-05-13 02:00:00,0.0,0.0,25.651,0.0,6.231,65.197978
2025-05-13 03:00:00,0.0,0.0,25.623,0.0,6.275,66.279228
2025-05-13 04:00:00,0.0,0.0,25.609,0.0,6.332,68.33760099999999
2025-05-13 05:00:00,0.0,0.0,25.582,0.0,6.354,68.984376
2025-05-13 06:00:00,0.007,0.015,25.762,3.971094,5.995,57.777372
2025-05-13 07:00:00,0.017,0.082,26.523,58.582147,4.877,30.348237
2025-05-13 08:00:00,0.027,0.17200000000000001,27.212,133.702318,5.112,35.151830000000004
2025-05-13 09:00:00,0.042,0.275,27.943,220.497889,6.208,64.403551
2025-05-13 10:00:00,0.029,0.313,28.525,237.468133,5.693,49.433855
2025-05-13 11:00:00,0.019,0.313,28.831,230.396478,4.974,32.168176
2025-05-13 12:00:00,0.02,0.334,29.073,245.327806,4.829,29.195772
2025-05-13 13:00:00,0.012,0.268,29.031,192.751286,4.71,26.875269
2025-05-13 14:00:00,0.008,0.201,28.868,140.190301,4.036,15.654352000000001
2025-05-13 15:00:00,0.006,0.137,28.613,90.429282,3.5300000000000002,9.198450999999999
2025-05-13 16:00:00,0.004,0.074,28.145,42.173243,3.829,12.772315
2025-05-13 17:00:00,0.002,0.028,27.527,8.409177,4.17,17.594473999999998
2025-05-13 18:00:00,0.0,0.003,26.791,0.0,4.396,21.384888
2025-05-13 19:00:00,0.0,0.0,26.383,0.0,4.498,22.983363
2025-05-13 20:00:00,0.0,0.0,26.161,0.0,4.687,26.437089
2025-05-13 21:00:00,0.0,0.0,25.988,0.0,5.15,36.002328999999996
2025-05-13 22:00:00,0.0,0.0,25.827,0.0,5.177,36.615456
2025-05-13 23:00:00,0.0,0.0,25.654,0.0,4.939,31.431414
2025-05-14 00:00:00,0.0,0.0,25.497,0.0,5.123,35.396238
2025-05-14 01:00:00,0.0,0.0,25.365,0.0,5.224,37.686364999999995
2025-05-14 02:00:00,0.0,0.0,25.239,0.0,5.333,40.233342
2025-05-14 03:00:00,0.0,0.0,25.136,0.0,5.4879999999999995,44.028299
2025-05-14 04:00:00,0.0,0.0,25.071,0.0,5.059,34.18401
2025-05-14 05:00:00,0.0,0.0,25.124,0.0,4.214,18.269205999999997
2025-05-14 06:00:00,0.002,0.009000000000000001,25.279,0.0,4.44,21.970243999999997
2025-05-14 07:00:00,0.004,0.051000000000000004,25.807,25.900699,5.421,42.363343
2025-05-14 08:00:00,0.006,0.11,26.233,71.448137,4.687,26.427185
2025-05-14 09:00:00,0.009000000000000001,0.179,26.714,125.153307,4.331,20.14424
2025-05-14 10:00:00,0.011,0.241,27.181,173.06781099999998,4.03,15.642494000000001
2025-05-14 11:00:00,0.009000000000000001,0.258,27.468,184.65833600000002,3.398,7.813613999999999
2025-05-14 12:00:00,0.008,0.256,27.564,182.22978099999997,3.144,5.496674
2025-05-14 13:00:00,0.009000000000000001,0.246,27.558,175.281538,3.375,7.6317960000000005
2025-05-14 14:00:00,0.008,0.20500000000000002,27.414,144.102517,3.9,13.828479999999999
2025-05-14 15:00:00,0.008,0.157,27.176,108.007743,4.2780000000000005,19.39438
2025-05-14 16:00:00,0.006,0.094,26.844,58.532671,4.199,18.039257000000003
2025-05-14 17:00:00,0.004,0.036000000000000004,26.463,14.879710999999999,3.751,11.780323000000001
2025-05-14 18:00:00,0.001,0.003,25.841,0.0,2.7039999999999997,2.605727
2025-05-14 19:00:00,0.0,0.0,25.3,0.0,3.391,7.744926
2025-05-14 20:00:00,0.0,0.0,24.958,0.0,3.503,8.972373
2025-05-14 21:00:00,0.0,0.0,24.816,0.0,3.205,6.091215
2025-05-14 22:00:00,0.0,0.0,24.574,0.0,4.607,24.935626
2025-05-14 23:00:00,0.0,0.0,24.473,0.0,6.052,59.688822
2025-05-15 00:00:00,0.0,0.0,24.448,0.0,6.228,65.028357
2025-05-15 01:00:00,0.0,0.0,24.385,0.0,5.896,54.949455
2025-05-15 02:00:00,0.0,0.0,24.32,0.0,5.755,51.000153
2025-05-15 03:00:00,0.0,0.0,24.286,0.0,5.5600000000000005,46.077781
2025-05-15 04:00:00,0.0,0.0,24.234,0.0,5.114,35.184674
2025-05-15 05:00:00,0.0,0.0,24.167,0.0,4.538,23.853348999999998
2025-05-15 06:00:00,0.01,0.017,24.439,6.7646999999999995,3.9619999999999997,14.677031000000001
2025-05-15 07:00:00,0.029,0.094,25.393,76.43382799999999,3.377,7.634236
2025-05-15 08:00:00,0.034,0.178,26.078,144.471339,3.269,6.58368
2025-05-15 09:00:00,0.036000000000000004,0.258,26.839,204.467105,3.455,8.493412000000001
2025-05-15 10:00:00,0.036000000000000004,0.323,27.486,251.747212,3.563,9.557908
2025-05-15 11:00:00,0.036000000000000004,0.364,27.945,279.705958,3.834,12.831884
2025-05-15 12:00:00,0.035,0.374,28.222,285.503416,4.203,18.097159
2025-05-15 13:00:00,0.033,0.34700000000000003,28.347,264.918064,4.374,21.013657
2025-05-15 14:00:00,0.029,0.294,28.313,224.97351500000002,3.847,13.002595
2025-05-15 15:00:00,0.016,0.19,27.935,138.46491899999998,3.023,4.5549170000000005
2025-05-15 16:00:00,0.007,0.095,27.298,60.624266000000006,2.17,0.68665
2025-05-15 17:00:00,0.004,0.036000000000000004,26.689,15.484527,1.5859999999999999,0.07334099999999999
2025-05-15 18:00:00,0.001,0.003,26.107,0.0,1.541,0.060812
2025-05-15 19:00:00,0.0,0.0,25.742,0.0,1.452,0.036753
2025-05-15 20:00:00,0.0,0.0,25.318,0.0,2.293,0.9988859999999999
2025-05-15 21:00:00,0.0,0.0,24.779,0.0,4.238,18.653654
2025-05-15 22:00:00,0.0,0.0,24.603,0.0,5.129,35.52361
2025-05-15 23:00:00,0.0,0.0,24.477,0.0,4.908,30.803973999999997
2025-05-16 00:00:00,0.0,0.0,24.332,0.0,4.421,21.64406
2025-05-16 01:00:00,0.0,0.0,24.259,0.0,3.875,13.498756
2025-05-16 02:00:00,0.0,0.0,24.217,0.0,3.346,7.307837
2025-05-16 03:00:00,0.0,0.0,24.213,0.0,2.839,3.318326
2025-05-16 04:00:00,0.0,0.0,24.221,0.0,2.461,1.529333
2025-05-16 05:00:00,0.0,0.0,24.174,0.0,2.205,0.778888
2025-05-16 06:00:00,0.043000000000000003,0.023,24.393,33.655145,2.073,0.5200220000000001
2025-05-16 07:00:00,0.121,0.112,25.389,161.127555,1.9500000000000002,0.343325
2025-05-16 08:00:00,0.221,0.20500000000000002,26.338,299.935311,1.767,0.164712
2025-05-16 09:00:00,0.23600000000000002,0.28600000000000003,27.462,363.576671,1.623,0.09018000000000001
2025-05-16 10:00:00,0.229,0.357,28.383,403.34921399999996,1.5670000000000002,0.069107
2025-05-16 11:00:00,0.197,0.405,29.013,412.289513,1.595,0.076842
2025-05-16 12:00:00,0.193,0.42,29.409,418.20846,1.635,0.095386
2025-05-16 13:00:00,0.188,0.4,29.621,402.182751,1.544,0.061725999999999996
2025-05-16 14:00:00,0.159,0.34900000000000003,29.567,350.543095,1.38,0.025522
2025-05-16 15:00:00,0.107,0.266,29.233,258.718178,0.933,0.0006720000000000001
2025-05-16 16:00:00,0.055,0.159,28.724,143.657661,0.71,0.0
2025-05-16 17:00:00,0.024,0.062,28.003,47.626273999999995,0.529,0.0
2025-05-16 18:00:00,0.003,0.006,27.12,0.0,1.335,0.01877
2025-05-16 19:00:00,0.0,0.0,26.345,0.0,2.315,1.059391
2025-05-16 20:00:00,0.0,0.0,25.672,0.0,3.159,5.626594
2025-05-16 21:00:00,0.0,0.0,25.184,0.0,3.784,12.188405000000001
2025-05-16 22:00:00,0.0,0.0,24.933,0.0,4.079,16.226463
2025-05-16 23:00:00,0.0,0.0,24.818,0.0,4.296,19.631387999999998
2025-05-17 00:00:00,0.0,0.0,24.727,0.0,4.6690000000000005,26.108943
2025-05-17 01:00:00,0.0,0.0,24.642,0.0,5.091,34.693416
2025-05-17 02:00:00,0.0,0.0,24.544,0.0,5.241,38.077511
2025-05-17 03:00:00,0.0,0.0,24.41,0.0,5.227,37.755482
2025-05-17 04:00:00,0.0,0.0,24.266,0.0,5.007,32.877849000000005
2025-05-17 05:00:00,0.0,0.0,24.135,0.0,4.877,30.352594
2025-05-17 06:00:00,0.02,0.019,24.357,14.856286,4.717,27.001013
2025-05-17 07:00:00,0.05,0.1,25.189,97.543167,3.7880000000000003,12.241332
2025-05-17 08:00:00,0.09,0.199,25.952,202.079768,3.851,13.054842
2025-05-17 09:00:00,0.152,0.296,26.949,314.024339,3.743,11.682055
2025-05-17 10:00:00,0.24,0.361,28.0,413.16493199999996,3.22,6.22447
2025-05-17 11:00:00,0.24,0.402,28.823,438.112083,2.65,2.295692
2025-05-17 12:00:00,0.20500000000000002,0.422,29.281,427.18109999999996,2.186,0.7214790000000001
2025-05-17 13:00:00,0.17400000000000002,0.402,29.503,394.74744,1.833,0.2154
2025-05-17 14:00:00,0.193,0.352,29.687,374.79576299999997,1.521,0.052978000000000004
2025-05-17 15:00:00,0.139,0.275,29.549,286.793962,1.435,0.033505
2025-05-17 16:00:00,0.051000000000000004,0.159,29.139,141.11488699999998,1.741,0.148134
2025-05-17 17:00:00,0.009000000000000001,0.045,28.509,24.672966,2.036,0.46088799999999996
2025-05-17 18:00:00,0.002,0.005,27.431,0.0,2.7199999999999998,2.690747
2025-05-17 19:00:00,0.0,0.0,26.635,0.0,3.545,9.360294
2025-05-17 20:00:00,0.0,0.0,26.108,0.0,4.127,17.070876000000002
2025-05-17 21:00:00,0.0,0.0,25.752,0.0,4.502,23.046913
2025-05-17 22:00:00,0.0,0.0,25.518,0.0,4.686,26.410227
2025-05-17 23:00:00,0.0,0.0,25.342,0.0,4.849,29.58988
2025-05-18 00:00:00,0.0,0.0,25.185,0.0,4.915,30.9374
2025-05-18 01:00:00,0.0,0.0,25.02,0.0,4.7940000000000005,28.686768
2025-05-18 02:00:00,0.0,0.0,24.866,0.0,4.872,30.244742
2025-05-18 03:00:00,0.0,0.0,24.695,0.0,4.859,29.78808
2025-05-18 04:00:00,0.0,0.0,24.549,0.0,4.7940000000000005,28.691468
2025-05-18 05:00:00,0.0,0.0,24.425,0.0,4.601,24.828952
2025-05-18 06:00:00,0.008,0.016,24.586,4.65022,4.518,23.328135999999997
2025-05-18 07:00:00,0.019,0.083,25.242,61.073622,3.665,10.736832
2025-05-18 08:00:00,0.038,0.183,25.898,151.19839100000002,3.223,6.251674
2025-05-18 09:00:00,0.044,0.268,26.646,217.670812,2.951,4.103961
2025-05-18 10:00:00,0.042,0.333,27.387,262.55449200000004,2.627,2.186712
2025-05-18 11:00:00,0.033,0.353,27.851,269.885296,2.41,1.326249
2025-05-18 12:00:00,0.028,0.35000000000000003,28.078,263.511928,2.415,1.342517
2025-05-18 13:00:00,0.024,0.319,28.133,238.678307,2.6710000000000003,2.396855
2025-05-18 14:00:00,0.022,0.266,28.064,198.898603,2.931,3.911594
2025-05-18 15:00:00,0.023,0.212,27.955,160.23995499999998,3.1390000000000002,5.4595519999999995
2025-05-18 16:00:00,0.021,0.136,27.655,101.899838,3.414,7.975375
2025-05-18 17:00:00,0.013000000000000001,0.055,27.07,34.977782,3.9859999999999998,14.895216
2025-05-18 18:00:00,0.002,0.005,26.173,0.0,4.707,26.817605
2025-05-18 19:00:00,0.0,0.0,25.631,0.0,5.4,41.850196000000004
2025-05-18 20:00:00,0.0,0.0,25.344,0.0,5.816,52.690428
2025-05-18 21:00:00,0.0,0.0,25.122,0.0,5.633,47.739357000000005
2025-05-18 22:00:00,0.0,0.0,24.948,0.0,5.028,33.484826
2025-05-18 23:00:00,0.0,0.0,24.804,0.0,4.715,26.964529
2025-05-19 00:00:00,0.0,0.0,24.652,0.0,4.971,32.110002
2025-05-19 01:00:00,0.0,0.0,24.523,0.0,5.334,40.244724000000005
2025-05-19 02:00:00,0.0,0.0,24.401,0.0,5.411,42.128259
2025-05-19 03:00:00,0.0,0.0,24.307,0.0,5.266,38.64271
2025-05-19 04:00:00,0.0,0.0,24.23,0.0,4.777,28.304492999999997
2025-05-19 05:00:00,0.0,0.0,24.159,0.0,3.997,15.042826
2025-05-19 06:00:00,0.004,0.012,24.329,0.21384999999999998,3.057,4.814722
2025-05-19 07:00:00,0.01,0.069,25.063,43.321235,2.142,0.6320119999999999
2025-05-19 08:00:00,0.018000000000000002,0.152,25.78,112.454757,1.986,0.37941699999999995
2025-05-19 09:00:00,0.02,0.226,26.5,169.564062,1.901,0.279916
2025-05-19 10:00:00,0.017,0.266,27.104,196.325333,1.786,0.181394
2025-05-19 11:00:00,0.017,0.303,27.625,222.996266,1.862,0.243235
2025-05-19 12:00:00,0.019,0.323,27.995,238.140188,2.049,0.481674
2025-05-19 13:00:00,0.016,0.295,28.094,215.914131,2.25,0.86776
2025-05-19 14:00:00,0.012,0.23,27.925,165.149811,2.604,2.079072
2025-05-19 15:00:00,0.01,0.167,27.628,116.697242,2.979,4.298879
2025-05-19 16:00:00,0.012,0.11800000000000001,27.287,81.346764,3.203,6.072059
2025-05-19 17:00:00,0.008,0.05,26.804,27.94847,3.331,7.161243000000001
2025-05-19 18:00:00,0.001,0.005,26.119,0.0,3.708,11.363591
2025-05-19 19:00:00,0.0,0.0,25.697,0.0,3.781,12.15458
2025-05-19 20:00:00,0.0,0.0,25.43,0.0,3.847,13.001705
2025-05-19 21:00:00,0.0,0.0,25.22,0.0,4.039,15.657598
2025-05-19 22:00:00,0.0,0.0,25.067,0.0,4.315,19.87782
2025-05-19 23:00:00,0.0,0.0,24.929,0.0,4.538,23.84685
2025-05-20 00:00:00,0.0,0.0,24.798000000000002,0.0,4.754,27.708932
2025-05-20 01:00:00,0.0,0.0,24.66,0.0,4.932,31.283011
2025-05-20 02:00:00,0.0,0.0,24.532,0.0,4.94,31.451444
2025-05-20 03:00:00,0.0,0.0,24.437,0.0,4.791,28.622815
2025-05-20 04:00:00,0.0,0.0,24.421,0.0,4.948,31.630203
2025-05-20 05:00:00,0.0,0.0,24.426,0.0,4.899,30.617468000000002
2025-05-20 06:00:00,0.009000000000000001,0.017,24.741,5.688859000000001,4.799,28.772510999999998
2025-05-20 07:00:00,0.017,0.081,25.692,57.682981,3.748,11.736472
2025-05-20 08:00:00,0.021,0.157,26.36,118.51008999999999,3.409,7.924923
2025-05-20 09:00:00,0.024,0.234,27.045,178.601502,3.818,12.633767
2025-05-20 10:00:00,0.031,0.313,27.762,239.55864300000002,3.851,13.060611999999999
2025-05-20 11:00:00,0.03,0.34900000000000003,28.309,264.61445000000003,3.708,11.359577999999999
2025-05-20 12:00:00,0.027,0.352,28.616,264.470667,3.56,9.526902
2025-05-20 13:00:00,0.022,0.316,28.742,235.13586600000002,3.255,6.4542269999999995
2025-05-20 14:00:00,0.016,0.246,28.597,179.536917,3.089,5.062638
2025-05-20 15:00:00,0.014,0.182,28.368,130.636974,2.948,4.0764000000000005
2025-05-20 16:00:00,0.012,0.117,28.048,80.273493,2.721,2.695125
2025-05-20 17:00:00,0.009000000000000001,0.05,27.604,28.131069,2.854,3.412885
2025-05-20 18:00:00,0.001,0.005,26.793,0.0,3.573,9.668595
2025-05-20 19:00:00,0.0,0.0,26.286,0.0,4.2620000000000005,19.031025000000003
2025-05-20 20:00:00,0.0,0.0,26.086,0.0,4.7059999999999995,26.79399
2025-05-20 21:00:00,0.0,0.0,25.93,0.0,4.898,30.600071
2025-05-20 22:00:00,0.0,0.0,25.792,0.0,5.107,35.050332000000004
2025-05-20 23:00:00,0.0,0.0,25.697,0.0,5.301,39.686014
2025-05-21 00:00:00,0.0,0.0,25.602,0.0,5.321,40.144708
2025-05-21 01:00:00,0.0,0.0,25.489,0.0,5.609,47.127828
2025-05-21 02:00:00,0.0,0.0,25.415,0.0,5.825,52.938415
2025-05-21 03:00:00,0.0,0.0,25.372,0.0,5.741,50.619014
2025-05-21 04:00:00,0.0,0.0,25.342,0.0,5.501,44.359434
2025-05-21 05:00:00,0.0,0.0,25.311,0.0,5.426,42.490087
2025-05-21 06:00:00,0.002,0.009000000000000001,25.436,0.0,5.573,46.426201
2025-05-21 07:00:00,0.009000000000000001,0.066,26.167,40.226225,5.108,35.071974000000004
2025-05-21 08:00:00,0.02,0.16,26.766,120.060474,5.303,39.744184999999995
2025-05-21 09:00:00,0.035,0.263,27.342,207.045489,5.874,54.311524
2025-05-21 10:00:00,0.045,0.352,28.04,277.087424,4.79,28.594047999999997
2025-05-21 11:00:00,0.013000000000000001,0.279,28.078,202.17857199999997,3.9130000000000003,13.882197
2025-05-21 12:00:00,0.008,0.243,27.954,172.14087899999998,3.349,7.330646
2025-05-21 13:00:00,0.01,0.255,28.041,182.268415,3.588,9.840128
2025-05-21 14:00:00,0.01,0.221,28.039,157.247803,4.052,15.833642
2025-05-21 15:00:00,0.009000000000000001,0.162,27.865,112.385327,4.241,18.691246
2025-05-21 16:00:00,0.006,0.091,27.483,56.290414,4.413,21.619757
2025-05-21 17:00:00,0.003,0.035,27.003,13.842816999999998,4.02,15.372935
2025-05-21 18:00:00,0.001,0.004,26.442,0.0,2.977,4.289044
2025-05-21 19:00:00,0.0,0.0,26.064,0.0,2.834,3.292645
2025-05-21 20:00:00,0.0,0.0,25.798000000000002,0.0,3.692,11.076495999999999
2025-05-21 21:00:00,0.0,0.0,25.593,0.0,4.473,22.548322
2025-05-21 22:00:00,0.0,0.0,25.448,0.0,4.635,25.62073
2025-05-21 23:00:00,0.0,0.0,25.351,0.0,4.689,26.476751
2025-05-22 00:00:00,0.0,0.0,25.251,0.0,4.782,28.444766
2025-05-22 01:00:00,0.0,0.0,25.149,0.0,5.028,33.496916
2025-05-22 02:00:00,0.0,0.0,25.039,0.0,5.18,36.685026
2025-05-22 03:00:00,0.0,0.0,24.948,0.0,5.349,40.622409
2025-05-22 04:00:00,0.0,0.0,24.913,0.0,5.283,39.263732000000005
2025-05-22 05:00:00,0.0,0.0,24.895,0.0,5.059,34.199362
2025-05-22 06:00:00,0.005,0.014,25.152,1.6686159999999999,4.979,32.268572
2025-05-22 07:00:00,0.01,0.068,25.997,41.981752,4.181,17.756622
2025-05-22 08:00:00,0.013000000000000001,0.136,26.606,96.262624,3.996,15.030404
2025-05-22 09:00:00,0.02,0.221,27.253,165.19028899999998,4.664,26.101399
2025-05-22 10:00:00,0.028,0.303,27.941,230.19060399999998,4.764,27.905432
2025-05-22 11:00:00,0.033,0.355,28.541,270.543045,4.509,23.171133
2025-05-22 12:00:00,0.036000000000000004,0.374,28.935,285.25494,4.377,21.051676999999998
2025-05-22 13:00:00,0.037,0.357,29.135,273.99320400000005,4.359,20.596158
2025-05-22 14:00:00,0.04,0.315,29.162,245.928299,4.476,22.60208
2025-05-22 15:00:00,0.03,0.228,28.977,176.31427499999998,4.484,22.729193
2025-05-22 16:00:00,0.018000000000000002,0.13,28.523,94.423732,4.583,24.499893
2025-05-22 17:00:00,0.009000000000000001,0.049,27.831,27.170188,4.838,29.367245999999998
2025-05-22 18:00:00,0.001,0.004,26.959,0.0,5.374,41.218548000000006
2025-05-22 19:00:00,0.0,0.0,26.471,0.0,5.73,50.328195
2025-05-22 20:00:00,0.0,0.0,26.158,0.0,5.888,54.717089
2025-05-22 21:00:00,0.0,0.0,25.995,0.0,6.356,68.987247
2025-05-22 22:00:00,0.0,0.0,25.905,0.0,6.699,80.392507
2025-05-22 23:00:00,0.0,0.0,25.843,0.0,7.085,94.526883
2025-05-23 00:00:00,0.0,0.0,25.831,0.0,7.134,96.327088
2025-05-23 01:00:00,0.0,0.0,25.776,0.0,6.923,88.58858599999999
2025-05-23 02:00:00,0.0,0.0,25.686,0.0,6.652,78.721118
2025-05-23 03:00:00,0.0,0.0,25.556,0.0,6.343,68.55922
2025-05-23 04:00:00,0.0,0.0,25.383,0.0,5.961,57.070158000000006
2025-05-23 05:00:00,0.0,0.0,25.273,0.0,6.251,65.570358
2025-05-23 06:00:00,0.006,0.015,25.48,2.931868,6.245,65.495199
2025-05-23 07:00:00,0.016,0.08,26.344,55.7179,5.582,46.610468
2025-05-23 08:00:00,0.023,0.16,27.009,121.557712,5.369,41.086671
2025-05-23 09:00:00,0.044,0.27,27.838,218.591927,6.471,72.66032700000001
2025-05-23 10:00:00,0.062,0.359,28.649,293.32651400000003,6.233,65.279913
2025-05-23 11:00:00,0.065,0.40800000000000003,29.264,328.008819,5.514,44.680769
2025-05-23 12:00:00,0.048,0.399,29.576999999999998,309.106312,4.816,29.008946
2025-05-23 13:00:00,0.027,0.329,29.574,246.391752,4.217,18.323733
2025-05-23 14:00:00,0.016,0.25,29.393,181.779478,3.759,11.882873
2025-05-23 15:00:00,0.009000000000000001,0.158,29.016,108.061047,3.723,11.511011
2025-05-23 16:00:00,0.006,0.088,28.538,53.738034,4.148,17.388038
2025-05-23 17:00:00,0.004,0.034,27.891,13.339426,4.41,21.616927
2025-05-23 18:00:00,0.001,0.003,27.124,0.0,5.049,33.981953999999995
2025-05-23 19:00:00,0.0,0.0,26.741,0.0,5.583,46.613403
2025-05-23 20:00:00,0.0,0.0,26.581,0.0,6.443,71.909884
2025-05-23 21:00:00,0.0,0.0,26.482,0.0,6.899,87.508346
2025-05-23 22:00:00,0.0,0.0,26.369,0.0,6.975,90.238861
2025-05-23 23:00:00,0.0,0.0,26.286,0.0,6.997,91.172219
2025-05-24 00:00:00,0.0,0.0,26.225,0.0,6.866,86.46579700000001
2025-05-24 01:00:00,0.0,0.0,26.145,0.0,6.629,77.971488
2025-05-24 02:00:00,0.0,0.0,26.04,0.0,6.16,62.72275
2025-05-24 03:00:00,0.0,0.0,25.941,0.0,5.985,57.631962
2025-05-24 04:00:00,0.0,0.0,25.82,0.0,5.822,52.860981
2025-05-24 05:00:00,0.0,0.0,25.694,0.0,5.594,46.740533000000006
2025-05-24 06:00:00,0.006,0.015,25.849,3.1805700000000003,5.271,38.769477
2025-05-24 07:00:00,0.015,0.079,26.556,54.210657,4.353,20.506025
2025-05-24 08:00:00,0.021,0.159,27.077,118.966193,4.102,16.56646
2025-05-24 09:00:00,0.02,0.225,27.472,168.468215,4.491,22.863124
2025-05-24 10:00:00,0.02,0.281,27.885,208.658793,4.345,20.370707
2025-05-24 11:00:00,0.018000000000000002,0.305,28.198,224.208992,4.187,17.852606
2025-05-24 12:00:00,0.016,0.308,28.409,225.281454,3.963,14.694450999999999
2025-05-24 13:00:00,0.016,0.289,28.523,210.512856,3.77,12.020836
2025-05-24 14:00:00,0.013000000000000001,0.23700000000000002,28.491,171.22277400000002,3.714,11.438563
2025-05-24 15:00:00,0.012,0.17500000000000002,28.371,123.48154799999999,3.723,11.511322
2025-05-24 16:00:00,0.009000000000000001,0.108,28.136,71.582409,3.7439999999999998,11.692502000000001
2025-05-24 17:00:00,0.006,0.044,27.767,22.164669,4.101,16.545229
2025-05-24 18:00:00,0.001,0.004,27.17,0.0,4.933,31.310448
2025-05-24 19:00:00,0.0,0.0,26.769,0.0,5.282,39.235463
2025-05-24 20:00:00,0.0,0.0,26.549,0.0,5.761,51.162718
2025-05-24 21:00:00,0.0,0.0,26.37,0.0,6.071,60.039610999999994
2025-05-24 22:00:00,0.0,0.0,26.202,0.0,6.119,61.465979
2025-05-24 23:00:00,0.0,0.0,26.05,0.0,6.048,59.596652999999996
2025-05-25 00:00:00,0.0,0.0,25.891,0.0,5.808,52.518336000000005
2025-05-25 01:00:00,0.0,0.0,25.754,0.0,5.559,46.059751
2025-05-25 02:00:00,0.0,0.0,25.623,0.0,5.7620000000000005,51.19231
2025-05-25 03:00:00,0.0,0.0,25.547,0.0,6.171,63.316763
2025-05-25 04:00:00,0.0,0.0,25.503,0.0,6.641,78.346422
2025-05-25 05:00:00,0.0,0.0,25.477,0.0,6.813,84.373232
2025-05-25 06:00:00,0.004,0.013000000000000001,25.623,0.5451,6.68,79.720665
2025-05-25 07:00:00,0.01,0.069,26.218,43.583814,6.235,65.314384
2025-05-25 08:00:00,0.014,0.14,26.702,99.657271,6.051,59.686839
2025-05-25 09:00:00,0.021,0.226,27.192,169.20995000000002,6.918,88.451768
2025-05-25 10:00:00,0.028,0.305,27.752,231.826352,6.767,82.846246
2025-05-25 11:00:00,0.032,0.356,28.207,270.513272,6.452,72.065181
2025-05-25 12:00:00,0.03,0.363,28.44,273.904146,6.197,63.94516
2025-05-25 13:00:00,0.026000000000000002,0.329,28.479,247.10412599999998,6.034,59.098671
2025-05-25 14:00:00,0.021,0.268,28.388,199.699567,5.548,45.791419000000005
2025-05-25 15:00:00,0.017,0.195,28.177,142.487126,4.884,30.418549
2025-05-25 16:00:00,0.011,0.111,27.789,75.10227,4.569,24.237718
2025-05-25 17:00:00,0.006,0.043000000000000003,27.22,21.066168,4.805,28.908702
2025-05-25 18:00:00,0.001,0.004,26.566,0.0,5.233,37.889468
2025-05-25 19:00:00,0.0,0.0,26.215,0.0,5.658,48.400527000000004
2025-05-25 20:00:00,0.0,0.0,26.048,0.0,5.7010000000000005,49.799917
2025-05-25 21:00:00,0.0,0.0,25.924,0.0,5.58,46.608119
2025-05-25 22:00:00,0.0,0.0,25.819,0.0,5.41,42.080612
2025-05-25 23:00:00,0.0,0.0,25.713,0.0,5.114,35.186704
2025-05-26 00:00:00,0.0,0.0,25.617,0.0,5.129,35.53324
2025-05-26 01:00:00,0.0,0.0,25.536,0.0,5.392,41.649921
2025-05-26 02:00:00,0.0,0.0,25.483,0.0,5.748,50.826583
2025-05-26 03:00:00,0.0,0.0,25.407,0.0,5.676,48.877832999999995
2025-05-26 04:00:00,0.0,0.0,25.304,0.0,5.139,35.757463
2025-05-26 05:00:00,0.0,0.0,25.252,0.0,5.277,39.063552
2025-05-26 06:00:00,0.007,0.015,25.437,3.484313,5.642,47.98281
2025-05-26 07:00:00,0.036000000000000004,0.097,26.133,84.480444,5.349,40.616777
2025-05-26 08:00:00,0.064,0.196,26.729,180.06835800000002,6.749,82.427435
2025-05-26 09:00:00,0.096,0.297,27.429,275.574514,7.484,109.982737
2025-05-26 10:00:00,0.117,0.375,28.166,342.577806,7.424,107.68841499999999
2025-05-26 11:00:00,0.11900000000000001,0.423,28.728,374.210802,7.15,97.16217999999999
2025-05-26 12:00:00,0.099,0.43,29.05,365.152201,6.649,78.61236699999999
2025-05-26 13:00:00,0.068,0.387,29.124,315.825513,5.53,45.326908
2025-05-26 14:00:00,0.048,0.318,29.004,254.18216,4.343,20.331782999999998
2025-05-26 15:00:00,0.022,0.201,28.575,150.361101,3.462,8.566033
2025-05-26 16:00:00,0.012,0.111,28.051,75.41249400000001,3.26,6.497928
2025-05-26 17:00:00,0.006,0.041,27.398,19.734527,3.45,8.441183
2025-05-26 18:00:00,0.001,0.004,26.693,0.0,3.646,10.552893
2025-05-26 19:00:00,0.0,0.0,26.266,0.0,3.26,6.502981
2025-05-26 20:00:00,0.0,0.0,25.996,0.0,2.68,2.442979
2025-05-26 21:00:00,0.0,0.0,25.742,0.0,2.6470000000000002,2.280475
2025-05-26 22:00:00,0.0,0.0,25.559,0.0,3.165,5.6723419999999996
2025-05-26 23:00:00,0.0,0.0,25.422,0.0,3.768,11.996286
2025-05-27 00:00:00,0.0,0.0,25.283,0.0,4.029,15.622461999999999
2025-05-27 01:00:00,0.0,0.0,25.106,0.0,4.3629999999999995,20.702391
2025-05-27 02:00:00,0.0,0.0,24.988,0.0,4.723,27.125629
2025-05-27 03:00:00,0.0,0.0,24.907,0.0,4.992,32.54094
2025-05-27 04:00:00,0.0,0.0,24.85,0.0,5.186,36.820891
2025-05-27 05:00:00,0.0,0.0,24.776,0.0,4.975,32.199177
2025-05-27 06:00:00,0.014,0.018000000000000002,25.018,9.995904000000001,4.169,17.580394000000002
2025-05-27 07:00:00,0.042,0.1,25.937,91.16707099999999,2.777,2.9930749999999997
2025-05-27 08:00:00,0.081,0.203,26.837,197.66050399999997,2.8689999999999998,3.5044969999999998
2025-05-27 09:00:00,0.125,0.305,27.702,300.511354,2.931,3.9120790000000003
2025-05-27 10:00:00,0.098,0.367,28.281,323.842358,2.702,2.596934
2025-05-27 11:00:00,0.083,0.40900000000000003,28.732,341.256331,2.344,1.142144
2025-05-27 12:00:00,0.061,0.401,28.97,320.608011,2.143,0.632264
2025-05-27 13:00:00,0.045,0.361,29.009,282.371382,2.259,0.8885689999999999
2025-05-27 14:00:00,0.035,0.296,28.921,229.32246700000002,2.668,2.380322
2025-05-27 15:00:00,0.025,0.21,28.68,158.980086,3.046,4.729953999999999
2025-05-27 16:00:00,0.016,0.123,28.302,87.622858,3.228,6.296268
2025-05-27 17:00:00,0.008,0.047,27.759,25.864945,3.465,8.593266999999999
2025-05-27 18:00:00,0.001,0.005,26.967,0.0,3.719,11.490673000000001
2025-05-27 19:00:00,0.0,0.0,26.493,0.0,3.83,12.779816
2025-05-27 20:00:00,0.0,0.0,26.236,0.0,3.7960000000000003,12.347868
2025-05-27 21:00:00,0.0,0.0,25.999,0.0,3.7039999999999997,11.30805
2025-05-27 22:00:00,0.0,0.0,25.807,0.0,3.91,13.845754999999999
2025-05-27 23:00:00,0.0,0.0,25.674,0.0,4.235,18.606171999999997
2025-05-28 00:00:00,0.0,0.0,25.54,0.0,4.43,21.803652
2025-05-28 01:00:00,0.0,0.0,25.41,0.0,4.666,26.103681
2025-05-28 02:00:00,0.0,0.0,25.304,0.0,5.009,32.912584
2025-05-28 03:00:00,0.0,0.0,25.25,0.0,5.368,41.076295
2025-05-28 04:00:00,0.0,0.0,25.199,0.0,5.44,42.817431
2025-05-28 05:00:00,0.0,0.0,25.122,0.0,5.439,42.815220000000004
2025-05-28 06:00:00,0.007,0.015,25.309,3.943591,5.431,42.607538999999996
2025-05-28 07:00:00,0.018000000000000002,0.082,26.156,59.577273,4.604,24.887082999999997
2025-05-28 08:00:00,0.03,0.17,26.782,134.391697,4.824,29.100298
2025-05-28 09:00:00,0.044,0.266,27.427,216.281005,5.109,35.078773999999996
2025-05-28 10:00:00,0.059000000000000004,0.35000000000000003,28.067,285.48042599999997,5.146,35.898516
2025-05-28 11:00:00,0.074,0.40800000000000003,28.653,334.367615,5.013,33.007453
2025-05-28 12:00:00,0.079,0.427,29.083,349.758948,4.814,29.006629
2025-05-28 13:00:00,0.052000000000000005,0.378,29.14,298.339973,4.773,28.151999
2025-05-28 14:00:00,0.026000000000000002,0.278,28.859,209.96029199999998,4.902,30.673671
2025-05-28 15:00:00,0.016,0.189,28.472,137.646796,5.03,33.544073
2025-05-28 16:00:00,0.011,0.109,28.001,73.238598,4.656,26.014232
2025-05-28 17:00:00,0.006,0.043000000000000003,27.415,21.348459,4.454,22.205336
2025-05-28 18:00:00,0.001,0.004,26.639,0.0,4.803,28.852694
2025-05-28 19:00:00,0.0,0.0,26.2,0.0,5.026,33.414928999999994
2025-05-28 20:00:00,0.0,0.0,25.996,0.0,5.13,35.545586
2025-05-28 21:00:00,0.0,0.0,25.849,0.0,5.18,36.684290999999995
2025-05-28 22:00:00,0.0,0.0,25.737,0.0,5.213,37.427106
2025-05-28 23:00:00,0.0,0.0,25.65,0.0,5.124,35.411637999999996
2025-05-29 00:00:00,0.0,0.0,25.574,0.0,5.102,34.927627
2025-05-29 01:00:00,0.0,0.0,25.46,0.0,5.055,34.110338000000006
2025-05-29 02:00:00,0.0,0.0,25.331,0.0,5.023,33.292095
2025-05-29 03:00:00,0.0,0.0,25.203,0.0,4.856,29.728794
2025-05-29 04:00:00,0.0,0.0,25.088,0.0,4.911,30.867325
2025-05-29 05:00:00,0.0,0.0,25.008,0.0,5.002,32.766381
2025-05-29 06:00:00,0.014,0.019,25.252,10.89856,5.035,33.677079
2025-05-29 07:00:00,0.045,0.105,26.274,97.13168300000001,4.281,19.473067999999998
2025-05-29 08:00:00,0.051000000000000004,0.194,26.918,168.885086,4.233,18.560538
2025-05-29 09:00:00,0.031,0.243,27.435,189.470114,4.459,22.298830000000002
2025-05-29 10:00:00,0.039,0.326,28.033,254.76268900000002,4.479,22.649691999999998
2025-05-29 11:00:00,0.036000000000000004,0.36,28.505,275.877273,4.455,22.226170999999997
2025-05-29 12:00:00,0.031,0.359,28.75,271.760652,4.482,22.692619999999998
2025-05-29 13:00:00,0.024,0.319,28.773,238.06644200000002,4.603,24.872491
2025-05-29 14:00:00,0.017,0.249,28.603,182.584995,4.78,28.387256
2025-05-29 15:00:00,0.013000000000000001,0.179,28.366,127.568322,4.944,31.543146
2025-05-29 16:00:00,0.008,0.097,27.93,61.989879,4.959,31.861145
2025-05-29 17:00:00,0.004,0.037,27.322,15.807697000000001,5.309,39.889894
2025-05-29 18:00:00,0.001,0.003,26.638,0.0,5.577,46.538180999999994
2025-05-29 19:00:00,0.0,0.0,26.236,0.0,5.716,50.056132
2025-05-29 20:00:00,0.0,0.0,26.086,0.0,5.921,55.64205200000001
2025-05-29 21:00:00,0.0,0.0,25.945,0.0,5.89,54.77018
2025-05-29 22:00:00,0.0,0.0,25.836,0.0,5.831,53.09608
2025-05-29 23:00:00,0.0,0.0,25.763,0.0,5.827,53.002249000000006
2025-05-30 00:00:00,0.0,0.0,25.721,0.0,5.92,55.628317
2025-05-30 01:00:00,0.0,0.0,25.692,0.0,5.88,54.468500999999996
2025-05-30 02:00:00,0.0,0.0,25.635,0.0,5.632,47.733250999999996
2025-05-30 03:00:00,0.0,0.0,25.552,0.0,5.44,42.84185
2025-05-30 04:00:00,0.0,0.0,25.436,0.0,5.323,40.14709
2025-05-30 05:00:00,0.0,0.0,25.346,0.0,5.453,43.37903
2025-05-30 06:00:00,0.003,0.011,25.459,0.0,5.8469999999999995,53.550978
2025-05-30 07:00:00,0.008,0.066,26.106,40.193708,5.377,41.289504
2025-05-30 08:00:00,0.014,0.14200000000000002,26.601,101.360919,4.668,26.107992
2025-05-30 09:00:00,0.021,0.228,27.154,171.392784,4.775,28.208876
2025-05-30 10:00:00,0.028,0.31,27.77,235.778914,4.936,31.373094000000002
2025-05-30 11:00:00,0.021,0.321,28.101,238.067856,5.303,39.731680999999995
2025-05-30 12:00:00,0.02,0.33,28.273,243.661892,5.318,40.104789
2025-05-30 13:00:00,0.014,0.28200000000000003,28.242,205.560297,4.78,28.40925
2025-05-30 14:00:00,0.011,0.225,28.133,160.56523199999998,4.08,16.238946
2025-05-30 15:00:00,0.008,0.155,27.918,106.350045,3.842,12.941025999999999
2025-05-30 16:00:00,0.005,0.088,27.553,53.404013,4.142,17.296712
2025-05-30 17:00:00,0.003,0.033,26.996,12.468102,4.697,26.626209
2025-05-30 18:00:00,0.001,0.004,26.319,0.0,5.296,39.577617
2025-05-30 19:00:00,0.0,0.0,25.92,0.0,5.43,42.592969
2025-05-30 20:00:00,0.0,0.0,25.735,0.0,5.304,39.767295
2025-05-30 21:00:00,0.0,0.0,25.575,0.0,4.943,31.525295
2025-05-30 22:00:00,0.0,0.0,25.454,0.0,4.952,31.716583
2025-05-30 23:00:00,0.0,0.0,25.32,0.0,5.191,36.939752999999996
2025-05-31 00:00:00,0.0,0.0,25.189,0.0,5.502,44.371527
2025-05-31 01:00:00,0.0,0.0,25.036,0.0,5.783,52.036351
2025-05-31 02:00:00,0.0,0.0,24.934,0.0,6.147,62.329481
2025-05-31 03:00:00,0.0,0.0,24.86,0.0,6.535,74.74955499999999
2025-05-31 04:00:00,0.0,0.0,24.816,0.0,6.71,81.072216
2025-05-31 05:00:00,0.0,0.0,24.77,0.0,6.173,63.319617
2025-05-31 06:00:00,0.006,0.014,24.941,2.135566,5.102,34.927616
2025-05-31 07:00:00,0.013000000000000001,0.073,25.624,48.472936999999995,3.959,14.639297000000001
2025-05-31 08:00:00,0.03,0.168,26.288,133.495667,4.47,22.487507
2025-05-31 09:00:00,0.057,0.277,27.025,233.443078,5.797,52.424631999999995
2025-05-31 10:00:00,0.098,0.374,27.823,328.76362800000004,5.59,46.633766
2025-05-31 11:00:00,0.111,0.426,28.451,371.658937,5.19,36.908594
2025-05-31 12:00:00,0.074,0.417,28.672,340.456163,5.285,39.31507
2025-05-31 13:00:00,0.048,0.368,28.619,289.920291,5.088,34.613355000000006
2025-05-31 14:00:00,0.03,0.289,28.371,221.647348,5.025,33.342211000000006
2025-05-31 15:00:00,0.018000000000000002,0.195,27.898,144.068715,5.2780000000000005,39.100669
2025-05-31 16:00:00,0.011,0.11,27.337,74.179525,5.159,36.209957
2025-05-31 17:00:00,0.007,0.045,26.761,23.587626,4.413,21.620780999999997
2025-05-31 18:00:00,0.001,0.005,26.159,0.0,4.045,15.735406999999999
2025-05-31 19:00:00,0.0,0.0,25.766,0.0,4.158,17.435012
2025-05-31 20:00:00,0.0,0.0,25.528,0.0,3.857,13.142708
2025-05-31 21:00:00,0.0,0.0,25.303,0.0,4.051,15.823008
2025-05-31 22:00:00,0.0,0.0,25.138,0.0,4.65,25.907931
2025-05-31 23:00:00,0.0,0.0,25.019,0.0,5.107,35.036532
2025-06-01 00:00:00,0.0,0.0,24.934,0.0,5.146,35.911609
2025-06-01 01:00:00,0.0,0.0,24.823,0.0,5.014,33.030528
2025-06-01 02:00:00,0.0,0.0,24.698,0.0,4.821,29.045167000000003
2025-06-01 03:00:00,0.0,0.0,24.57,0.0,4.5809999999999995,24.455688
2025-06-01 04:00:00,0.0,0.0,24.443,0.0,4.155,17.430811000000002
2025-06-01 05:00:00,0.0,0.0,24.393,0.0,3.654,10.600444
2025-06-01 06:00:00,0.03,0.023,24.712,24.676264,3.04,4.686932
2025-06-01 07:00:00,0.092,0.114,25.672,140.102789,2.209,0.787492
2025-06-01 08:00:00,0.161,0.213,26.571,262.857418,1.233,0.009587
2025-06-01 09:00:00,0.178,0.301,27.667,334.544948,0.622,0.0
2025-06-01 10:00:00,0.147,0.373,28.281,360.71151299999997,1.379,0.025433
2025-06-01 11:00:00,0.11900000000000001,0.419,28.66,372.115108,1.003,0.001441
2025-06-01 12:00:00,0.064,0.402,28.749,323.71857400000005,1.1360000000000001,0.004894999999999999
2025-06-01 13:00:00,0.033,0.333,28.538,254.622449,1.625,0.091017
2025-06-01 14:00:00,0.019,0.248,28.209,183.764614,1.995,0.391216
2025-06-01 15:00:00,0.014,0.17400000000000002,27.971,124.55062,1.9140000000000001,0.292802
2025-06-01 16:00:00,0.009000000000000001,0.101,27.778,66.335784,2.1310000000000002,0.609226
2025-06-01 17:00:00,0.007,0.045,27.491,23.677335,2.229,0.815823
2025-06-01 18:00:00,0.002,0.005,26.943,0.0,2.018,0.42357799999999995
2025-06-01 19:00:00,0.0,0.0,26.56,0.0,1.904,0.28234
2025-06-01 20:00:00,0.0,0.0,26.158,0.0,2.052,0.485622
2025-06-01 21:00:00,0.0,0.0,25.847,0.0,2.225,0.807942
2025-06-01 22:00:00,0.0,0.0,25.673000000000002,0.0,2.101,0.5556
2025-06-01 23:00:00,0.0,0.0,25.52,0.0,2.032,0.45576
2025-06-02 00:00:00,0.0,0.0,25.321,0.0,2.126,0.599881
2025-06-02 01:00:00,0.0,0.0,25.192,0.0,2.197,0.756466
2025-06-02 02:00:00,0.0,0.0,25.047,0.0,2.289,0.986164
2025-06-02 03:00:00,0.0,0.0,24.781,0.0,2.492,1.617839
2025-06-02 04:00:00,0.0,0.0,24.513,0.0,2.67,2.390151
2025-06-02 05:00:00,0.0,0.0,24.313,0.0,3.0,4.389390000000001
2025-06-02 06:00:00,0.041,0.024,24.49,33.262014,3.422,8.061902
2025-06-02 07:00:00,0.112,0.11,25.478,152.758297,3.315,7.0132449999999995
2025-06-02 08:00:00,0.203,0.2,26.396,283.61787599999997,4.046,15.744046
2025-06-02 09:00:00,0.278,0.269,27.37,380.497336,4.865,29.996491000000002
2025-06-02 10:00:00,0.35100000000000003,0.311,28.178,451.36165600000004,5.344,40.498042
2025-06-02 11:00:00,0.366,0.34,28.785,476.096769,5.49,44.075464999999994
2025-06-02 12:00:00,0.377,0.34500000000000003,29.226,485.382634,5.329,40.158284
2025-06-02 13:00:00,0.377,0.332,29.514,476.20234700000003,4.945,31.558334
2025-06-02 14:00:00,0.304,0.315,29.543,421.788967,4.374,21.012079
2025-06-02 15:00:00,0.151,0.265,29.129,288.749721,3.775,12.083099
2025-06-02 16:00:00,0.058,0.159,28.513,145.703095,3.431,8.155436
2025-06-02 17:00:00,0.015,0.054,27.761,35.963919000000004,3.41,7.93609
2025-06-02 18:00:00,0.002,0.005,26.939,0.0,3.443,8.296673
2025-06-02 19:00:00,0.0,0.0,26.426,0.0,3.391,7.741443
2025-06-02 20:00:00,0.0,0.0,26.075,0.0,3.374,7.630433
2025-06-02 21:00:00,0.0,0.0,25.8,0.0,3.498,8.942521000000001
2025-06-02 22:00:00,0.0,0.0,25.591,0.0,3.515,9.038938
2025-06-02 23:00:00,0.0,0.0,25.394,0.0,3.568,9.62199
2025-06-03 00:00:00,0.0,0.0,25.213,0.0,3.689,11.016294
2025-06-03 01:00:00,0.0,0.0,25.054,0.0,3.749,11.750838
2025-06-03 02:00:00,0.0,0.0,24.887,0.0,3.841,12.922383
2025-06-03 03:00:00,0.0,0.0,24.733,0.0,4.186,17.835493
2025-06-03 04:00:00,0.0,0.0,24.583,0.0,4.655,25.992459
2025-06-03 05:00:00,0.0,0.0,24.447,0.0,5.043,33.840273
2025-06-03 06:00:00,0.012,0.018000000000000002,24.638,8.279983,4.999,32.701046999999996
2025-06-03 07:00:00,0.034,0.093,25.436,79.810225,3.923,14.025885
2025-06-03 08:00:00,0.067,0.194,26.311,180.810321,4.063,15.989322
2025-06-03 09:00:00,0.092,0.28800000000000003,27.265,266.55577500000004,4.3,19.636845
2025-06-03 10:00:00,0.128,0.369,28.087,345.92816,4.27,19.165188999999998
2025-06-03 11:00:00,0.149,0.41600000000000004,28.725,389.09218,4.066,16.032698
2025-06-03 12:00:00,0.145,0.429,29.125,394.330411,3.915,13.916266
2025-06-03 13:00:00,0.125,0.405,29.288,365.41391600000003,3.935,14.182291
2025-06-03 14:00:00,0.10400000000000001,0.34900000000000003,29.271,314.681691,3.939,14.232756
2025-06-03 15:00:00,0.056,0.248,28.978,209.749088,3.684,10.956379
2025-06-03 16:00:00,0.028,0.14100000000000001,28.542,110.242649,3.373,7.628253
2025-06-03 17:00:00,0.009000000000000001,0.049,27.911,27.591245,3.152,5.566767
2025-06-03 18:00:00,0.002,0.005,27.099,0.0,3.078,4.975486
2025-06-03 19:00:00,0.0,0.0,26.495,0.0,3.287,6.749448
2025-06-03 20:00:00,0.0,0.0,26.088,0.0,3.964,14.715825
2025-06-03 21:00:00,0.0,0.0,25.791,0.0,4.609,24.97892
2025-06-03 22:00:00,0.0,0.0,25.585,0.0,4.849,29.59193
2025-06-03 23:00:00,0.0,0.0,25.437,0.0,4.883,30.41678
2025-06-04 00:00:00,0.0,0.0,25.29,0.0,4.853,29.684836999999998
2025-06-04 01:00:00,0.0,0.0,25.138,0.0,4.415,21.623279
2025-06-04 02:00:00,0.0,0.0,25.029,0.0,3.473,8.674931
2025-06-04 03:00:00,0.0,0.0,24.928,0.0,3.115,5.300591000000001
2025-06-04 04:00:00,0.0,0.0,24.696,0.0,3.529,9.184084
2025-06-04 05:00:00,0.0,0.0,24.529,0.0,3.784,12.188562
2025-06-04 06:00:00,0.013000000000000001,0.018000000000000002,24.681,9.539726,3.41,7.93523
2025-06-04 07:00:00,0.037,0.097,25.557,85.139507,2.424,1.3712449999999998
2025-06-04 08:00:00,0.049,0.184,26.174,160.694459,1.63,0.093197
2025-06-04 09:00:00,0.067,0.278,26.95,242.30311600000002,1.262,0.011876
2025-06-04 10:00:00,0.096,0.363,27.846,320.724207,1.178,0.006900000000000001
2025-06-04 11:00:00,0.128,0.419,28.561,377.62089199999997,1.465,0.039746000000000004
2025-06-04 12:00:00,0.128,0.431,28.923000000000002,384.80888,1.843,0.22451300000000002
2025-06-04 13:00:00,0.11,0.40700000000000003,28.93,356.85603299999997,2.084,0.5386799999999999
2025-06-04 14:00:00,0.069,0.333,28.646,280.37823,2.066,0.508654
2025-06-04 15:00:00,0.039,0.233,28.2,187.19327600000003,1.779,0.173285
2025-06-04 16:00:00,0.019,0.129,27.635,95.288488,1.3940000000000001,0.027635
2025-06-04 17:00:00,0.008,0.046,27.079,24.64788,1.042,0.002352
2025-06-04 18:00:00,0.001,0.005,26.429,0.0,0.75,0.0
2025-06-04 19:00:00,0.0,0.0,26.055,0.0,0.778,0.0
2025-06-04 20:00:00,0.0,0.0,25.715,0.0,1.85,0.230389
2025-06-04 21:00:00,0.0,0.0,25.371,0.0,2.4939999999999998,1.622462
2025-06-04 22:00:00,0.0,0.0,25.241,0.0,2.29,0.990936
2025-06-04 23:00:00,0.0,0.0,25.146,0.0,1.947,0.33737900000000004
2025-06-05 00:00:00,0.0,0.0,24.903,0.0,2.067,0.509687
2025-06-05 01:00:00,0.0,0.0,24.586,0.0,2.623,2.165626
2025-06-05 02:00:00,0.0,0.0,24.327,0.0,3.175,5.759934
2025-06-05 03:00:00,0.0,0.0,24.205,0.0,3.629,10.417776
2025-06-05 04:00:00,0.0,0.0,24.175,0.0,4.042,15.681387
2025-06-05 05:00:00,0.0,0.0,24.129,0.0,4.4879999999999995,22.802138
2025-06-05 06:00:00,0.009000000000000001,0.017,24.407,5.925936,4.804,28.884563
2025-06-05 07:00:00,0.02,0.084,25.175,61.988186999999996,4.011,15.237667
2025-06-05 08:00:00,0.027,0.166,25.756,129.618288,3.717,11.474179
2025-06-05 09:00:00,0.031,0.245,26.315,191.997694,3.814,12.575601
2025-06-05 10:00:00,0.035,0.315,26.781,245.30146,3.3970000000000002,7.806376
2025-06-05 11:00:00,0.042,0.369,27.186,288.18982900000003,2.924,3.8611660000000003
2025-06-05 12:00:00,0.047,0.392,27.47,307.207552,2.582,2.011646
2025-06-05 13:00:00,0.039,0.357,27.547,277.534126,2.226,0.8088339999999999
2025-06-05 14:00:00,0.029,0.28800000000000003,27.454,220.761082,1.729,0.14066
2025-06-05 15:00:00,0.019,0.199,27.202,148.129281,1.146,0.005411
2025-06-05 16:00:00,0.011,0.112,26.792,76.239643,0.9480000000000001,0.0009270000000000001
2025-06-05 17:00:00,0.006,0.045,26.352,22.712681,1.203,0.007954
2025-06-05 18:00:00,0.001,0.005,25.573,0.0,2.183,0.714911
2025-06-05 19:00:00,0.0,0.0,24.947,0.0,3.212,6.149109
2025-06-05 20:00:00,0.0,0.0,24.625,0.0,3.444,8.318487999999999
2025-06-05 21:00:00,0.0,0.0,24.417,0.0,2.995,4.353001
2025-06-05 22:00:00,0.0,0.0,24.367,0.0,2.056,0.49252999999999997
2025-06-05 23:00:00,0.0,0.0,24.444,0.0,1.188,0.007056
2025-06-06 00:00:00,0.0,0.0,24.488,0.0,0.738,0.0
2025-06-06 01:00:00,0.0,0.0,24.434,0.0,0.862,0.00033600000000000004
2025-06-06 02:00:00,0.0,0.0,24.341,0.0,1.124,0.004494
2025-06-06 03:00:00,0.0,0.0,24.263,0.0,1.25,0.010784
2025-06-06 04:00:00,0.0,0.0,24.117,0.0,1.388,0.026646999999999997
2025-06-06 05:00:00,0.0,0.0,24.041,0.0,1.462,0.039077
2025-06-06 06:00:00,0.017,0.02,24.19,13.462156,1.403,0.02913
2025-06-06 07:00:00,0.041,0.099,24.927,90.479566,1.459,0.038418999999999995
2025-06-06 08:00:00,0.095,0.21,25.9,214.075772,2.337,1.12266
2025-06-06 09:00:00,0.09,0.293,26.754,268.712299,3.242,6.402196
2025-06-06 10:00:00,0.08600000000000001,0.365,27.421,315.744803,3.954,14.570805
2025-06-06 11:00:00,0.056,0.383,27.739,307.221138,4.259,18.980867999999997
2025-06-06 12:00:00,0.049,0.388,27.936,305.148047,4.299,19.635275
2025-06-06 13:00:00,0.039,0.352,27.972,273.342092,4.112,16.72838
2025-06-06 14:00:00,0.026000000000000002,0.276,27.772,209.817891,3.797,12.353477999999999
2025-06-06 15:00:00,0.014,0.18,27.393,129.755472,3.614,10.189396
2025-06-06 16:00:00,0.01,0.108,27.038,72.158967,3.266,6.558743000000001
2025-06-06 17:00:00,0.006,0.043000000000000003,26.676,20.950401000000003,3.229,6.301122
2025-06-06 18:00:00,0.001,0.004,26.133,0.0,4.006,15.175449
2025-06-06 19:00:00,0.0,0.0,25.819,0.0,4.793,28.657533
2025-06-06 20:00:00,0.0,0.0,25.73,0.0,5.143,35.848173
2025-06-06 21:00:00,0.0,0.0,25.624,0.0,5.467,43.568104
2025-06-06 22:00:00,0.0,0.0,25.524,0.0,5.6530000000000005,48.282909
2025-06-06 23:00:00,0.0,0.0,25.397,0.0,5.496,44.225519999999996
2025-06-07 00:00:00,0.0,0.0,25.299,0.0,5.493,44.148161
2025-06-07 01:00:00,0.0,0.0,25.216,0.0,5.579,46.588392
2025-06-07 02:00:00,0.0,0.0,25.134,0.0,5.524,45.029837
2025-06-07 03:00:00,0.0,0.0,25.031,0.0,5.322,40.145756
2025-06-07 04:00:00,0.0,0.0,24.907,0.0,4.962,31.928901000000003
2025-06-07 05:00:00,0.0,0.0,24.795,0.0,4.808,28.96636
2025-06-07 06:00:00,0.005,0.013000000000000001,24.919,0.981028,4.753,27.701873
2025-06-07 07:00:00,0.011,0.069,25.797,44.145545,3.879,13.544463
2025-06-07 08:00:00,0.021,0.15,26.445,112.966523,3.521,9.10464
2025-06-07 09:00:00,0.037,0.25,27.131,199.205876,3.844,12.962839
2025-06-07 10:00:00,0.052000000000000005,0.333,27.75,269.887554,4.171,17.598587
2025-06-07 11:00:00,0.073,0.399,28.269,328.850785,4.32,19.958252
2025-06-07 12:00:00,0.073,0.41000000000000003,28.589,335.34094400000004,4.482,22.695464
2025-06-07 13:00:00,0.064,0.381,28.699,309.64554300000003,4.647,25.850227
2025-06-07 14:00:00,0.052000000000000005,0.316,28.624,256.738775,4.768,27.991332999999997
2025-06-07 15:00:00,0.069,0.26,28.527,229.015771,4.817,29.010357
2025-06-07 16:00:00,0.084,0.181,28.287,181.43917800000003,4.766,27.941339
2025-06-07 17:00:00,0.043000000000000003,0.079,27.67,74.843224,4.63,25.537056
2025-06-07 18:00:00,0.005,0.008,26.708,0.0,5.14,35.779593999999996
2025-06-07 19:00:00,0.0,0.0,26.086,0.0,5.587,46.619292
2025-06-07 20:00:00,0.0,0.0,25.825,0.0,5.981,57.625379
2025-06-07 21:00:00,0.0,0.0,25.669,0.0,6.296,66.94458800000001
2025-06-07 22:00:00,0.0,0.0,25.562,0.0,6.237,65.378733
2025-06-07 23:00:00,0.0,0.0,25.451,0.0,6.194,63.937631
2025-06-08 00:00:00,0.0,0.0,25.339,0.0,6.184,63.587844
2025-06-08 01:00:00,0.0,0.0,25.225,0.0,6.055,59.694516
2025-06-08 02:00:00,0.0,0.0,25.115,0.0,5.948,56.612875
2025-06-08 03:00:00,0.0,0.0,25.022,0.0,5.985,57.631927000000005
2025-06-08 04:00:00,0.0,0.0,25.005,0.0,6.12,61.506254999999996
2025-06-08 05:00:00,0.0,0.0,24.981,0.0,6.253,65.673307
2025-06-08 06:00:00,0.013000000000000001,0.018000000000000002,25.224,9.500345,6.147,62.329322
2025-06-08 07:00:00,0.042,0.1,26.062,90.508753,5.2620000000000005,38.551089999999995
2025-06-08 08:00:00,0.07100000000000001,0.199,26.765,186.95367199999998,5.2780000000000005,39.127995999999996
2025-06-08 09:00:00,0.091,0.293,27.513,269.42677299999997,5.458,43.514233
2025-06-08 10:00:00,0.091,0.364,28.141,316.88205300000004,5.384,41.456399
2025-06-08 11:00:00,0.085,0.40800000000000003,28.568,342.695799,5.3629999999999995,40.962133
2025-06-08 12:00:00,0.06,0.397,28.638,317.82005699999996,5.292,39.486965
2025-06-08 13:00:00,0.054,0.374,28.607,298.000375,4.952,31.705254
2025-06-08 14:00:00,0.032,0.28700000000000003,28.33,221.025117,4.693,26.553157
2025-06-08 15:00:00,0.023,0.20700000000000002,27.966,156.39024600000002,4.744,27.521239
2025-06-08 16:00:00,0.014,0.12,27.531,84.818049,4.742,27.483622999999998
2025-06-08 17:00:00,0.006,0.043000000000000003,27.001,21.536021,5.175,36.556279
2025-06-08 18:00:00,0.001,0.005,26.341,0.0,5.703,49.843652999999996
2025-06-08 19:00:00,0.0,0.0,25.886,0.0,6.15,62.427216
2025-06-08 20:00:00,0.0,0.0,25.582,0.0,6.495,73.56968499999999
2025-06-08 21:00:00,0.0,0.0,25.322,0.0,6.629,77.97148200000001
2025-06-08 22:00:00,0.0,0.0,25.12,0.0,7.021,91.94690399999999
2025-06-08 23:00:00,0.0,0.0,25.0,0.0,7.275,101.809201
2025-06-09 00:00:00,0.0,0.0,24.927,0.0,7.107,95.28619
2025-06-09 01:00:00,0.0,0.0,24.888,0.0,6.955,89.671286
2025-06-09 02:00:00,0.0,0.0,24.877,0.0,7.006,91.588497
2025-06-09 03:00:00,0.0,0.0,24.882,0.0,7.215,99.28604399999999
2025-06-09 04:00:00,0.0,0.0,24.875,0.0,7.614,115.258444
2025-06-09 05:00:00,0.0,0.0,24.844,0.0,8.413,148.95603599999998
2025-06-09 06:00:00,0.009000000000000001,0.017,24.972,5.743578,8.46,150.87438500000002
2025-06-09 07:00:00,0.022,0.088,25.516,67.252441,7.102,95.275852
2025-06-09 08:00:00,0.045,0.19,26.275,161.940772,6.611,77.38163899999999
2025-06-09 09:00:00,0.056,0.28200000000000003,26.971,237.030444,7.001,91.245186
2025-06-09 10:00:00,0.058,0.356,27.647,289.856449,7.026,92.131997
2025-06-09 11:00:00,0.031,0.35000000000000003,27.966,266.76464,6.123,61.60817
2025-06-09 12:00:00,0.018000000000000002,0.315,27.998,231.93973699999998,5.106,35.011205000000004
2025-06-09 13:00:00,0.011,0.258,27.839,185.984877,4.57,24.263418
2025-06-09 14:00:00,0.008,0.198,27.551,138.32743,4.5280000000000005,23.62825
2025-06-09 15:00:00,0.005,0.127,27.205,83.033697,4.279,19.419831
2025-06-09 16:00:00,0.003,0.07100000000000001,26.854,39.452028,4.22,18.363464
2025-06-09 17:00:00,0.002,0.029,26.416,9.348262,5.148,35.957524
2025-06-09 18:00:00,0.001,0.003,25.864,0.0,5.965,57.192559
2025-06-09 19:00:00,0.0,0.0,25.545,0.0,6.342,68.468788
2025-06-09 20:00:00,0.0,0.0,25.386,0.0,7.118,95.87708500000001
2025-06-09 21:00:00,0.0,0.0,25.186,0.0,7.184,98.234771
2025-06-09 22:00:00,0.0,0.0,24.965,0.0,7.445,108.48709299999999
2025-06-09 23:00:00,0.0,0.0,24.746,0.0,7.564,113.089946
2025-06-10 00:00:00,0.0,0.0,24.524,0.0,7.632,115.924644
2025-06-10 01:00:00,0.0,0.0,24.319,0.0,7.829,124.32391
2025-06-10 02:00:00,0.0,0.0,24.177,0.0,8.024,132.28404
2025-06-10 03:00:00,0.0,0.0,24.088,0.0,8.173,138.79331200000001
2025-06-10 04:00:00,0.0,0.0,23.993,0.0,8.317,144.963642
2025-06-10 05:00:00,0.0,0.0,23.892,0.0,8.212,140.17515400000002
2025-06-10 06:00:00,0.044,0.027,24.071,37.923007,7.304,102.74865700000001
2025-06-10 07:00:00,0.078,0.114,24.835,130.050533,5.882,54.530459
2025-06-10 08:00:00,0.079,0.20400000000000001,25.667,197.832,6.325,68.009687
2025-06-10 09:00:00,0.081,0.295,26.469,265.030395,6.044,59.361532
2025-06-10 10:00:00,0.058,0.34800000000000003,27.064,284.754155,6.258,65.961879
2025-06-10 11:00:00,0.038,0.363,27.386,281.413656,6.445,71.91471
2025-06-10 12:00:00,0.018000000000000002,0.307,27.411,227.265668,5.965,57.194112000000004
2025-06-10 13:00:00,0.013000000000000001,0.264,27.345,191.45650700000002,5.636,47.838035000000005
2025-06-10 14:00:00,0.008,0.196,27.132,137.436025,5.346,40.531591999999996
2025-06-10 15:00:00,0.006,0.131,26.845,86.657189,4.953,31.724858
2025-06-10 16:00:00,0.004,0.074,26.511,42.624010000000006,4.822,29.050190999999998
2025-06-10 17:00:00,0.002,0.029,26.086,9.235054,4.684,26.371783
2025-06-10 18:00:00,0.001,0.003,25.509,0.0,5.218,37.534144999999995
2025-06-10 19:00:00,0.0,0.0,25.156,0.0,5.7620000000000005,51.194592
2025-06-10 20:00:00,0.0,0.0,24.924,0.0,6.1,61.154701
2025-06-10 21:00:00,0.0,0.0,24.699,0.0,6.064,59.830365
2025-06-10 22:00:00,0.0,0.0,24.484,0.0,5.835,53.227864000000004
2025-06-10 23:00:00,0.0,0.0,24.27,0.0,5.561,46.111688
2025-06-11 00:00:00,0.0,0.0,24.09,0.0,5.45,43.307095000000004
2025-06-11 01:00:00,0.0,0.0,23.965,0.0,5.437,42.753927000000004
2025-06-11 02:00:00,0.0,0.0,23.87,0.0,5.407,42.022443
2025-06-11 03:00:00,0.0,0.0,23.81,0.0,5.327,40.155370000000005
2025-06-11 04:00:00,0.0,0.0,23.749,0.0,5.236,37.952185
2025-06-11 05:00:00,0.0,0.0,23.683,0.0,5.197,37.22316
2025-06-11 06:00:00,0.025,0.021,23.994,19.908915,5.122,35.368449
2025-06-11 07:00:00,0.089,0.108,25.091,133.296199,3.818,12.629662
2025-06-11 08:00:00,0.162,0.203,26.049,257.589021,3.641,10.546391999999999
2025-06-11 09:00:00,0.146,0.28300000000000003,26.85,300.88158500000003,3.6550000000000002,10.618272999999999
2025-06-11 10:00:00,0.17200000000000001,0.35100000000000003,27.429,364.132177,3.975,14.800387
2025-06-11 11:00:00,0.25,0.381,27.959,432.7007,4.254,18.898613
2025-06-11 12:00:00,0.299,0.376,28.383,458.94751899999994,4.23,18.525544999999997
2025-06-11 13:00:00,0.314,0.353,28.615,453.44903600000004,4.053,15.846321
2025-06-11 14:00:00,0.301,0.313,28.645,420.48911,3.846,12.99619
2025-06-11 15:00:00,0.24,0.26,28.452,347.52988400000004,3.685,10.978826
2025-06-11 16:00:00,0.11,0.17500000000000002,27.997,197.133038,3.35,7.345187
2025-06-11 17:00:00,0.037,0.07200000000000001,27.351,65.127344,3.25,6.411696
2025-06-11 18:00:00,0.005,0.007,26.374,0.0,3.478,8.730949
2025-06-11 19:00:00,0.0,0.0,25.68,0.0,3.531,9.212451999999999
2025-06-11 20:00:00,0.0,0.0,25.347,0.0,3.444,8.311641999999999
2025-06-11 21:00:00,0.0,0.0,25.136,0.0,3.187,5.858567
2025-06-11 22:00:00,0.0,0.0,24.985,0.0,2.951,4.107045
2025-06-11 23:00:00,0.0,0.0,24.827,0.0,2.844,3.354487
2025-06-12 00:00:00,0.0,0.0,24.602,0.0,2.914,3.798242
2025-06-12 01:00:00,0.0,0.0,24.34,0.0,3.146,5.513502000000001
2025-06-12 02:00:00,0.0,0.0,24.074,0.0,3.483,8.783644
2025-06-12 03:00:00,0.0,0.0,23.84,0.0,3.947,14.42617
2025-06-12 04:00:00,0.0,0.0,23.605,0.0,4.598,24.779006000000003
2025-06-12 05:00:00,0.0,0.0,23.448,0.0,4.813,29.004693
2025-06-12 06:00:00,0.019,0.021,23.715,15.559434999999999,4.373,20.996282
2025-06-12 07:00:00,0.035,0.096,24.694,83.200755,3.275,6.640039
2025-06-12 08:00:00,0.049,0.186,25.42,162.102244,2.784,3.042932
2025-06-12 09:00:00,0.062,0.279,26.216,240.086227,2.899,3.699969
2025-06-12 10:00:00,0.053,0.336,26.82,273.13746299999997,2.98,4.305549
2025-06-12 11:00:00,0.048,0.371,27.17,293.664642,3.038,4.670546
2025-06-12 12:00:00,0.044,0.378,27.375,295.765921,3.076,4.9544690000000005
2025-06-12 13:00:00,0.039,0.34900000000000003,27.444,272.012567,3.15,5.55101
2025-06-12 14:00:00,0.037,0.299,27.402,234.776277,3.25,6.411716
2025-06-12 15:00:00,0.029,0.22,27.172,171.553909,3.316,7.022042000000001
2025-06-12 16:00:00,0.021,0.135,26.805,101.40630800000001,3.132,5.399216
2025-06-12 17:00:00,0.011,0.054,26.277,32.472411,3.31,6.959155
2025-06-12 18:00:00,0.002,0.006,25.491,0.0,3.924,14.029583
2025-06-12 19:00:00,0.0,0.0,24.977,0.0,4.505,23.105591
2025-06-12 20:00:00,0.0,0.0,24.734,0.0,4.84,29.418437
2025-06-12 21:00:00,0.0,0.0,24.539,0.0,5.133,35.609716
2025-06-12 22:00:00,0.0,0.0,24.362,0.0,5.343,40.467301
2025-06-12 23:00:00,0.0,0.0,24.185,0.0,5.415,42.213125
2025-06-13 00:00:00,0.0,0.0,23.995,0.0,5.418,42.298154000000004
2025-06-13 01:00:00,0.0,0.0,23.803,0.0,5.428,42.532624000000006
2025-06-13 02:00:00,0.0,0.0,23.639,0.0,5.441,42.868209
2025-06-13 03:00:00,0.0,0.0,23.499,0.0,5.46,43.548828
2025-06-13 04:00:00,0.0,0.0,23.363,0.0,4.985,32.40744
2025-06-13 05:00:00,0.0,0.0,23.219,0.0,4.351,20.477864
2025-06-13 06:00:00,0.038,0.024,23.5,30.608901000000003,3.799,12.379468999999999
2025-06-13 07:00:00,0.109,0.11,24.558,151.14017,3.001,4.396263
2025-06-13 08:00:00,0.218,0.2,25.626,295.38839399999995,3.24,6.396844
2025-06-13 09:00:00,0.306,0.265,26.776,396.872755,3.534,9.241296
2025-06-13 10:00:00,0.32,0.322,27.738,439.757851,3.277,6.657546999999999
2025-06-13 11:00:00,0.264,0.378,28.386,438.397123,2.711,2.642898
2025-06-13 12:00:00,0.192,0.405,28.711,409.683402,2.214,0.7927770000000001
2025-06-13 13:00:00,0.169,0.389,28.791,384.603528,2.232,0.8228719999999999
2025-06-13 14:00:00,0.16,0.341,28.614,347.515141,2.7119999999999997,2.6467330000000002
2025-06-13 15:00:00,0.12,0.265,28.091,268.98900199999997,3.642,10.54773
2025-06-13 16:00:00,0.066,0.165,27.244,157.628668,4.418,21.627731
2025-06-13 17:00:00,0.025,0.065,26.347,51.55475,4.66,26.095168
2025-06-13 18:00:00,0.003,0.006,25.57,0.0,5.213,37.419425000000004
2025-06-13 19:00:00,0.0,0.0,25.159,0.0,5.607,47.071209
2025-06-13 20:00:00,0.0,0.0,24.871,0.0,5.961,57.059335
2025-06-13 21:00:00,0.0,0.0,24.501,0.0,6.758,82.747056
2025-06-13 22:00:00,0.0,0.0,24.208,0.0,6.093,60.790476000000005
2025-06-13 23:00:00,0.0,0.0,24.028,0.0,5.687,49.17931
2025-06-14 00:00:00,0.0,0.0,23.903,0.0,5.511,44.606547
2025-06-14 01:00:00,0.0,0.0,23.78,0.0,5.334,40.247791
2025-06-14 02:00:00,0.0,0.0,23.689,0.0,5.059,34.180496
2025-06-14 03:00:00,0.0,0.0,23.609,0.0,4.751,27.657104
2025-06-14 04:00:00,0.0,0.0,23.546,0.0,4.325,20.044205
2025-06-14 05:00:00,0.0,0.0,23.497,0.0,3.84,12.913290000000002
2025-06-14 06:00:00,0.008,0.015,23.654,4.367392,3.311,6.968037000000001
2025-06-14 07:00:00,0.028,0.08600000000000001,24.341,69.84197,2.377,1.218518
2025-06-14 08:00:00,0.082,0.195,25.168,193.67283600000002,2.111,0.57323
2025-06-14 09:00:00,0.182,0.29,26.387,332.183689,1.9769999999999999,0.36730599999999997
2025-06-14 10:00:00,0.301,0.333,27.602,435.373781,2.025,0.44002800000000003
2025-06-14 11:00:00,0.393,0.339,28.507,492.456997,2.178,0.703072
2025-06-14 12:00:00,0.34900000000000003,0.367,28.905,482.357424,2.354,1.163605
2025-06-14 13:00:00,0.217,0.388,28.781,414.91887199999996,2.332,1.10702
2025-06-14 14:00:00,0.132,0.34600000000000003,28.493,332.233152,2.198,0.759719
2025-06-14 15:00:00,0.063,0.249,28.012,216.37903599999999,2.082,0.5349149999999999
2025-06-14 16:00:00,0.025,0.135,27.365,103.724841,1.986,0.37921699999999997
2025-06-14 17:00:00,0.01,0.049,26.794,28.373403999999997,2.057,0.494026
2025-06-14 18:00:00,0.002,0.005,26.074,0.0,2.228,0.813408
2025-06-14 19:00:00,0.0,0.0,25.543,0.0,2.481,1.602313
2025-06-14 20:00:00,0.0,0.0,25.244,0.0,2.677,2.424735
2025-06-14 21:00:00,0.0,0.0,25.036,0.0,2.725,2.718481
2025-06-14 22:00:00,0.0,0.0,24.886,0.0,2.461,1.531246
2025-06-14 23:00:00,0.0,0.0,24.788,0.0,2.078,0.5290349999999999
2025-06-15 00:00:00,0.0,0.0,24.696,0.0,1.74,0.14757699999999999
2025-06-15 01:00:00,0.0,0.0,24.63,0.0,1.439,0.034392000000000006
2025-06-15 02:00:00,0.0,0.0,24.57,0.0,1.083,0.003141
2025-06-15 03:00:00,0.0,0.0,24.535,0.0,0.871,0.00033600000000000004
2025-06-15 04:00:00,0.0,0.0,24.495,0.0,0.918,0.0006720000000000001
2025-06-15 05:00:00,0.0,0.0,24.374,0.0,1.236,0.009845000000000001
2025-06-15 06:00:00,0.014,0.019,24.359,10.6235,1.82,0.210702
2025-06-15 07:00:00,0.04,0.096,25.125,87.02625599999999,2.218,0.7948379999999999
2025-06-15 08:00:00,0.068,0.192,25.882,180.724471,2.253,0.873994
2025-06-15 09:00:00,0.097,0.289,26.859,271.416624,1.998,0.395474
2025-06-15 10:00:00,0.1,0.359,27.701,320.172585,1.581,0.07152700000000001
2025-06-15 11:00:00,0.099,0.403,28.361,348.952257,1.27,0.01242
2025-06-15 12:00:00,0.10400000000000001,0.42,28.796,361.946539,1.17,0.006386
2025-06-15 13:00:00,0.088,0.392,28.955,332.86886300000003,1.171,0.006450999999999999
2025-06-15 14:00:00,0.074,0.333,28.928,282.858614,1.157,0.00594
2025-06-15 15:00:00,0.057,0.249,28.662,211.578187,1.218,0.008671
2025-06-15 16:00:00,0.041,0.156,28.25,130.953312,1.2570000000000001,0.011419
2025-06-15 17:00:00,0.024,0.068,27.757,52.330589999999994,1.4060000000000001,0.029582999999999998
2025-06-15 18:00:00,0.004,0.007,26.959,0.0,1.574,0.070637
2025-06-15 19:00:00,0.0,0.0,26.322,0.0,1.771,0.16752799999999998
2025-06-15 20:00:00,0.0,0.0,26.02,0.0,1.849,0.229482
2025-06-15 21:00:00,0.0,0.0,25.748,0.0,2.6710000000000003,2.396832
2025-06-15 22:00:00,0.0,0.0,25.491,0.0,3.31,6.960604999999999
2025-06-15 23:00:00,0.0,0.0,25.278,0.0,3.691,11.046682
2025-06-16 00:00:00,0.0,0.0,25.061,0.0,4.1,16.532914
2025-06-16 01:00:00,0.0,0.0,24.837,0.0,4.655,25.993704
2025-06-16 02:00:00,0.0,0.0,24.695,0.0,5.254,38.38114100000001
2025-06-16 03:00:00,0.0,0.0,24.574,0.0,5.606,47.053467
2025-06-16 04:00:00,0.0,0.0,24.431,0.0,5.692,49.37417
2025-06-16 05:00:00,0.0,0.0,24.287,0.0,5.641,47.969718
2025-06-16 06:00:00,0.01,0.018000000000000002,24.456,7.195926999999999,5.537,45.500932
2025-06-16 07:00:00,0.024,0.094,25.156,72.937811,4.83,29.217551
2025-06-16 08:00:00,0.014,0.14100000000000001,25.747,100.662846,4.566,24.197187000000003
2025-06-16 09:00:00,0.007,0.156,26.053,106.951508,5.214,37.453002999999995
2025-06-16 10:00:00,0.008,0.213,26.385,151.04135399999998,5.83,53.090668
2025-06-16 11:00:00,0.011,0.266,26.792,192.2037,6.256,65.874572
2025-06-16 12:00:00,0.01,0.265,27.015,190.40270999999998,6.208,64.450857
2025-06-16 13:00:00,0.008,0.231,27.05,163.895157,6.013,58.507538999999994
2025-06-16 14:00:00,0.005,0.167,26.956,113.613931,5.427,42.517576999999996
2025-06-16 15:00:00,0.004,0.11900000000000001,26.827,75.939122,4.866,30.057872
2025-06-16 16:00:00,0.003,0.07200000000000001,26.648,40.32054,4.519,23.347201000000002
2025-06-16 17:00:00,0.002,0.03,26.369,9.71209,4.674,26.18279
2025-06-16 18:00:00,0.001,0.003,25.953,0.0,5.068,34.388109
2025-06-16 19:00:00,0.0,0.0,25.728,0.0,5.25,38.274733
2025-06-16 20:00:00,0.0,0.0,25.614,0.0,5.241,38.067598
2025-06-16 21:00:00,0.0,0.0,25.51,0.0,5.297,39.606604
2025-06-16 22:00:00,0.0,0.0,25.428,0.0,5.424,42.437862
2025-06-16 23:00:00,0.0,0.0,25.334,0.0,5.376,41.253038999999994
2025-06-17 00:00:00,0.0,0.0,25.212,0.0,5.461,43.557943
2025-06-17 01:00:00,0.0,0.0,25.11,0.0,5.565,46.231953999999995
2025-06-17 02:00:00,0.0,0.0,25.015,0.0,5.6370000000000005,47.864712
2025-06-17 03:00:00,0.0,0.0,24.944,0.0,5.684,49.100273
2025-06-17 04:00:00,0.0,0.0,24.89,0.0,5.594,46.721992
2025-06-17 05:00:00,0.0,0.0,24.84,0.0,5.359,40.865154000000004
2025-06-17 06:00:00,0.004,0.012,24.997,0.003491,5.17,36.451262
2025-06-17 07:00:00,0.008,0.062,25.702,36.540859,4.489,22.813897
2025-06-17 08:00:00,0.011,0.129,26.208,89.44755599999999,3.946,14.401826
2025-06-17 09:00:00,0.015,0.203,26.736,147.951043,4.269,19.133841
2025-06-17 10:00:00,0.018000000000000002,0.271,27.213,201.215739,4.179,17.726637999999998
2025-06-17 11:00:00,0.021,0.317,27.618,235.568744,3.927,14.075536
2025-06-17 12:00:00,0.024,0.338,27.892,253.004395,3.783,12.186276
2025-06-17 13:00:00,0.032,0.35000000000000003,28.152,266.099599,3.5,8.969084
2025-06-17 14:00:00,0.023,0.277,28.108,207.92796299999998,2.979,4.303173
2025-06-17 15:00:00,0.012,0.176,27.787,125.016653,2.531,1.800387
2025-06-17 16:00:00,0.008,0.10400000000000001,27.429,67.42255100000001,2.452,1.499466
2025-06-17 17:00:00,0.004,0.038,26.975,16.270213,2.832,3.2768960000000003
2025-06-17 18:00:00,0.001,0.004,26.325,0.0,3.465,8.599995999999999
2025-06-17 19:00:00,0.0,0.0,25.88,0.0,3.844,12.964351
2025-06-17 20:00:00,0.0,0.0,25.635,0.0,3.625,10.367402
2025-06-17 21:00:00,0.0,0.0,25.487,0.0,3.273,6.619328
2025-06-17 22:00:00,0.0,0.0,25.302,0.0,3.6870000000000003,11.003467
2025-06-17 23:00:00,0.0,0.0,25.154,0.0,4.8,28.808769
2025-06-18 00:00:00,0.0,0.0,25.147,0.0,5.726,50.236631
2025-06-18 01:00:00,0.0,0.0,25.141,0.0,5.844,53.481582
2025-06-18 02:00:00,0.0,0.0,25.052,0.0,5.6370000000000005,47.865387999999996
2025-06-18 03:00:00,0.0,0.0,24.955,0.0,5.376,41.26424
2025-06-18 04:00:00,0.0,0.0,24.851,0.0,5.082,34.490747999999996
2025-06-18 05:00:00,0.0,0.0,24.751,0.0,4.892,30.45833
2025-06-18 06:00:00,0.007,0.015,24.905,4.014241,4.824,29.087003
2025-06-18 07:00:00,0.017,0.08,25.793,56.943323,3.998,15.066175999999999
2025-06-18 08:00:00,0.022,0.153,26.33,115.434473,3.558,9.509782999999999
2025-06-18 09:00:00,0.027,0.233,26.868,180.115736,3.8120000000000003,12.545754
2025-06-18 10:00:00,0.034,0.307,27.477,237.80329500000002,3.793,12.306419
2025-06-18 11:00:00,0.035,0.34800000000000003,27.942,267.627304,3.664,10.7231
2025-06-18 12:00:00,0.039,0.368,28.304,283.855835,3.592,9.887547
2025-06-18 13:00:00,0.042,0.357,28.559,277.97033,3.582,9.780496999999999
2025-06-18 14:00:00,0.044,0.313,28.656,248.34826500000003,4.029,15.616971
2025-06-18 15:00:00,0.041,0.24,28.487,193.43814600000002,4.861,29.861477999999998
2025-06-18 16:00:00,0.035,0.154,28.119,125.120615,5.295,39.557743
2025-06-18 17:00:00,0.029,0.074,27.54,60.646367,5.364,40.968851
2025-06-18 18:00:00,0.005,0.008,26.624,0.0,5.589,46.62339299999999
2025-06-18 19:00:00,0.0,0.0,26.079,0.0,5.579,46.590452
2025-06-18 20:00:00,0.0,0.0,25.9,0.0,5.704,49.891546999999996
2025-06-18 21:00:00,0.0,0.0,25.743,0.0,5.853,53.723062
2025-06-18 22:00:00,0.0,0.0,25.585,0.0,5.78,51.965084000000004
2025-06-18 23:00:00,0.0,0.0,25.477,0.0,5.948,56.639572
2025-06-19 00:00:00,0.0,0.0,25.389,0.0,5.997,57.835639
2025-06-19 01:00:00,0.0,0.0,25.284,0.0,5.928,55.850002
2025-06-19 02:00:00,0.0,0.0,25.178,0.0,5.874,54.316853
2025-06-19 03:00:00,0.0,0.0,25.087,0.0,5.718,50.059232
2025-06-19 04:00:00,0.0,0.0,25.015,0.0,5.7620000000000005,51.214245999999996
2025-06-19 05:00:00,0.0,0.0,24.97,0.0,5.891,54.804513
2025-06-19 06:00:00,0.018000000000000002,0.02,25.286,14.329169,5.936,56.089302
2025-06-19 07:00:00,0.044,0.097,26.211,90.00494599999999,5.187,36.843017999999994
2025-06-19 08:00:00,0.061,0.187,26.892,170.486905,5.718,50.058752999999996
2025-06-19 09:00:00,0.077,0.276,27.556,246.803183,6.014,58.510199
2025-06-19 10:00:00,0.10300000000000001,0.357,28.271,320.824883,5.872,54.258
2025-06-19 11:00:00,0.124,0.406,28.918,365.719559,5.772,51.522897
2025-06-19 12:00:00,0.163,0.423,29.482,400.956642,5.661,48.486464
2025-06-19 13:00:00,0.165,0.401,29.788,387.557301,5.502,44.364271
2025-06-19 14:00:00,0.146,0.35000000000000003,29.826,341.713398,5.393,41.667135
2025-06-19 15:00:00,0.10200000000000001,0.27,29.56,257.292575,5.418,42.290071000000005
2025-06-19 16:00:00,0.04,0.153,29.009,127.95478,5.237,37.978602
2025-06-19 17:00:00,0.017,0.061,28.272,41.60682,5.19,36.897794000000005
2025-06-19 18:00:00,0.003,0.006,27.332,0.0,5.472,43.615653
2025-06-19 19:00:00,0.0,0.0,26.781,0.0,5.63,47.676730000000006
2025-06-19 20:00:00,0.0,0.0,26.572,0.0,6.289,66.73686599999999
2025-06-19 21:00:00,0.0,0.0,26.426,0.0,6.641,78.338465
2025-06-19 22:00:00,0.0,0.0,26.257,0.0,6.724,81.331375
2025-06-19 23:00:00,0.0,0.0,26.108,0.0,6.854,86.051424
2025-06-20 00:00:00,0.0,0.0,25.951,0.0,6.651,78.695877
2025-06-20 01:00:00,0.0,0.0,25.822,0.0,6.5280000000000005,74.523762
2025-06-20 02:00:00,0.0,0.0,25.71,0.0,6.186,63.665551
2025-06-20 03:00:00,0.0,0.0,25.612,0.0,5.939,56.164553999999995
2025-06-20 04:00:00,0.0,0.0,25.552,0.0,5.965,57.176080999999996
2025-06-20 05:00:00,0.0,0.0,25.516,0.0,6.018,58.518252000000004
2025-06-20 06:00:00,0.006,0.015,25.694,3.2123739999999996,6.181,63.369502
2025-06-20 07:00:00,0.014,0.076,26.432,51.365133,5.311,39.931371
2025-06-20 08:00:00,0.02,0.152,27.007,113.38559,5.074,34.436813
2025-06-20 09:00:00,0.027,0.234,27.578,179.909772,5.683,49.061485
2025-06-20 10:00:00,0.037,0.319,28.198,248.702427,5.858,53.850043
2025-06-20 11:00:00,0.038,0.359,28.616,276.52425300000004,5.802,52.507991000000004
2025-06-20 12:00:00,0.041,0.38,28.909,292.557139,5.586,46.617237
2025-06-20 13:00:00,0.029,0.33,28.922,248.908841,5.189,36.875364000000005
2025-06-20 14:00:00,0.027,0.28400000000000003,28.882,215.11996,4.792,28.649861
2025-06-20 15:00:00,0.02,0.203,28.697,150.813957,4.433,21.846395
2025-06-20 16:00:00,0.015,0.125,28.377,88.330294,4.413,21.620983
2025-06-20 17:00:00,0.009000000000000001,0.053,27.856,30.666816999999998,4.824,29.104048
2025-06-20 18:00:00,0.002,0.006,27.096,0.0,5.337,40.316538
2025-06-20 19:00:00,0.0,0.0,26.648,0.0,5.348,40.582860999999994
2025-06-20 20:00:00,0.0,0.0,26.468,0.0,5.522,44.931168
2025-06-20 21:00:00,0.0,0.0,26.286,0.0,5.434,42.674699999999994
2025-06-20 22:00:00,0.0,0.0,26.135,0.0,5.489,44.060235
2025-06-20 23:00:00,0.0,0.0,25.986,0.0,5.553,45.914027000000004
2025-06-21 00:00:00,0.0,0.0,25.826,0.0,5.503,44.40328
2025-06-21 01:00:00,0.0,0.0,25.673000000000002,0.0,5.404,41.95641199999999
2025-06-21 02:00:00,0.0,0.0,25.52,0.0,5.59,46.630018
2025-06-21 03:00:00,0.0,0.0,25.391,0.0,5.825,52.930818
2025-06-21 04:00:00,0.0,0.0,25.271,0.0,5.475,43.693565
2025-06-21 05:00:00,0.0,0.0,25.129,0.0,4.213,18.258969
2025-06-21 06:00:00,0.006,0.015,25.23,3.171767,3.802,12.428032
2025-06-21 07:00:00,0.013000000000000001,0.075,26.017,49.471317000000006,3.625,10.373605
2025-06-21 08:00:00,0.017,0.148,26.465,108.03608100000001,3.299,6.86292
2025-06-21 09:00:00,0.018000000000000002,0.216,26.891,160.09861600000002,3.694,11.117564
2025-06-21 10:00:00,0.019,0.272,27.246,202.17544800000002,3.885,13.63061
2025-06-21 11:00:00,0.02,0.313,27.508,231.86016,4.12,16.964565
2025-06-21 12:00:00,0.017,0.312,27.662,230.141478,4.448,22.105923999999998
2025-06-21 13:00:00,0.016,0.28800000000000003,27.772,211.181779,4.16,17.44414
2025-06-21 14:00:00,0.014,0.23900000000000002,27.797,173.544473,3.827,12.741269
2025-06-21 15:00:00,0.01,0.17200000000000001,27.608,120.690106,3.596,9.936635
2025-06-21 16:00:00,0.006,0.096,27.203,60.803278,3.171,5.721233
2025-06-21 17:00:00,0.003,0.035,26.736,13.853699,3.007,4.443932
2025-06-21 18:00:00,0.001,0.003,26.18,0.0,3.318,7.03971
2025-06-21 19:00:00,0.0,0.0,25.838,0.0,4.017,15.333383
2025-06-21 20:00:00,0.0,0.0,25.677,0.0,4.524,23.499380000000002
2025-06-21 21:00:00,0.0,0.0,25.56,0.0,4.64,25.722184000000002
2025-06-21 22:00:00,0.0,0.0,25.469,0.0,5.018,33.104816
2025-06-21 23:00:00,0.0,0.0,25.297,0.0,5.511,44.598065999999996
2025-06-22 00:00:00,0.0,0.0,25.166,0.0,5.725,50.203709
2025-06-22 01:00:00,0.0,0.0,25.05,0.0,5.676,48.873126
2025-06-22 02:00:00,0.0,0.0,24.956,0.0,5.648,48.135458
2025-06-22 03:00:00,0.0,0.0,24.892,0.0,5.885,54.617169000000004
2025-06-22 04:00:00,0.0,0.0,24.836,0.0,6.004,58.184303
2025-06-22 05:00:00,0.0,0.0,24.781,0.0,5.753,50.95652
2025-06-22 06:00:00,0.002,0.009000000000000001,24.806,0.0,5.207,37.352311
2025-06-22 07:00:00,0.004,0.051000000000000004,25.303,26.252216,4.585,24.539574
2025-06-22 08:00:00,0.006,0.105,25.666,67.85081,4.247,18.792011
2025-06-22 09:00:00,0.007,0.157,25.958,107.158365,4.267,19.099929
2025-06-22 10:00:00,0.007,0.196,26.131,136.948646,4.876,30.323039
2025-06-22 11:00:00,0.008,0.242,26.312,172.725278,5.668,48.673300000000005
2025-06-22 12:00:00,0.01,0.266,26.465,191.913049,6.328,68.19551200000001
2025-06-22 13:00:00,0.01,0.257,26.53,185.206332,6.931,88.643603
2025-06-22 14:00:00,0.012,0.23500000000000001,26.513,170.74614799999998,7.336,104.139313
2025-06-22 15:00:00,0.014,0.191,26.368,138.721866,7.506,110.980105
2025-06-22 16:00:00,0.01,0.114,26.012,76.678658,7.324,103.705341
2025-06-22 17:00:00,0.006,0.048,25.521,24.996388,7.147,97.040884
2025-06-22 18:00:00,0.001,0.005,24.922,0.0,7.298,102.507446
2025-06-22 19:00:00,0.0,0.0,24.633,0.0,7.43,107.71224000000001
2025-06-22 20:00:00,0.0,0.0,24.556,0.0,7.468,109.204663
2025-06-22 21:00:00,0.0,0.0,24.526,0.0,7.489,110.432005
2025-06-22 22:00:00,0.0,0.0,24.448,0.0,7.238,100.434889
2025-06-22 23:00:00,0.0,0.0,24.322,0.0,6.915,88.227612
2025-06-23 00:00:00,0.0,0.0,24.232,0.0,6.803,84.01913099999999
2025-06-23 01:00:00,0.0,0.0,24.216,0.0,7.113,95.54531
2025-06-23 02:00:00,0.0,0.0,24.232,0.0,7.458,108.82208800000001
2025-06-23 03:00:00,0.0,0.0,24.233,0.0,7.557,112.77751300000001
2025-06-23 04:00:00,0.0,0.0,24.25,0.0,7.391,106.522398
2025-06-23 05:00:00,0.0,0.0,24.204,0.0,7.304,102.74049099999999
2025-06-23 06:00:00,0.002,0.009000000000000001,24.246,0.0,7.149,97.113821
2025-06-23 07:00:00,0.005,0.054,24.619,28.697352,6.882,86.923504
2025-06-23 08:00:00,0.007,0.111,25.009,72.44519100000001,7.008,91.719598
2025-06-23 09:00:00,0.007,0.163,25.332,112.580774,8.322,145.31837299999998
2025-06-23 10:00:00,0.009000000000000001,0.217,25.556,155.145598,9.159,181.063241
2025-06-23 11:00:00,0.01,0.257,25.678,185.493487,9.863,210.11804500000002
2025-06-23 12:00:00,0.009000000000000001,0.263,25.764,190.215244,10.591,237.309441
2025-06-23 13:00:00,0.009000000000000001,0.251,25.783,181.226712,10.827,245.533287
2025-06-23 14:00:00,0.008,0.20500000000000002,25.72,145.11029399999998,10.633,238.723024
2025-06-23 15:00:00,0.006,0.145,25.556,98.483723,10.488,233.966897
2025-06-23 16:00:00,0.005,0.09,25.33,55.796755,10.08,218.967044
2025-06-23 17:00:00,0.003,0.039,25.041,16.681526,9.943,213.542072
2025-06-23 18:00:00,0.001,0.004,24.684,0.0,9.815,208.197059
2025-06-23 19:00:00,0.0,0.0,24.511,0.0,9.797,207.481445
2025-06-23 20:00:00,0.0,0.0,24.514,0.0,9.661,202.032498
2025-06-23 21:00:00,0.0,0.0,24.564,0.0,9.724,204.526118
2025-06-23 22:00:00,0.0,0.0,24.619,0.0,9.638,201.053511
2025-06-23 23:00:00,0.0,0.0,24.635,0.0,9.102,178.604308
2025-06-24 00:00:00,0.0,0.0,24.601,0.0,8.596,156.768677
2025-06-24 01:00:00,0.0,0.0,24.536,0.0,7.927,128.186367
2025-06-24 02:00:00,0.0,0.0,24.429,0.0,7.3,102.572587
2025-06-24 03:00:00,0.0,0.0,24.341,0.0,6.7940000000000005,83.69479399999999
2025-06-24 04:00:00,0.0,0.0,24.272,0.0,7.243,100.629121
2025-06-24 05:00:00,0.0,0.0,24.2,0.0,6.323,67.897897
2025-06-24 06:00:00,0.006,0.014,24.306,2.148029,5.937,56.119008
2025-06-24 07:00:00,0.015,0.075,24.799,51.796629,5.716,50.054478
2025-06-24 08:00:00,0.027,0.162,25.331,127.17648600000001,6.029,59.05278
2025-06-24 09:00:00,0.032,0.243,25.801,191.51552900000002,5.759,51.129011
2025-06-24 10:00:00,0.033,0.305,26.198,237.337381,5.865,54.055194
2025-06-24 11:00:00,0.037,0.353,26.506,274.49307699999997,5.6690000000000005,48.706761
2025-06-24 12:00:00,0.038,0.369,26.731,286.607806,5.368,41.065942
2025-06-24 13:00:00,0.038,0.35100000000000003,26.817,273.186123,5.065,34.320271
2025-06-24 14:00:00,0.035,0.299,26.803,233.95626800000002,4.48,22.660312
2025-06-24 15:00:00,0.031,0.227,26.67,178.226079,3.856,13.123488
2025-06-24 16:00:00,0.028,0.148,26.411,116.725343,3.116,5.316301999999999
2025-06-24 17:00:00,0.018000000000000002,0.065,25.989,46.425148,2.6310000000000002,2.20383
2025-06-24 18:00:00,0.005,0.008,25.317,0.0,2.621,2.157003
2025-06-24 19:00:00,0.0,0.0,24.838,0.0,2.374,1.209282
2025-06-24 20:00:00,0.0,0.0,24.666,0.0,2.04,0.46736700000000003
2025-06-24 21:00:00,0.0,0.0,24.475,0.0,1.9929999999999999,0.38927300000000004
2025-06-24 22:00:00,0.0,0.0,24.209,0.0,2.3689999999999998,1.193929
2025-06-24 23:00:00,0.0,0.0,23.906,0.0,3.015,4.495675
2025-06-25 00:00:00,0.0,0.0,23.673000000000002,0.0,3.467,8.620942
2025-06-25 01:00:00,0.0,0.0,23.539,0.0,3.2720000000000002,6.60681
2025-06-25 02:00:00,0.0,0.0,23.548000000000002,0.0,2.559,1.917262
2025-06-25 03:00:00,0.0,0.0,23.558,0.0,1.959,0.354792
2025-06-25 04:00:00,0.0,0.0,23.401,0.0,2.091,0.5498999999999999
2025-06-25 05:00:00,0.0,0.0,23.114,0.0,2.995,4.351115
2025-06-25 06:00:00,0.024,0.021,23.297,19.175725999999997,3.387,7.708402
2025-06-25 07:00:00,0.091,0.107,24.3,135.348052,2.622,2.161505
2025-06-25 08:00:00,0.22,0.201,25.398,297.778679,1.8780000000000001,0.26340800000000003
2025-06-25 09:00:00,0.28800000000000003,0.269,26.874,387.79087599999997,1.262,0.011916
2025-06-25 10:00:00,0.326,0.318,28.124,440.772524,0.9380000000000001,0.0006720000000000001
2025-06-25 11:00:00,0.375,0.339,29.037,481.204242,0.854,0.00033600000000000004
2025-06-25 12:00:00,0.322,0.372,29.555,467.654257,1.016,0.00168
2025-06-25 13:00:00,0.17400000000000002,0.389,29.511,386.686157,1.226,0.009134
2025-06-25 14:00:00,0.097,0.333,29.152,298.749576,1.255,0.011233
2025-06-25 15:00:00,0.06,0.244,28.712,210.178875,0.916,0.0006720000000000001
2025-06-25 16:00:00,0.036000000000000004,0.148,28.297,122.105682,0.623,0.0
2025-06-25 17:00:00,0.016,0.058,27.683,39.127432999999996,0.47200000000000003,0.0
2025-06-25 18:00:00,0.003,0.006,26.959,0.0,0.933,0.0006720000000000001
2025-06-25 19:00:00,0.0,0.0,26.481,0.0,1.331,0.018237
2025-06-25 20:00:00,0.0,0.0,26.225,0.0,1.19,0.007083
2025-06-25 21:00:00,0.0,0.0,26.085,0.0,0.883,0.00033600000000000004
2025-06-25 22:00:00,0.0,0.0,25.713,0.0,1.413,0.030413
2025-06-25 23:00:00,0.0,0.0,25.217,0.0,2.241,0.846017
2025-06-26 00:00:00,0.0,0.0,24.851,0.0,2.806,3.143852
2025-06-26 01:00:00,0.0,0.0,24.635,0.0,2.882,3.5916289999999997
2025-06-26 02:00:00,0.0,0.0,24.513,0.0,2.761,2.8699879999999998
2025-06-26 03:00:00,0.0,0.0,24.455,0.0,2.312,1.050243
2025-06-26 04:00:00,0.0,0.0,24.607,0.0,1.312,0.016859000000000002
2025-06-26 05:00:00,0.0,0.0,24.72,0.0,0.767,0.0
2025-06-26 06:00:00,0.005,0.013000000000000001,24.488,1.102375,1.51,0.050109
2025-06-26 07:00:00,0.01,0.063,24.843,38.662322999999994,2.253,0.873574
2025-06-26 08:00:00,0.016,0.134,25.378,97.21198,2.039,0.465963
2025-06-26 09:00:00,0.024,0.219,25.966,168.050655,1.754,0.15640700000000002
2025-06-26 10:00:00,0.025,0.275,26.589,209.61758600000002,1.629,0.093091
2025-06-26 11:00:00,0.025,0.313,26.857,237.415395,1.6179999999999999,0.08749
2025-06-26 12:00:00,0.031,0.337,27.018,258.13263,1.35,0.020551
2025-06-26 13:00:00,0.062,0.37,27.393,302.397416,1.331,0.018245
2025-06-26 14:00:00,0.187,0.352,28.033,373.51582900000005,1.4060000000000001,0.029542000000000002
2025-06-26 15:00:00,0.317,0.256,28.478,394.513642,0.894,0.00033600000000000004
2025-06-26 16:00:00,0.28500000000000003,0.179,28.427,322.621233,0.515,0.0
2025-06-26 17:00:00,0.116,0.092,28.014,139.935406,1.235,0.009748
2025-06-26 18:00:00,0.014,0.011,27.13,5.0412669999999995,2.064,0.5058670000000001
2025-06-26 19:00:00,0.0,0.0,26.287,0.0,2.786,3.054351
2025-06-26 20:00:00,0.0,0.0,25.841,0.0,3.187,5.858389
2025-06-26 21:00:00,0.0,0.0,25.512,0.0,3.196,5.978366
2025-06-26 22:00:00,0.0,0.0,25.275,0.0,2.65,2.295474
2025-06-26 23:00:00,0.0,0.0,25.132,0.0,1.758,0.159048
2025-06-27 00:00:00,0.0,0.0,25.056,0.0,0.9410000000000001,0.000721
2025-06-27 01:00:00,0.0,0.0,24.82,0.0,0.722,0.0
2025-06-27 02:00:00,0.0,0.0,24.519,0.0,1.174,0.006668
2025-06-27 03:00:00,0.0,0.0,24.274,0.0,1.623,0.090239
2025-06-27 04:00:00,0.0,0.0,24.223,0.0,1.355,0.021204999999999998
2025-06-27 05:00:00,0.0,0.0,24.229,0.0,1.166,0.006239
2025-06-27 06:00:00,0.026000000000000002,0.022,24.382,21.395263,1.142,0.005176999999999999
2025-06-27 07:00:00,0.076,0.108,25.279,122.921327,0.6880000000000001,0.0
2025-06-27 08:00:00,0.122,0.20600000000000002,26.445,229.881643,0.684,0.0
2025-06-27 09:00:00,0.133,0.292,27.505,297.421398,0.753,0.0
2025-06-27 10:00:00,0.145,0.364,28.276,353.598354,0.873,0.00033600000000000004
2025-06-27 11:00:00,0.154,0.41100000000000003,28.886,388.928563,1.017,0.00168
2025-06-27 12:00:00,0.138,0.424,29.261,386.451886,0.994,0.0013440000000000001
2025-06-27 13:00:00,0.106,0.401,29.372,349.909642,1.077,0.0029370000000000004
2025-06-27 14:00:00,0.043000000000000003,0.299,28.996,237.07710699999998,1.004,0.001486
2025-06-27 15:00:00,0.027,0.212,28.612,162.92060999999998,0.6930000000000001,0.0
2025-06-27 16:00:00,0.02,0.13,28.178,95.65211000000001,1.609,0.081899
2025-06-27 17:00:00,0.011,0.054,27.498,32.149885,3.359,7.428803
2025-06-27 18:00:00,0.002,0.006,26.365,0.0,5.261,38.531904000000004
2025-06-27 19:00:00,0.0,0.0,25.798000000000002,0.0,5.902,55.096213000000006
2025-06-27 20:00:00,0.0,0.0,25.447,0.0,5.321,40.143877999999994
2025-06-27 21:00:00,0.0,0.0,25.22,0.0,4.782,28.441262
2025-06-27 22:00:00,0.0,0.0,24.995,0.0,4.417,21.626401
2025-06-27 23:00:00,0.0,0.0,24.757,0.0,4.696,26.60452
2025-06-28 00:00:00,0.0,0.0,24.554,0.0,4.682,26.329523000000002
2025-06-28 01:00:00,0.0,0.0,24.365,0.0,4.501,23.027213
2025-06-28 02:00:00,0.0,0.0,24.203,0.0,4.329,20.105588
2025-06-28 03:00:00,0.0,0.0,24.089,0.0,3.815,12.588536
2025-06-28 04:00:00,0.0,0.0,24.028,0.0,3.182,5.816816
2025-06-28 05:00:00,0.0,0.0,24.021,0.0,2.731,2.7445619999999997
2025-06-28 06:00:00,0.016,0.02,24.211,12.190171,2.521,1.733561
2025-06-28 07:00:00,0.047,0.1,25.23,94.624508,2.039,0.46617000000000003
2025-06-28 08:00:00,0.07,0.195,26.095,184.15975899999998,1.865,0.247855
2025-06-28 09:00:00,0.07,0.278,26.819,243.56723300000002,1.8130000000000002,0.20504
2025-06-28 10:00:00,0.06,0.337,27.378,278.603789,1.736,0.144757
2025-06-28 11:00:00,0.061,0.384,27.833,311.365748,1.7349999999999999,0.144279
2025-06-28 12:00:00,0.052000000000000005,0.383,28.081,303.30485,2.185,0.717646
2025-06-28 13:00:00,0.054,0.369,28.235,295.44898700000005,2.848,3.373499
2025-06-28 14:00:00,0.06,0.327,28.279,269.963121,3.338,7.228484000000001
2025-06-28 15:00:00,0.052000000000000005,0.249,28.143,208.640095,3.532,9.220501
2025-06-28 16:00:00,0.033,0.152,27.773,122.315968,3.52,9.084688
2025-06-28 17:00:00,0.014,0.06,27.202,39.300569,3.8810000000000002,13.578504
2025-06-28 18:00:00,0.002,0.006,26.355,0.0,4.453,22.203969
2025-06-28 19:00:00,0.0,0.0,25.826,0.0,4.818,29.01255
2025-06-28 20:00:00,0.0,0.0,25.585,0.0,4.82,29.015235
2025-06-28 21:00:00,0.0,0.0,25.37,0.0,4.484,22.738434
2025-06-28 22:00:00,0.0,0.0,25.153,0.0,4.116,16.867615
2025-06-28 23:00:00,0.0,0.0,24.973,0.0,4.124,17.023596
2025-06-29 00:00:00,0.0,0.0,24.826,0.0,4.255,18.915008
2025-06-29 01:00:00,0.0,0.0,24.677,0.0,4.231,18.542339
2025-06-29 02:00:00,0.0,0.0,24.53,0.0,4.203,18.092607
2025-06-29 03:00:00,0.0,0.0,24.405,0.0,4.202,18.082977
2025-06-29 04:00:00,0.0,0.0,24.322,0.0,4.473,22.549093
2025-06-29 05:00:00,0.0,0.0,24.29,0.0,4.913,30.894903
2025-06-29 06:00:00,0.021,0.02,24.665,16.024799,5.19,36.916572
2025-06-29 07:00:00,0.07,0.105,25.852,116.43857399999999,4.379,21.099885999999998
2025-06-29 08:00:00,0.128,0.20400000000000001,26.763,232.28655600000002,4.94,31.468177999999998
2025-06-29 09:00:00,0.14200000000000002,0.29,27.591,301.838992,5.418,42.281206
2025-06-29 10:00:00,0.134,0.36,28.157,343.04063,5.389,41.573499000000005
2025-06-29 11:00:00,0.111,0.402,28.465,355.805515,5.163,36.295804
2025-06-29 12:00:00,0.08,0.397,28.487,331.422206,4.852,29.651703
2025-06-29 13:00:00,0.10300000000000001,0.392,28.621,343.435824,4.476,22.602957999999997
2025-06-29 14:00:00,0.117,0.34500000000000003,28.742,321.221652,4.169,17.575935
2025-06-29 15:00:00,0.113,0.269,28.685,266.229163,4.042,15.68683
2025-06-29 16:00:00,0.082,0.17500000000000002,28.373,176.214535,3.777,12.110724
2025-06-29 17:00:00,0.035,0.075,27.783,65.62757,3.6109999999999998,10.115685
2025-06-29 18:00:00,0.004,0.007,26.902,0.0,4.07,16.088825999999997
2025-06-29 19:00:00,0.0,0.0,26.311,0.0,4.739,27.423839
2025-06-29 20:00:00,0.0,0.0,26.025,0.0,4.896,30.552319
2025-06-29 21:00:00,0.0,0.0,25.751,0.0,4.955,31.770024000000003
2025-06-29 22:00:00,0.0,0.0,25.546,0.0,5.249,38.244254
2025-06-29 23:00:00,0.0,0.0,25.364,0.0,5.495,44.206369
2025-06-30 00:00:00,0.0,0.0,25.169,0.0,5.661,48.473886
2025-06-30 01:00:00,0.0,0.0,25.004,0.0,5.754,50.992123
2025-06-30 02:00:00,0.0,0.0,24.916,0.0,5.734,50.454248
2025-06-30 03:00:00,0.0,0.0,24.835,0.0,5.927,55.809686
2025-06-30 04:00:00,0.0,0.0,24.783,0.0,6.086,60.594195
2025-06-30 05:00:00,0.0,0.0,24.738,0.0,6.046,59.474385999999996
2025-06-30 06:00:00,0.019,0.021,25.014,15.190727,5.734,50.433716
2025-06-30 07:00:00,0.05,0.1,25.835,97.517266,4.883,30.416211
2025-06-30 08:00:00,0.07100000000000001,0.194,26.524,183.93344,5.673,48.808828999999996
2025-06-30 09:00:00,0.075,0.278,27.217,247.13873,6.359,68.993647
2025-06-30 10:00:00,0.088,0.356,27.891,310.60720899999995,6.4030000000000005,70.39102
2025-06-30 11:00:00,0.08600000000000001,0.4,28.396,337.533934,6.292,66.828962
2025-06-30 12:00:00,0.077,0.40700000000000003,28.68,336.11160600000005,6.22,64.59078699999999
2025-06-30 13:00:00,0.07100000000000001,0.384,28.786,316.072243,6.204,64.179502
2025-06-30 14:00:00,0.064,0.329,28.695,273.379115,6.051,59.687715
2025-06-30 15:00:00,0.045,0.24,28.384,197.257889,5.705,49.906293
2025-06-30 16:00:00,0.035,0.154,28.007,126.063545,5.103,34.957785
2025-06-30 17:00:00,0.012,0.057,27.391,35.447652000000005,4.851,29.632917000000003
2025-06-30 18:00:00,0.002,0.005,26.604,0.0,4.973,32.15146
2025-06-30 19:00:00,0.0,0.0,26.169,0.0,5.236,37.948311000000004
2025-06-30 20:00:00,0.0,0.0,25.977,0.0,5.294,39.520521
2025-06-30 21:00:00,0.0,0.0,25.842,0.0,5.298,39.630889
2025-06-30 22:00:00,0.0,0.0,25.708,0.0,5.3870000000000005,41.533012
2025-06-30 23:00:00,0.0,0.0,25.567,0.0,5.424,42.437405
2025-07-01 00:00:00,0.0,0.0,25.471,0.0,5.472,43.618748
2025-07-01 01:00:00,0.0,0.0,25.4,0.0,5.604,46.996164
2025-07-01 02:00:00,0.0,0.0,25.38,0.0,6.035,59.101825
2025-07-01 03:00:00,0.0,0.0,25.389,0.0,6.27,66.139313
2025-07-01 04:00:00,0.0,0.0,25.356,0.0,6.075,60.294427000000006
2025-07-01 05:00:00,0.0,0.0,25.289,0.0,5.654,48.301634
2025-07-01 06:00:00,0.005,0.014,25.415,1.696309,5.478,43.772871
2025-07-01 07:00:00,0.011,0.07,26.119,45.00837,5.022,33.233243
2025-07-01 08:00:00,0.013000000000000001,0.137,26.535,97.440112,4.765,27.927567
2025-07-01 09:00:00,0.013000000000000001,0.197,26.931,142.349238,4.626,25.4605
2025-07-01 10:00:00,0.014,0.254,27.386,185.478042,3.89,13.691801
2025-07-01 11:00:00,0.013000000000000001,0.28,27.732,203.705159,3.121,5.375777
2025-07-01 12:00:00,0.012,0.28400000000000003,27.902,205.536417,3.006,4.435627
2025-07-01 13:00:00,0.013000000000000001,0.271,27.969,196.21640599999998,3.474,8.68747
2025-07-01 14:00:00,0.012,0.234,27.909,168.13001500000001,3.824,12.700961999999999
2025-07-01 15:00:00,0.009000000000000001,0.162,27.661,111.80858900000001,4.028,15.58661
2025-07-01 16:00:00,0.006,0.094,27.348,58.806135000000005,4.171,17.605366999999998
2025-07-01 17:00:00,0.004,0.038,26.963,16.206134,4.517,23.323484
2025-07-01 18:00:00,0.001,0.004,26.397,0.0,4.891,30.455056
2025-07-01 19:00:00,0.0,0.0,26.053,0.0,4.931,31.267308
2025-07-01 20:00:00,0.0,0.0,25.88,0.0,4.8260000000000005,29.13119
2025-07-01 21:00:00,0.0,0.0,25.754,0.0,4.749,27.617262
2025-07-01 22:00:00,0.0,0.0,25.66,0.0,4.954,31.746627
2025-07-01 23:00:00,0.0,0.0,25.57,0.0,4.984,32.376583
2025-07-02 00:00:00,0.0,0.0,25.45,0.0,5.217,37.520083
2025-07-02 01:00:00,0.0,0.0,25.352,0.0,5.482,43.863023999999996
2025-07-02 02:00:00,0.0,0.0,25.242,0.0,5.392,41.649712
2025-07-02 03:00:00,0.0,0.0,25.128,0.0,4.704,26.756433
2025-07-02 04:00:00,0.0,0.0,25.097,0.0,4.208,18.171778999999997
2025-07-02 05:00:00,0.0,0.0,25.065,0.0,5.053,34.061732000000006
2025-07-02 06:00:00,0.003,0.012,25.246,0.0,5.677,48.903034
2025-07-02 07:00:00,0.01,0.069,25.944,42.847843,5.029,33.535553
2025-07-02 08:00:00,0.018000000000000002,0.151,26.472,111.047989,5.235,37.939549
2025-07-02 09:00:00,0.032,0.256,27.042,200.10091200000002,6.142,62.182107
2025-07-02 10:00:00,0.035,0.33,27.612,255.658757,5.326,40.153434999999995
2025-07-02 11:00:00,0.012,0.27,27.647,194.89113500000002,4.52,23.379993
2025-07-02 12:00:00,0.007,0.231,27.515,162.624434,3.643,10.54975
2025-07-02 13:00:00,0.005,0.20500000000000002,27.387,141.933682,3.3810000000000002,7.643208
2025-07-02 14:00:00,0.004,0.158,27.166,105.88802899999999,3.6390000000000002,10.536192
2025-07-02 15:00:00,0.004,0.116,26.905,73.406927,3.618,10.262071
2025-07-02 16:00:00,0.002,0.065,26.621,34.717150000000004,3.435,8.195594
2025-07-02 17:00:00,0.002,0.026000000000000002,26.259,6.585726999999999,3.61,10.100069
2025-07-02 18:00:00,0.0,0.003,25.819,0.0,4.121,16.990464
2025-07-02 19:00:00,0.0,0.0,25.515,0.0,4.499,22.99089
2025-07-02 20:00:00,0.0,0.0,25.28,0.0,4.309,19.784649
2025-07-02 21:00:00,0.0,0.0,25.128,0.0,4.031,15.647342
2025-07-02 22:00:00,0.0,0.0,25.022,0.0,4.286,19.553584999999998
2025-07-02 23:00:00,0.0,0.0,24.922,0.0,4.771,28.068822
2025-07-03 00:00:00,0.0,0.0,24.813,0.0,5.001,32.747071
2025-07-03 01:00:00,0.0,0.0,24.721,0.0,4.651,25.931826
2025-07-03 02:00:00,0.0,0.0,24.636,0.0,4.043,15.704412
2025-07-03 03:00:00,0.0,0.0,24.621,0.0,3.3609999999999998,7.464742
2025-07-03 04:00:00,0.0,0.0,24.564,0.0,3.448,8.39952
2025-07-03 05:00:00,0.0,0.0,24.438,0.0,4.013,15.278093
2025-07-03 06:00:00,0.002,0.01,24.519,0.0,4.426,21.728794999999998
2025-07-03 07:00:00,0.005,0.053,25.237,27.686169000000003,4.213,18.2592
2025-07-03 08:00:00,0.008,0.11800000000000001,25.788,79.494054,4.158,17.434557
2025-07-03 09:00:00,0.016,0.214,26.389,157.49084299999998,5.0,32.714658
2025-07-03 10:00:00,0.02,0.28400000000000003,26.946,212.330916,5.14,35.770263
2025-07-03 11:00:00,0.022,0.333,27.432,248.366287,4.359,20.608109
2025-07-03 12:00:00,0.009000000000000001,0.257,27.407,183.919296,3.648,10.555558000000001
2025-07-03 13:00:00,0.007,0.226,27.35,159.004201,2.892,3.655922
2025-07-03 14:00:00,0.006,0.183,27.289,126.082685,2.2800000000000002,0.963724
2025-07-03 15:00:00,0.004,0.117,27.083,74.070727,1.892,0.27072199999999996
2025-07-03 16:00:00,0.002,0.063,26.814,33.119345,1.9729999999999999,0.3628
2025-07-03 17:00:00,0.001,0.025,26.496,5.930212,2.659,2.336928
2025-07-03 18:00:00,0.0,0.003,26.093,0.0,3.421,8.048564
2025-07-03 19:00:00,0.0,0.0,25.87,0.0,4.109,16.672245
2025-07-03 20:00:00,0.0,0.0,25.698,0.0,4.201,18.062799
2025-07-03 21:00:00,0.0,0.0,25.557,0.0,4.553,23.954909
2025-07-03 22:00:00,0.0,0.0,25.433,0.0,4.698,26.64416
2025-07-03 23:00:00,0.0,0.0,25.342,0.0,5.193,37.028896
2025-07-04 00:00:00,0.0,0.0,25.203,0.0,5.044,33.857091
2025-07-04 01:00:00,0.0,0.0,25.093,0.0,5.247,38.20203
2025-07-04 02:00:00,0.0,0.0,24.967,0.0,5.258,38.463817000000006
2025-07-04 03:00:00,0.0,0.0,24.844,0.0,4.898,30.581219
2025-07-04 04:00:00,0.0,0.0,24.743,0.0,4.984,32.376966
2025-07-04 05:00:00,0.0,0.0,24.679,0.0,5.141,35.800678999999995
2025-07-04 06:00:00,0.004,0.012,24.797,0.296616,5.304,39.760958
2025-07-04 07:00:00,0.01,0.066,25.484,40.898211,4.904,30.719394
2025-07-04 08:00:00,0.02,0.15,26.02,112.492732,4.458,22.288866000000002
2025-07-04 09:00:00,0.036000000000000004,0.255,26.619,203.12962,4.732,27.28546
2025-07-04 10:00:00,0.043000000000000003,0.329,27.237,260.646431,4.431,21.817387999999998
2025-07-04 11:00:00,0.04,0.368,27.661,285.336483,3.874,13.477478999999999
2025-07-04 12:00:00,0.032,0.36,27.852,274.096462,3.342,7.268496
2025-07-04 13:00:00,0.023,0.316,27.821,236.569636,2.883,3.59817
2025-07-04 14:00:00,0.016,0.247,27.631,181.1287,2.6,2.061125
2025-07-04 15:00:00,0.012,0.176,27.341,124.93131100000001,2.357,1.1650619999999998
2025-07-04 16:00:00,0.009000000000000001,0.108,26.987,71.266094,2.062,0.502503
2025-07-04 17:00:00,0.006,0.045,26.5,22.557144,2.496,1.630333
2025-07-04 18:00:00,0.001,0.005,25.721,0.0,3.743,11.682232
2025-07-04 19:00:00,0.0,0.0,25.276,0.0,4.6690000000000005,26.108302
2025-07-04 20:00:00,0.0,0.0,25.07,0.0,4.632,25.563258
2025-07-04 21:00:00,0.0,0.0,24.821,0.0,4.34,20.295887
2025-07-04 22:00:00,0.0,0.0,24.525,0.0,4.021,15.392211
2025-07-04 23:00:00,0.0,0.0,24.263,0.0,3.428,8.11695
2025-07-05 00:00:00,0.0,0.0,24.246,0.0,2.439,1.4227809999999999
2025-07-05 01:00:00,0.0,0.0,24.406,0.0,1.412,0.030343
2025-07-05 02:00:00,0.0,0.0,24.417,0.0,0.919,0.0006720000000000001
2025-07-05 03:00:00,0.0,0.0,24.333,0.0,0.901,0.000383
2025-07-05 04:00:00,0.0,0.0,24.195,0.0,1.107,0.003933
2025-07-05 05:00:00,0.0,0.0,24.065,0.0,1.2570000000000001,0.011439999999999999
2025-07-05 06:00:00,0.015,0.019,24.193,10.734731,1.1320000000000001,0.0047859999999999995
2025-07-05 07:00:00,0.045,0.097,24.947,91.775823,0.924,0.0006720000000000001
2025-07-05 08:00:00,0.08,0.196,25.812,192.53265900000002,1.023,0.001776
2025-07-05 09:00:00,0.11800000000000001,0.293,26.757,288.975322,1.315,0.016962
2025-07-05 10:00:00,0.14,0.367,27.642,353.26421999999997,1.568,0.069435
2025-07-05 11:00:00,0.153,0.41500000000000004,28.193,392.463421,1.7890000000000001,0.185271
2025-07-05 12:00:00,0.128,0.426,28.417,382.71873700000003,2.023,0.434513
2025-07-05 13:00:00,0.098,0.398,28.408,344.706832,2.025,0.440047
2025-07-05 14:00:00,0.073,0.336,28.231,285.055291,1.9140000000000001,0.29342
2025-07-05 15:00:00,0.04,0.23500000000000001,27.822,189.73942399999999,1.744,0.15028999999999998
2025-07-05 16:00:00,0.016,0.123,27.286,87.656041,1.8940000000000001,0.271779
2025-07-05 17:00:00,0.006,0.042,26.736,20.511830999999997,2.198,0.759177
2025-07-05 18:00:00,0.001,0.004,25.927,0.0,2.89,3.641696
2025-07-05 19:00:00,0.0,0.0,25.304,0.0,3.644,10.551319
2025-07-05 20:00:00,0.0,0.0,24.959,0.0,3.8529999999999998,13.084927
2025-07-05 21:00:00,0.0,0.0,24.732,0.0,3.465,8.597434999999999
2025-07-05 22:00:00,0.0,0.0,24.572,0.0,2.862,3.461705
2025-07-05 23:00:00,0.0,0.0,24.399,0.0,2.642,2.254673
2025-07-06 00:00:00,0.0,0.0,24.219,0.0,2.61,2.106816
2025-07-06 01:00:00,0.0,0.0,24.075,0.0,2.379,1.226963
2025-07-06 02:00:00,0.0,0.0,23.995,0.0,2.061,0.500966
2025-07-06 03:00:00,0.0,0.0,23.903,0.0,1.866,0.24957400000000002
2025-07-06 04:00:00,0.0,0.0,23.81,0.0,1.971,0.35960899999999996
2025-07-06 05:00:00,0.0,0.0,23.723,0.0,2.291,0.9922709999999999
2025-07-06 06:00:00,0.009000000000000001,0.016,23.82,5.691519,2.553,1.893067
2025-07-06 07:00:00,0.025,0.085,24.688,67.401737,2.6109999999999998,2.113728
2025-07-06 08:00:00,0.038,0.17200000000000001,25.325,143.149813,2.6029999999999998,2.074449
2025-07-06 09:00:00,0.052000000000000005,0.266,26.0,223.32438399999998,2.976,4.276569
2025-07-06 10:00:00,0.067,0.34600000000000003,26.706,290.57251199999996,3.142,5.487934
2025-07-06 11:00:00,0.078,0.4,27.198,334.849273,3.191,5.895701
2025-07-06 12:00:00,0.08,0.41600000000000004,27.455,346.309101,3.189,5.880355
2025-07-06 13:00:00,0.065,0.383,27.494,313.66661200000004,3.088,5.0537790000000005
2025-07-06 14:00:00,0.05,0.319,27.367,258.592077,2.876,3.547978
2025-07-06 15:00:00,0.035,0.231,27.081,184.29854999999998,2.666,2.369894
2025-07-06 16:00:00,0.023,0.14,26.68,107.29214,2.384,1.240415
2025-07-06 17:00:00,0.013000000000000001,0.058,26.199,37.217614999999995,2.191,0.732337
2025-07-06 18:00:00,0.002,0.006,25.542,0.0,2.484,1.604695
2025-07-06 19:00:00,0.0,0.0,25.077,0.0,2.886,3.615972
2025-07-06 20:00:00,0.0,0.0,24.816,0.0,3.338,7.228345
2025-07-06 21:00:00,0.0,0.0,24.631,0.0,3.685,10.977788
2025-07-06 22:00:00,0.0,0.0,24.489,0.0,4.239,18.665684000000002
2025-07-06 23:00:00,0.0,0.0,24.369,0.0,4.649,25.88993
2025-07-07 00:00:00,0.0,0.0,24.238,0.0,4.631,25.557008999999997
2025-07-07 01:00:00,0.0,0.0,24.096,0.0,4.369,20.907979
2025-07-07 02:00:00,0.0,0.0,23.938,0.0,4.049,15.79584
2025-07-07 03:00:00,0.0,0.0,23.802,0.0,3.8120000000000003,12.547514999999999
2025-07-07 04:00:00,0.0,0.0,23.689,0.0,3.69,11.030484
2025-07-07 05:00:00,0.0,0.0,23.574,0.0,3.759,11.879414
2025-07-07 06:00:00,0.026000000000000002,0.022,23.786,20.709858,4.147,17.37257
2025-07-07 07:00:00,0.076,0.105,24.816,121.413702,3.623,10.351462
2025-07-07 08:00:00,0.121,0.202,25.546,227.06999199999998,3.77,12.013487999999999
2025-07-07 09:00:00,0.154,0.29,26.396,312.765012,4.063,15.989301
2025-07-07 10:00:00,0.165,0.36,27.218,366.043615,4.302,19.665917
2025-07-07 11:00:00,0.17,0.405,27.872,397.375498,4.518,23.338656999999998
2025-07-07 12:00:00,0.159,0.42,28.282,398.553693,4.748,27.59441
2025-07-07 13:00:00,0.133,0.399,28.419,368.159765,5.076,34.441581
2025-07-07 14:00:00,0.106,0.342,28.329,312.22366800000003,5.478,43.777966
2025-07-07 15:00:00,0.078,0.26,28.036,235.78978,5.802,52.506949999999996
2025-07-07 16:00:00,0.041,0.154,27.507,130.658736,5.74,50.612995000000005
2025-07-07 17:00:00,0.021,0.065,26.776,48.486294,5.616,47.293125999999994
2025-07-07 18:00:00,0.003,0.006,25.893,0.0,6.028,58.974476
2025-07-07 19:00:00,0.0,0.0,25.431,0.0,6.423,71.254327
2025-07-07 20:00:00,0.0,0.0,25.233,0.0,6.562,75.668863
2025-07-07 21:00:00,0.0,0.0,25.092,0.0,6.8629999999999995,86.289732
2025-07-07 22:00:00,0.0,0.0,25.003,0.0,6.966,90.061656
2025-07-07 23:00:00,0.0,0.0,24.909,0.0,7.069,93.76178999999999
2025-07-08 00:00:00,0.0,0.0,24.804,0.0,7.135,96.418485
2025-07-08 01:00:00,0.0,0.0,24.674,0.0,7.277,101.953508
2025-07-08 02:00:00,0.0,0.0,24.542,0.0,7.467,109.183859
2025-07-08 03:00:00,0.0,0.0,24.387,0.0,7.649,116.935597
2025-07-08 04:00:00,0.0,0.0,24.201,0.0,7.934,128.370935
2025-07-08 05:00:00,0.0,0.0,24.006,0.0,7.605,114.932394
2025-07-08 06:00:00,0.038,0.022,24.122,29.928228,6.871,86.768296
2025-07-08 07:00:00,0.128,0.106,24.973,161.607109,5.471,43.603832000000004
2025-07-08 08:00:00,0.34700000000000003,0.179,26.063,368.559255,6.242,65.488765
2025-07-08 09:00:00,0.535,0.197,27.191,496.389746,6.356,68.98796899999999
2025-07-08 10:00:00,0.628,0.201,28.21,549.544497,6.144,62.226287
2025-07-08 11:00:00,0.609,0.225,28.976,550.383972,6.048,59.54247
2025-07-08 12:00:00,0.524,0.268,29.358,525.648465,6.042,59.199585
2025-07-08 13:00:00,0.422,0.302,29.445,485.398257,6.019,58.519463
2025-07-08 14:00:00,0.278,0.31,29.23,402.698475,6.041,59.188447999999994
2025-07-08 15:00:00,0.17,0.261,28.79,299.43837099999996,5.998,57.874707
2025-07-08 16:00:00,0.066,0.161,28.018,154.515497,6.157,62.634614
2025-07-08 17:00:00,0.023,0.063,27.078,48.6121,6.033,59.098358
2025-07-08 18:00:00,0.004,0.007,26.109,0.0,6.535,74.747586
2025-07-08 19:00:00,0.0,0.0,25.591,0.0,6.736,81.979423
2025-07-08 20:00:00,0.0,0.0,25.314,0.0,6.6690000000000005,79.6313
2025-07-08 21:00:00,0.0,0.0,25.108,0.0,6.592,76.757075
2025-07-08 22:00:00,0.0,0.0,24.887,0.0,6.38,69.650958
2025-07-08 23:00:00,0.0,0.0,24.69,0.0,6.197,63.94493
2025-07-09 00:00:00,0.0,0.0,24.525,0.0,6.19,63.92971
2025-07-09 01:00:00,0.0,0.0,24.366,0.0,6.146,62.297597
2025-07-09 02:00:00,0.0,0.0,24.322,0.0,6.418,71.10365399999999
2025-07-09 03:00:00,0.0,0.0,24.243,0.0,5.931,55.924794999999996
2025-07-09 04:00:00,0.0,0.0,24.191,0.0,5.604,46.996015
2025-07-09 05:00:00,0.0,0.0,24.196,0.0,5.487,44.000534
2025-07-09 06:00:00,0.006,0.013000000000000001,24.392,1.703377,5.359,40.85961
2025-07-09 07:00:00,0.014,0.07100000000000001,25.159,47.554417,4.882,30.414757
2025-07-09 08:00:00,0.021,0.146,25.712,109.742592,4.353,20.511763
2025-07-09 09:00:00,0.035,0.243,26.366,193.14543799999998,4.896,30.554626
2025-07-09 10:00:00,0.053,0.331,27.116,269.360298,4.989,32.487709
2025-07-09 11:00:00,0.074,0.398,27.811,329.334729,4.732,27.29061
2025-07-09 12:00:00,0.073,0.40900000000000003,28.23,335.031391,4.559,24.057665
2025-07-09 13:00:00,0.07,0.388,28.421,318.52245600000003,4.484,22.736176
2025-07-09 14:00:00,0.055,0.321,28.367,262.05208600000003,4.496,22.941614
2025-07-09 15:00:00,0.059000000000000004,0.254,28.24,217.301022,4.5440000000000005,23.895778
2025-07-09 16:00:00,0.079,0.182,27.994,179.362111,4.652,25.937424
2025-07-09 17:00:00,0.039,0.079,27.36,72.420528,4.153,17.427653999999997
2025-07-09 18:00:00,0.006,0.008,26.407,0.0,4.339,20.277593
2025-07-09 19:00:00,0.0,0.0,25.784,0.0,4.982,32.335899
2025-07-09 20:00:00,0.0,0.0,25.524,0.0,5.542,45.625813
2025-07-09 21:00:00,0.0,0.0,25.316,0.0,6.032,59.096492
2025-07-09 22:00:00,0.0,0.0,25.141,0.0,5.946,56.555099
2025-07-09 23:00:00,0.0,0.0,24.968,0.0,5.816,52.677472
2025-07-10 00:00:00,0.0,0.0,24.805,0.0,5.595,46.756674
2025-07-10 01:00:00,0.0,0.0,24.685,0.0,5.672,48.775419
2025-07-10 02:00:00,0.0,0.0,24.592,0.0,5.761,51.187967
2025-07-10 03:00:00,0.0,0.0,24.52,0.0,5.563,46.171895
2025-07-10 04:00:00,0.0,0.0,24.473,0.0,5.466,43.567704
2025-07-10 05:00:00,0.0,0.0,24.4,0.0,5.4030000000000005,41.911894000000004
2025-07-10 06:00:00,0.004,0.014,24.588,1.3286790000000002,5.385,41.487678
2025-07-10 07:00:00,0.007,0.059000000000000004,25.246,33.375183,4.9510000000000005,31.678783
2025-07-10 08:00:00,0.007,0.113,25.699,74.766039,4.378,21.073963
2025-07-10 09:00:00,0.007,0.164,26.137,113.270543,4.369,20.920930000000002
2025-07-10 10:00:00,0.008,0.20800000000000002,26.441,147.005483,4.777,28.302695
2025-07-10 11:00:00,0.009000000000000001,0.249,26.722,177.818096,4.94,31.466112000000003
2025-07-10 12:00:00,0.009000000000000001,0.261,26.92,187.052652,4.834,29.293986
2025-07-10 13:00:00,0.008,0.241,26.943,171.325366,4.595,24.720052
2025-07-10 14:00:00,0.007,0.197,26.85,137.70497,4.149,17.401914
2025-07-10 15:00:00,0.005,0.138,26.647,91.519526,3.757,11.859587
2025-07-10 16:00:00,0.003,0.078,26.334,44.800288,3.741,11.66149
2025-07-10 17:00:00,0.002,0.032,25.925,11.069822,4.306,19.728630000000003
2025-07-10 18:00:00,0.0,0.003,25.351,0.0,5.397,41.774767
2025-07-10 19:00:00,0.0,0.0,25.086,0.0,6.561,75.61416899999999
2025-07-10 20:00:00,0.0,0.0,24.94,0.0,6.537,74.808952
2025-07-10 21:00:00,0.0,0.0,24.757,0.0,5.563,46.157289
2025-07-10 22:00:00,0.0,0.0,24.633,0.0,4.881,30.413580000000003
2025-07-10 23:00:00,0.0,0.0,24.508,0.0,4.177,17.703778
2025-07-11 00:00:00,0.0,0.0,24.401,0.0,4.129,17.107689999999998
2025-07-11 01:00:00,0.0,0.0,24.317,0.0,4.213,18.249723999999997
2025-07-11 02:00:00,0.0,0.0,24.251,0.0,4.161,17.458309
2025-07-11 03:00:00,0.0,0.0,24.205,0.0,3.676,10.868607
2025-07-11 04:00:00,0.0,0.0,24.163,0.0,3.337,7.223071
2025-07-11 05:00:00,0.0,0.0,24.121,0.0,3.599,9.972873
2025-07-11 06:00:00,0.002,0.009000000000000001,24.234,0.0,4.198,18.027774
2025-07-11 07:00:00,0.005,0.052000000000000005,24.941,27.548852999999998,4.105,16.609594
2025-07-11 08:00:00,0.008,0.117,25.459,78.31661,3.563,9.565946
2025-07-11 09:00:00,0.011,0.186,26.002,133.21782000000002,4.061,15.958831
2025-07-11 10:00:00,0.012,0.241,26.467,175.256481,4.057,15.906867
2025-07-11 11:00:00,0.013000000000000001,0.28,26.917,204.628882,3.618,10.279083
2025-07-11 12:00:00,0.017,0.314,27.288,231.024506,2.979,4.300752
2025-07-11 13:00:00,0.017,0.301,27.481,222.01640700000002,2.074,0.522608
2025-07-11 14:00:00,0.013000000000000001,0.24,27.397,174.29788,1.748,0.152568
2025-07-11 15:00:00,0.01,0.17400000000000002,27.146,122.65750299999999,1.846,0.226819
2025-07-11 16:00:00,0.007,0.101,26.811,64.75905900000001,2.445,1.461135
2025-07-11 17:00:00,0.004,0.04,26.292,18.141783,3.732,11.546906000000002
2025-07-11 18:00:00,0.001,0.004,25.561,0.0,4.857,29.747079000000003
2025-07-11 19:00:00,0.0,0.0,25.111,0.0,5.081,34.479766000000005
2025-07-11 20:00:00,0.0,0.0,24.852,0.0,4.784,28.490956999999998
2025-07-11 21:00:00,0.0,0.0,24.63,0.0,4.678,26.262631000000003
2025-07-11 22:00:00,0.0,0.0,24.489,0.0,4.724,27.142379000000002
2025-07-11 23:00:00,0.0,0.0,24.384,0.0,4.704,26.74634
2025-07-12 00:00:00,0.0,0.0,24.279,0.0,4.33,20.12362
2025-07-12 01:00:00,0.0,0.0,24.209,0.0,3.787,12.229826
2025-07-12 02:00:00,0.0,0.0,24.229,0.0,3.136,5.437195
2025-07-12 03:00:00,0.0,0.0,24.28,0.0,2.76,2.86052
2025-07-12 04:00:00,0.0,0.0,24.187,0.0,2.778,3.003882
2025-07-12 05:00:00,0.0,0.0,24.043,0.0,2.942,3.997441
2025-07-12 06:00:00,0.004,0.012,24.07,0.416754,2.946,4.041294
2025-07-12 07:00:00,0.01,0.066,24.798000000000002,41.093793,2.833,3.284958
2025-07-12 08:00:00,0.017,0.14400000000000002,25.417,105.415133,2.319,1.069625
2025-07-12 09:00:00,0.025,0.231,26.081,177.472902,2.349,1.1578789999999999
2025-07-12 10:00:00,0.031,0.308,26.741,237.805842,2.732,2.745486
2025-07-12 11:00:00,0.036000000000000004,0.361,27.239,278.78686,3.215,6.174128
2025-07-12 12:00:00,0.036000000000000004,0.375,27.521,287.740418,3.515,9.035433000000001
2025-07-12 13:00:00,0.029,0.337,27.6,256.22207000000003,3.585,9.81025
2025-07-12 14:00:00,0.02,0.268,27.499,199.86079800000002,3.5,8.968815000000001
2025-07-12 15:00:00,0.014,0.185,27.278,133.401079,3.204,6.082938
2025-07-12 16:00:00,0.009000000000000001,0.107,26.955,70.767237,2.959,4.157343
2025-07-12 17:00:00,0.005,0.044,26.505,21.858234,3.121,5.375435
2025-07-12 18:00:00,0.001,0.005,25.801,0.0,3.537,9.275795
2025-07-12 19:00:00,0.0,0.0,25.325,0.0,4.12,16.974594
2025-07-12 20:00:00,0.0,0.0,25.082,0.0,4.62,25.344707999999997
2025-07-12 21:00:00,0.0,0.0,24.924,0.0,4.958,31.828067
2025-07-12 22:00:00,0.0,0.0,24.795,0.0,5.13,35.558835
2025-07-12 23:00:00,0.0,0.0,24.631,0.0,5.098,34.852603
2025-07-13 00:00:00,0.0,0.0,24.468,0.0,4.894,30.506825
2025-07-13 01:00:00,0.0,0.0,24.273,0.0,4.854,29.692877
2025-07-13 02:00:00,0.0,0.0,24.107,0.0,4.922,31.091055
2025-07-13 03:00:00,0.0,0.0,23.98,0.0,5.08,34.446877
2025-07-13 04:00:00,0.0,0.0,23.878,0.0,5.286,39.334612
2025-07-13 05:00:00,0.0,0.0,23.798000000000002,0.0,5.483,43.905633
2025-07-13 06:00:00,0.026000000000000002,0.021,24.075,20.473741999999998,5.555,45.952572
2025-07-13 07:00:00,0.081,0.10400000000000001,25.032,124.740177,4.337,20.247822
2025-07-13 08:00:00,0.133,0.199,25.818,234.028939,3.797,12.354973
2025-07-13 09:00:00,0.195,0.28500000000000003,26.805,336.509672,3.439,8.233863999999999
2025-07-13 10:00:00,0.215,0.35000000000000003,27.709,390.85878499999995,3.073,4.9320379999999995
2025-07-13 11:00:00,0.226,0.39,28.357,422.232868,2.976,4.27854
2025-07-13 12:00:00,0.246,0.399,28.817,439.268263,3.035,4.648215
2025-07-13 13:00:00,0.232,0.384,29.034,420.833706,3.045,4.723432
2025-07-13 14:00:00,0.179,0.341,28.991,358.90595299999995,3.019,4.527340000000001
2025-07-13 15:00:00,0.153,0.27,28.752,294.43233299999997,3.069,4.903363000000001
2025-07-13 16:00:00,0.08700000000000001,0.17400000000000002,28.28,179.332313,3.407,7.9099889999999995
2025-07-13 17:00:00,0.039,0.075,27.607,69.10007300000001,4.036,15.653553
2025-07-13 18:00:00,0.003,0.006,26.603,0.0,4.798,28.766018
2025-07-13 19:00:00,0.0,0.0,26.02,0.0,5.258,38.462908000000006
2025-07-13 20:00:00,0.0,0.0,25.657,0.0,5.318,40.097415
2025-07-13 21:00:00,0.0,0.0,25.363,0.0,5.723,50.151153
2025-07-13 22:00:00,0.0,0.0,25.138,0.0,5.855,53.772438
2025-07-13 23:00:00,0.0,0.0,24.969,0.0,5.933,55.989391000000005
2025-07-14 00:00:00,0.0,0.0,24.83,0.0,5.743,50.689735999999996
2025-07-14 01:00:00,0.0,0.0,24.704,0.0,5.673,48.793526
2025-07-14 02:00:00,0.0,0.0,24.603,0.0,5.727,50.259648
2025-07-14 03:00:00,0.0,0.0,24.531,0.0,5.798,52.437487999999995
2025-07-14 04:00:00,0.0,0.0,24.471,0.0,5.697,49.640841
2025-07-14 05:00:00,0.0,0.0,24.396,0.0,5.445,43.049015
2025-07-14 06:00:00,0.019,0.02,24.633,14.709290000000001,5.448,43.232326
2025-07-14 07:00:00,0.061,0.101,25.62,107.010055,4.26,18.99175
2025-07-14 08:00:00,0.111,0.202,26.364,219.382495,4.47,22.489818
2025-07-14 09:00:00,0.159,0.294,27.1,316.94356300000004,4.398,21.412061
2025-07-14 10:00:00,0.185,0.364,27.801,380.65254200000004,4.181,17.764432
2025-07-14 11:00:00,0.186,0.41100000000000003,28.346,410.727958,4.091,16.400858
2025-07-14 12:00:00,0.13,0.423,28.589,381.523629,4.098,16.505302
2025-07-14 13:00:00,0.098,0.396,28.664,342.50739500000003,4.332,20.150719000000002
2025-07-14 14:00:00,0.081,0.338,28.587,291.863137,4.79,28.603026000000003
2025-07-14 15:00:00,0.052000000000000005,0.247,28.28,207.267907,5.124,35.421354
2025-07-14 16:00:00,0.024,0.137,27.777,104.63052800000001,5.111,35.128651
2025-07-14 17:00:00,0.01,0.052000000000000005,27.099,30.25675,5.255,38.38337
2025-07-14 18:00:00,0.002,0.005,26.274,0.0,5.765,51.284631999999995
2025-07-14 19:00:00,0.0,0.0,25.795,0.0,5.926,55.800775
2025-07-14 20:00:00,0.0,0.0,25.544,0.0,6.328,68.23223399999999
2025-07-14 21:00:00,0.0,0.0,25.349,0.0,6.624,77.96228599999999
2025-07-14 22:00:00,0.0,0.0,25.201,0.0,6.737,82.016512
2025-07-14 23:00:00,0.0,0.0,25.103,0.0,6.588,76.60311800000001
2025-07-15 00:00:00,0.0,0.0,25.008,0.0,6.5600000000000005,75.592534
2025-07-15 01:00:00,0.0,0.0,24.94,0.0,6.627,77.96814900000001
2025-07-15 02:00:00,0.0,0.0,24.853,0.0,6.589,76.60642600000001
2025-07-15 03:00:00,0.0,0.0,24.74,0.0,6.519,74.201544
2025-07-15 04:00:00,0.0,0.0,24.671,0.0,6.666,79.394928
2025-07-15 05:00:00,0.0,0.0,24.602,0.0,6.731,81.81741199999999
2025-07-15 06:00:00,0.023,0.02,24.787,16.857416,6.489,73.536085
2025-07-15 07:00:00,0.076,0.101,25.658,118.32781,5.967,57.235161
2025-07-15 08:00:00,0.14,0.197,26.363,236.766718,7.045,92.832567
2025-07-15 09:00:00,0.254,0.275,27.131,368.29738299999997,7.83,124.405796
2025-07-15 10:00:00,0.34,0.315,27.903,447.832208,8.053,133.67685
2025-07-15 11:00:00,0.352,0.34600000000000003,28.433,472.568467,7.999,131.142174
2025-07-15 12:00:00,0.335,0.361,28.761,470.469353,7.9350000000000005,128.411735
2025-07-15 13:00:00,0.355,0.339,28.999,468.590463,7.862,125.438397
2025-07-15 14:00:00,0.327,0.306,29.004,431.589015,7.801,122.795545
2025-07-15 15:00:00,0.231,0.261,28.678,341.140141,7.548,112.417586
2025-07-15 16:00:00,0.105,0.176,28.031,193.843926,7.154,97.175597
2025-07-15 17:00:00,0.025,0.066,27.138,51.664359,7.238,100.479371
2025-07-15 18:00:00,0.003,0.006,26.26,0.0,7.845,124.855783
2025-07-15 19:00:00,0.0,0.0,25.763,0.0,8.191,139.278514
2025-07-15 20:00:00,0.0,0.0,25.475,0.0,8.305,144.37830300000002
2025-07-15 21:00:00,0.0,0.0,25.276,0.0,7.878,126.09049
2025-07-15 22:00:00,0.0,0.0,25.154,0.0,7.85,125.22542600000001
2025-07-15 23:00:00,0.0,0.0,25.007,0.0,7.982,130.493271
2025-07-16 00:00:00,0.0,0.0,24.883,0.0,8.165,138.405439
2025-07-16 01:00:00,0.0,0.0,24.747,0.0,8.209,140.026127
2025-07-16 02:00:00,0.0,0.0,24.631,0.0,8.204,139.83177799999999
2025-07-16 03:00:00,0.0,0.0,24.559,0.0,8.219,140.476495
2025-07-16 04:00:00,0.0,0.0,24.529,0.0,8.837,167.311835
2025-07-16 05:00:00,0.0,0.0,24.468,0.0,8.655,159.516848
2025-07-16 06:00:00,0.046,0.023,24.685,35.851402,8.591,156.54013
2025-07-16 07:00:00,0.155,0.108,25.415,183.62825099999998,7.503,110.752176
2025-07-16 08:00:00,0.29,0.188,26.311,335.444156,8.137,136.945922
2025-07-16 09:00:00,0.397,0.23800000000000002,27.213,436.490637,8.696,161.250763
2025-07-16 10:00:00,0.47300000000000003,0.264,28.096,496.20556300000004,8.802,166.011204
2025-07-16 11:00:00,0.455,0.297,28.748,503.976589,8.716,162.117479
2025-07-16 12:00:00,0.40900000000000003,0.325,29.11,492.11081800000005,8.575,156.25720800000002
2025-07-16 13:00:00,0.368,0.327,29.269,468.87495,8.41,148.722364
2025-07-16 14:00:00,0.298,0.307,29.199,413.946758,8.165,138.357599
2025-07-16 15:00:00,0.245,0.256,28.916,346.854584,7.76,121.494619
2025-07-16 16:00:00,0.11,0.17300000000000001,28.236,195.038028,7.333,104.133864
2025-07-16 17:00:00,0.036000000000000004,0.07100000000000001,27.383,63.88355,6.809,84.229076
2025-07-16 18:00:00,0.005,0.007,26.485,0.0,6.628,77.970541
2025-07-16 19:00:00,0.0,0.0,25.921,0.0,6.498,73.576326
2025-07-16 20:00:00,0.0,0.0,25.654,0.0,6.39,69.955987
2025-07-16 21:00:00,0.0,0.0,25.453,0.0,6.203,64.159876
2025-07-16 22:00:00,0.0,0.0,25.271,0.0,6.337,68.347424
2025-07-16 23:00:00,0.0,0.0,25.12,0.0,6.355,68.985461
2025-07-17 00:00:00,0.0,0.0,25.029,0.0,6.724,81.356142
2025-07-17 01:00:00,0.0,0.0,24.992,0.0,6.822,84.79001600000001
2025-07-17 02:00:00,0.0,0.0,24.925,0.0,6.899,87.50755199999999
2025-07-17 03:00:00,0.0,0.0,24.876,0.0,6.9,87.522383
2025-07-17 04:00:00,0.0,0.0,24.863,0.0,6.987,90.948921
2025-07-17 05:00:00,0.0,0.0,24.841,0.0,7.143,96.91835400000001
2025-07-17 06:00:00,0.028,0.022,25.124,22.132402,7.08,94.517849
2025-07-17 07:00:00,0.10200000000000001,0.111,26.008,144.846136,6.563,75.686514
2025-07-17 08:00:00,0.179,0.20800000000000002,26.811,271.888195,7.429,107.697738
2025-07-17 09:00:00,0.23600000000000002,0.292,27.632,366.649524,7.366,105.383326
2025-07-17 10:00:00,0.192,0.368,28.251,386.719576,7.354,104.921891
2025-07-17 11:00:00,0.109,0.405,28.5,356.751552,7.365,105.311655
2025-07-17 12:00:00,0.10300000000000001,0.423,28.727,363.435506,7.151,97.169159
2025-07-17 13:00:00,0.08600000000000001,0.397,28.829,335.212728,6.726,81.471083
2025-07-17 14:00:00,0.044,0.308,28.645,244.98621799999998,6.339,68.35167600000001
2025-07-17 15:00:00,0.021,0.199,28.258,148.53068100000002,5.99,57.641966999999994
2025-07-17 16:00:00,0.009000000000000001,0.10300000000000001,27.699,67.582911,5.754,50.971307
2025-07-17 17:00:00,0.005,0.04,27.048,18.54843,5.83,53.083554
2025-07-17 18:00:00,0.001,0.003,26.344,0.0,6.379,69.64047599999999
2025-07-17 19:00:00,0.0,0.0,25.946,0.0,6.594,76.872955
2025-07-17 20:00:00,0.0,0.0,25.737,0.0,6.59,76.618883
2025-07-17 21:00:00,0.0,0.0,25.586,0.0,6.641,78.33831699999999
2025-07-17 22:00:00,0.0,0.0,25.476,0.0,6.618,77.78871000000001
2025-07-17 23:00:00,0.0,0.0,25.342,0.0,6.253,65.708561
2025-07-18 00:00:00,0.0,0.0,25.295,0.0,6.695,80.38325999999999
2025-07-18 01:00:00,0.0,0.0,25.24,0.0,6.598,77.15435000000001
2025-07-18 02:00:00,0.0,0.0,25.128,0.0,6.177,63.327603
2025-07-18 03:00:00,0.0,0.0,24.988,0.0,6.087,60.595577
2025-07-18 04:00:00,0.0,0.0,24.913,0.0,6.197,63.943477
2025-07-18 05:00:00,0.0,0.0,24.873,0.0,6.2620000000000005,66.11599199999999
2025-07-18 06:00:00,0.015,0.019,25.098,10.640797000000001,6.03,59.092408000000006
2025-07-18 07:00:00,0.04,0.094,25.958,84.79726099999999,5.073,34.435957
2025-07-18 08:00:00,0.06,0.189,26.688,171.40274100000002,5.382,41.409701
2025-07-18 09:00:00,0.057,0.269,27.337,227.34914999999998,5.176,36.592368
2025-07-18 10:00:00,0.048,0.324,27.902,259.792593,4.934,31.335459
2025-07-18 11:00:00,0.067,0.393,28.526,320.576387,4.635,25.636326
2025-07-18 12:00:00,0.081,0.418,29.041,345.35096000000004,4.303,19.684033
2025-07-18 13:00:00,0.08700000000000001,0.401,29.358,337.253474,4.016,15.321549999999998
2025-07-18 14:00:00,0.075,0.343,29.418,290.387099,3.787,12.230759
2025-07-18 15:00:00,0.048,0.248,29.163,203.997992,3.601,9.985631
2025-07-18 16:00:00,0.028,0.148,28.734,115.15913,3.516,9.043318
2025-07-18 17:00:00,0.007,0.047,27.963,24.872827,4.223,18.406283
2025-07-18 18:00:00,0.001,0.004,27.061,0.0,5.39,41.614713
2025-07-18 19:00:00,0.0,0.0,26.69,0.0,6.127,61.72172
2025-07-18 20:00:00,0.0,0.0,26.486,0.0,6.632,78.04883
2025-07-18 21:00:00,0.0,0.0,26.306,0.0,6.89,87.490737
2025-07-18 22:00:00,0.0,0.0,26.081,0.0,6.743,82.21398699999999
2025-07-18 23:00:00,0.0,0.0,25.828,0.0,6.489,73.511753
2025-07-19 00:00:00,0.0,0.0,25.571,0.0,6.1,61.172035
2025-07-19 01:00:00,0.0,0.0,25.32,0.0,5.6530000000000005,48.27117
2025-07-19 02:00:00,0.0,0.0,25.122,0.0,5.859,53.882764
2025-07-19 03:00:00,0.0,0.0,24.984,0.0,6.2620000000000005,66.115937
2025-07-19 04:00:00,0.0,0.0,24.908,0.0,6.785,83.364897
2025-07-19 05:00:00,0.0,0.0,24.885,0.0,6.969,90.067291
2025-07-19 06:00:00,0.009000000000000001,0.016,25.136,5.2962560000000005,6.91,87.861345
2025-07-19 07:00:00,0.026000000000000002,0.08600000000000001,26.005,68.332667,5.859,53.885432
2025-07-19 08:00:00,0.04,0.178,26.807,147.715316,6.01,58.496993
2025-07-19 09:00:00,0.051000000000000004,0.271,27.593,223.965197,6.016,58.513322
2025-07-19 10:00:00,0.048,0.335,28.176,267.59207799999996,5.429,42.553851
2025-07-19 11:00:00,0.037,0.359,28.519,276.32033399999995,5.067,34.372113
2025-07-19 12:00:00,0.028,0.34900000000000003,28.633,262.80939,5.286,39.329434
2025-07-19 13:00:00,0.021,0.308,28.547,229.011241,5.8870000000000005,54.683229
2025-07-19 14:00:00,0.02,0.265,28.373,196.889949,6.474,72.816037
2025-07-19 15:00:00,0.017,0.196,28.087,143.722027,6.61,77.295875
2025-07-19 16:00:00,0.011,0.114,27.69,77.08187,6.498,73.576718
2025-07-19 17:00:00,0.006,0.044,27.202,21.777803,6.372,69.624842
2025-07-19 18:00:00,0.001,0.004,26.572,0.0,6.03,59.092620000000004
2025-07-19 19:00:00,0.0,0.0,26.233,0.0,5.795,52.365309
2025-07-19 20:00:00,0.0,0.0,26.058,0.0,5.627,47.584767
2025-07-19 21:00:00,0.0,0.0,25.9,0.0,5.717,50.057224999999995
2025-07-19 22:00:00,0.0,0.0,25.724,0.0,5.666,48.615694000000005
2025-07-19 23:00:00,0.0,0.0,25.545,0.0,5.655,48.3397
2025-07-20 00:00:00,0.0,0.0,25.41,0.0,5.954,56.858762999999996
2025-07-20 01:00:00,0.0,0.0,25.268,0.0,5.995,57.798159
2025-07-20 02:00:00,0.0,0.0,25.144,0.0,5.804,52.512288999999996
2025-07-20 03:00:00,0.0,0.0,25.036,0.0,5.656,48.36048
2025-07-20 04:00:00,0.0,0.0,24.969,0.0,5.633,47.751945
2025-07-20 05:00:00,0.0,0.0,24.952,0.0,5.812,52.578892
2025-07-20 06:00:00,0.007,0.014,25.136,3.2163359999999996,5.678,48.940239
2025-07-20 07:00:00,0.026000000000000002,0.083,26.005,66.285159,4.901,30.654011999999998
2025-07-20 08:00:00,0.07200000000000001,0.194,26.779,183.672373,6.046,59.473784
2025-07-20 09:00:00,0.108,0.291,27.482,279.611924,7.242,100.62603299999999
2025-07-20 10:00:00,0.148,0.371,28.153,360.199636,7.612,115.137188
2025-07-20 11:00:00,0.155,0.419,28.646,395.21955699999995,7.708,118.96994000000001
2025-07-20 12:00:00,0.125,0.429,28.88,381.99349800000005,7.683,117.910091
2025-07-20 13:00:00,0.097,0.403,28.912,346.15941499999997,7.657,117.239508
2025-07-20 14:00:00,0.064,0.33,28.761,274.155864,7.39,106.507116
2025-07-20 15:00:00,0.047,0.244,28.455,201.02851500000003,6.821,84.708131
2025-07-20 16:00:00,0.025,0.14100000000000001,28.006,108.437356,5.677,48.905915
2025-07-20 17:00:00,0.012,0.056,27.459,34.373446,4.6850000000000005,26.389417
2025-07-20 18:00:00,0.002,0.005,26.713,0.0,4.819,29.013702000000002
2025-07-20 19:00:00,0.0,0.0,26.283,0.0,5.11,35.112356
2025-07-20 20:00:00,0.0,0.0,26.052,0.0,5.217,37.517777
2025-07-20 21:00:00,0.0,0.0,25.858,0.0,5.254,38.371019
2025-07-20 22:00:00,0.0,0.0,25.678,0.0,5.551,45.847682
2025-07-20 23:00:00,0.0,0.0,25.517,0.0,5.799,52.477468
2025-07-21 00:00:00,0.0,0.0,25.384,0.0,5.896,54.946828000000004
2025-07-21 01:00:00,0.0,0.0,25.261,0.0,5.901,55.081267999999994
2025-07-21 02:00:00,0.0,0.0,25.16,0.0,5.786,52.111262
2025-07-21 03:00:00,0.0,0.0,25.092,0.0,5.605,47.00611
2025-07-21 04:00:00,0.0,0.0,25.067,0.0,5.491,44.089510000000004
2025-07-21 05:00:00,0.0,0.0,25.044,0.0,5.52,44.853023
2025-07-21 06:00:00,0.005,0.014,25.227,1.5919400000000001,5.635,47.800358
2025-07-21 07:00:00,0.01,0.067,25.96,41.647166,4.734,27.338257000000002
2025-07-21 08:00:00,0.011,0.125,26.47,86.35479600000001,4.04,15.662035
2025-07-21 09:00:00,0.011,0.182,26.974,129.05093399999998,4.787,28.543938999999998
2025-07-21 10:00:00,0.011,0.234,27.362,168.356891,4.755,27.744850999999997
2025-07-21 11:00:00,0.01,0.248,27.64,177.430758,4.284,19.532284999999998
2025-07-21 12:00:00,0.016,0.309,28.02,226.097652,3.952,14.548223
2025-07-21 13:00:00,0.022,0.323,28.284,240.680769,3.927,14.076258
2025-07-21 14:00:00,0.019,0.267,28.233,197.212207,4.473,22.542507
2025-07-21 15:00:00,0.015,0.193,27.978,139.492143,5.167,36.390762
2025-07-21 16:00:00,0.01,0.115,27.597,77.481348,5.395,41.723622999999996
2025-07-21 17:00:00,0.006,0.047,27.06,24.149960999999998,4.844,29.500681
2025-07-21 18:00:00,0.001,0.004,26.426,0.0,3.902,13.832924
2025-07-21 19:00:00,0.0,0.0,26.051,0.0,3.201,6.056786
2025-07-21 20:00:00,0.0,0.0,25.845,0.0,3.003,4.41512
2025-07-21 21:00:00,0.0,0.0,25.636,0.0,3.609,10.080156
2025-07-21 22:00:00,0.0,0.0,25.457,0.0,4.196,17.982788
2025-07-21 23:00:00,0.0,0.0,25.318,0.0,4.398,21.414822
2025-07-22 00:00:00,0.0,0.0,25.173,0.0,4.686,26.409596
2025-07-22 01:00:00,0.0,0.0,25.056,0.0,5.192,37.008605
2025-07-22 02:00:00,0.0,0.0,24.973,0.0,5.695,49.538569
2025-07-22 03:00:00,0.0,0.0,24.901,0.0,6.28,66.458981
2025-07-22 04:00:00,0.0,0.0,24.858,0.0,6.673,79.684771
2025-07-22 05:00:00,0.0,0.0,24.79,0.0,6.249,65.501669
2025-07-22 06:00:00,0.007,0.015,24.944,3.122795,5.375,41.242807
2025-07-22 07:00:00,0.021,0.082,25.782,61.617534,4.52,23.369336999999998
2025-07-22 08:00:00,0.04,0.181,26.501,151.081815,4.508,23.152955000000002
2025-07-22 09:00:00,0.042,0.264,27.094,213.563718,5.218,37.550360999999995
2025-07-22 10:00:00,0.03,0.305,27.545,233.753088,5.095,34.770098
2025-07-22 11:00:00,0.021,0.315,27.798000000000002,234.725928,4.514,23.265089
2025-07-22 12:00:00,0.021,0.326,28.006,241.993079,4.054,15.863038000000001
2025-07-22 13:00:00,0.019,0.304,28.08,224.42865400000002,3.942,14.312244
2025-07-22 14:00:00,0.014,0.241,27.901,175.309341,4.157,17.432813
2025-07-22 15:00:00,0.012,0.177,27.57,125.888807,4.513,23.244571
2025-07-22 16:00:00,0.009000000000000001,0.109,27.129,71.951882,5.064,34.291205000000005
2025-07-22 17:00:00,0.006,0.045,26.6,22.516740000000002,5.468,43.571402
2025-07-22 18:00:00,0.001,0.004,25.947,0.0,5.612,47.187547
2025-07-22 19:00:00,0.0,0.0,25.598,0.0,5.425,42.451173000000004
2025-07-22 20:00:00,0.0,0.0,25.442,0.0,5.511,44.614194000000005
2025-07-22 21:00:00,0.0,0.0,25.278,0.0,5.6,46.884308
2025-07-22 22:00:00,0.0,0.0,25.137,0.0,5.632,47.727007
2025-07-22 23:00:00,0.0,0.0,25.058,0.0,5.454,43.405065
2025-07-23 00:00:00,0.0,0.0,24.983,0.0,4.994,32.585715
2025-07-23 01:00:00,0.0,0.0,24.878,0.0,4.9350000000000005,31.355005000000002
2025-07-23 02:00:00,0.0,0.0,24.798000000000002,0.0,5.203,37.344439
2025-07-23 03:00:00,0.0,0.0,24.745,0.0,5.202,37.342712
2025-07-23 04:00:00,0.0,0.0,24.706,0.0,5.252,38.331858999999994
2025-07-23 05:00:00,0.0,0.0,24.666,0.0,5.287,39.358894
2025-07-23 06:00:00,0.006,0.014,24.836,2.4737289999999996,5.036,33.690924
2025-07-23 07:00:00,0.026000000000000002,0.08600000000000001,25.796,68.685794,4.203,18.104983
2025-07-23 08:00:00,0.053,0.19,26.613,167.29164,4.146,17.367037
2025-07-23 09:00:00,0.052000000000000005,0.272,27.285,225.850967,4.217,18.318689
2025-07-23 10:00:00,0.041,0.324,27.767,254.74165299999999,4.206,18.140349999999998
2025-07-23 11:00:00,0.036000000000000004,0.358,28.086,274.56503299999997,4.372,20.975822
2025-07-23 12:00:00,0.028,0.35100000000000003,28.261,264.61361700000003,4.21,18.199685000000002
2025-07-23 13:00:00,0.024,0.322,28.305,240.981795,3.936,14.195407999999999
2025-07-23 14:00:00,0.022,0.272,28.207,203.23895199999998,4.178,17.711683
2025-07-23 15:00:00,0.015,0.191,27.91,138.857213,4.728,27.217277
2025-07-23 16:00:00,0.009000000000000001,0.109,27.468,72.29833599999999,5.222,37.629148
2025-07-23 17:00:00,0.005,0.044,26.9,21.676662,5.316,40.044805000000004
2025-07-23 18:00:00,0.001,0.004,26.164,0.0,5.2780000000000005,39.116527000000005
2025-07-23 19:00:00,0.0,0.0,25.805,0.0,4.985,32.407934000000004
2025-07-23 20:00:00,0.0,0.0,25.644,0.0,4.922,31.085618
2025-07-23 21:00:00,0.0,0.0,25.499,0.0,5.149,35.970937
2025-07-23 22:00:00,0.0,0.0,25.379,0.0,5.617,47.320489
2025-07-23 23:00:00,0.0,0.0,25.3,0.0,5.768,51.354483
2025-07-24 00:00:00,0.0,0.0,25.206,0.0,5.827,52.997016
2025-07-24 01:00:00,0.0,0.0,25.128,0.0,5.811,52.563328999999996
2025-07-24 02:00:00,0.0,0.0,25.095,0.0,5.709,50.010705
2025-07-24 03:00:00,0.0,0.0,25.066,0.0,5.651,48.23362
2025-07-24 04:00:00,0.0,0.0,25.009,0.0,5.687,49.164578
2025-07-24 05:00:00,0.0,0.0,24.87,0.0,6.06,59.711681
2025-07-24 06:00:00,0.015,0.018000000000000002,25.074,10.470958000000001,6.26,66.11236
2025-07-24 07:00:00,0.042,0.096,25.854,88.37124800000001,5.5,44.328415
2025-07-24 08:00:00,0.059000000000000004,0.189,26.497,171.249661,5.715,50.054041
2025-07-24 09:00:00,0.085,0.291,27.239,263.12663799999996,5.448,43.211252
2025-07-24 10:00:00,0.081,0.36,27.939,308.319756,4.804,28.87449
2025-07-24 11:00:00,0.076,0.406,28.489,334.751425,4.448,22.106776999999997
2025-07-24 12:00:00,0.056,0.399,28.755,316.394212,4.341,20.302055
2025-07-24 13:00:00,0.041,0.358,28.789,277.613645,4.122,16.994031
2025-07-24 14:00:00,0.026000000000000002,0.278,28.641,209.905122,3.71,11.380623
2025-07-24 15:00:00,0.019,0.199,28.379,146.54117300000001,3.435,8.186857
2025-07-24 16:00:00,0.012,0.116,27.951,79.693473,3.359,7.429208
2025-07-24 17:00:00,0.006,0.043000000000000003,27.327,21.262482,3.6470000000000002,10.555084
2025-07-24 18:00:00,0.001,0.004,26.525,0.0,4.423,21.684503
2025-07-24 19:00:00,0.0,0.0,26.096,0.0,5.143,35.839358999999995
2025-07-24 20:00:00,0.0,0.0,25.873,0.0,5.782,51.993141
2025-07-24 21:00:00,0.0,0.0,25.694,0.0,6.352,68.980407
2025-07-24 22:00:00,0.0,0.0,25.547,0.0,6.226,64.913133
2025-07-24 23:00:00,0.0,0.0,25.381,0.0,5.704,49.872079
2025-07-25 00:00:00,0.0,0.0,25.237,0.0,5.482,43.873673000000004
2025-07-25 01:00:00,0.0,0.0,25.123,0.0,4.856,29.734186
2025-07-25 02:00:00,0.0,0.0,24.998,0.0,4.371,20.955634999999997
2025-07-25 03:00:00,0.0,0.0,24.81,0.0,4.603,24.87441
2025-07-25 04:00:00,0.0,0.0,24.73,0.0,5.435,42.708498
2025-07-25 05:00:00,0.0,0.0,24.732,0.0,5.671,48.748555999999994
2025-07-25 06:00:00,0.003,0.011,24.809,0.0,5.445,43.049538999999996
2025-07-25 07:00:00,0.009000000000000001,0.063,25.492,38.400169999999996,4.474,22.552986
2025-07-25 08:00:00,0.021,0.156,26.158,117.32945699999999,3.832,12.807939000000001
2025-07-25 09:00:00,0.021,0.224,26.726,168.538234,4.317,19.917426
2025-07-25 10:00:00,0.018000000000000002,0.272,27.204,201.320729,4.563,24.134345
2025-07-25 11:00:00,0.016,0.30000000000000004,27.532,220.656353,4.822,29.059413
2025-07-25 12:00:00,0.016,0.313,27.751,229.86645000000001,4.5969999999999995,24.748675
2025-07-25 13:00:00,0.012,0.267,27.732,192.75757099999998,4.12,16.95826
2025-07-25 14:00:00,0.01,0.223,27.634,158.6962,3.872,13.459654
2025-07-25 15:00:00,0.007,0.153,27.382,104.29987,3.907,13.840345
2025-07-25 16:00:00,0.005,0.09,26.984,55.109480000000005,4.056,15.897538
2025-07-25 17:00:00,0.003,0.036000000000000004,26.529,14.215238,4.17,17.586903999999997
2025-07-25 18:00:00,0.001,0.003,25.896,0.0,4.989,32.489684000000004
2025-07-25 19:00:00,0.0,0.0,25.459,0.0,4.915,30.947437
2025-07-25 20:00:00,0.0,0.0,25.23,0.0,4.724,27.136122
2025-07-25 21:00:00,0.0,0.0,25.054,0.0,4.786,28.52815
2025-07-25 22:00:00,0.0,0.0,24.899,0.0,4.844,29.492652
2025-07-25 23:00:00,0.0,0.0,24.769,0.0,4.96,31.869879
2025-07-26 00:00:00,0.0,0.0,24.639,0.0,5.165,36.337540000000004
2025-07-26 01:00:00,0.0,0.0,24.545,0.0,5.008,32.893031
2025-07-26 02:00:00,0.0,0.0,24.478,0.0,4.409,21.592029999999998
2025-07-26 03:00:00,0.0,0.0,24.449,0.0,3.723,11.511603
2025-07-26 04:00:00,0.0,0.0,24.444,0.0,3.1,5.14799
2025-07-26 05:00:00,0.0,0.0,24.392,0.0,3.212,6.151548
2025-07-26 06:00:00,0.004,0.012,24.465,0.26567799999999997,3.865,13.297428
2025-07-26 07:00:00,0.015,0.073,25.2,50.311407,3.738,11.623493
2025-07-26 08:00:00,0.028,0.164,25.879,129.39129300000002,2.851,3.3957379999999997
2025-07-26 09:00:00,0.031,0.243,26.654,190.36339900000002,2.491,1.6111900000000001
2025-07-26 10:00:00,0.029,0.298,27.193,228.258943,2.037,0.462963
2025-07-26 11:00:00,0.03,0.342,27.604,260.426039,1.72,0.135294
2025-07-26 12:00:00,0.034,0.365,27.954,279.34076699999997,1.663,0.10758
2025-07-26 13:00:00,0.046,0.374,28.244,292.63710399999997,1.693,0.121702
2025-07-26 14:00:00,0.039,0.312,28.309,244.910009,1.613,0.084013
2025-07-26 15:00:00,0.034,0.23600000000000002,28.219,186.05970499999998,1.438,0.034156
2025-07-26 16:00:00,0.023,0.14300000000000002,27.937,108.045428,1.653,0.104005
2025-07-26 17:00:00,0.011,0.056,27.381,33.667953000000004,2.206,0.781837
2025-07-26 18:00:00,0.002,0.005,26.457,0.0,2.965,4.20269
2025-07-26 19:00:00,0.0,0.0,25.888,0.0,3.5700000000000003,9.643885000000001
2025-07-26 20:00:00,0.0,0.0,25.614,0.0,3.784,12.188245
2025-07-26 21:00:00,0.0,0.0,25.424,0.0,3.8449999999999998,12.984337
2025-07-26 22:00:00,0.0,0.0,25.22,0.0,3.721,11.508353
2025-07-26 23:00:00,0.0,0.0,25.032,0.0,3.331,7.159288999999999
2025-07-27 00:00:00,0.0,0.0,24.857,0.0,3.093,5.089709
2025-07-27 01:00:00,0.0,0.0,24.685,0.0,3.268,6.577264
2025-07-27 02:00:00,0.0,0.0,24.494,0.0,3.629,10.413555
2025-07-27 03:00:00,0.0,0.0,24.335,0.0,3.692,11.074461
2025-07-27 04:00:00,0.0,0.0,24.236,0.0,3.138,5.450004
2025-07-27 05:00:00,0.0,0.0,24.205,0.0,2.596,2.04399
2025-07-27 06:00:00,0.003,0.01,24.235,0.0,2.61,2.106868
2025-07-27 07:00:00,0.009000000000000001,0.06,24.946,36.300463,2.66,2.341183
2025-07-27 08:00:00,0.023,0.157,25.642,120.09490600000001,2.542,1.8489790000000002
2025-07-27 09:00:00,0.028,0.23700000000000002,26.373,183.758972,2.8689999999999998,3.5042359999999997
2025-07-27 10:00:00,0.033,0.311,27.088,241.079309,3.085,5.030188
2025-07-27 11:00:00,0.039,0.367,27.64,284.20277600000003,3.345,7.292249
2025-07-27 12:00:00,0.041,0.385,27.97,297.546919,3.683,10.944874
2025-07-27 13:00:00,0.042,0.369,28.086,287.21502399999997,4.175,17.673765
2025-07-27 14:00:00,0.038,0.313,27.997,244.870112,4.635,25.628833999999998
2025-07-27 15:00:00,0.025,0.219,27.695,166.48629699999998,4.909,30.809279
2025-07-27 16:00:00,0.015,0.127,27.274,90.49144500000001,4.746,27.556064
2025-07-27 17:00:00,0.005,0.043000000000000003,26.714,21.246428,4.867,30.102143
2025-07-27 18:00:00,0.001,0.004,26.097,0.0,5.153,36.058354
2025-07-27 19:00:00,0.0,0.0,25.715,0.0,5.683,49.074321000000005
2025-07-27 20:00:00,0.0,0.0,25.463,0.0,5.791,52.250525
2025-07-27 21:00:00,0.0,0.0,25.297,0.0,5.997,57.838633
2025-07-27 22:00:00,0.0,0.0,25.182,0.0,6.078,60.446748
2025-07-27 23:00:00,0.0,0.0,25.123,0.0,5.992,57.690186999999995
2025-07-28 00:00:00,0.0,0.0,25.056,0.0,5.62,47.401494
2025-07-28 01:00:00,0.0,0.0,24.999,0.0,5.618,47.346968000000004
2025-07-28 02:00:00,0.0,0.0,24.917,0.0,5.534,45.421766000000005
2025-07-28 03:00:00,0.0,0.0,24.825,0.0,5.661,48.489965
2025-07-28 04:00:00,0.0,0.0,24.742,0.0,5.731,50.367943
2025-07-28 05:00:00,0.0,0.0,24.663,0.0,5.655,48.325540000000004
2025-07-28 06:00:00,0.007,0.015,24.816,3.545342,5.511,44.61269600000001
2025-07-28 07:00:00,0.019,0.078,25.583,57.567086,4.627,25.484298
2025-07-28 08:00:00,0.029,0.163,26.134,128.75388800000002,4.116,16.85781
2025-07-28 09:00:00,0.047,0.267,26.712,219.980777,4.336,20.219147
2025-07-28 10:00:00,0.05,0.337,27.259,271.40878999999995,4.174,17.645038
2025-07-28 11:00:00,0.05,0.383,27.679,302.47586,4.008,15.194888
2025-07-28 12:00:00,0.047,0.393,27.96,307.16356099999996,3.769,12.009102
2025-07-28 13:00:00,0.036000000000000004,0.353,28.025,271.315719,3.565,9.581014999999999
2025-07-28 14:00:00,0.026000000000000002,0.28300000000000003,27.899,214.44353700000002,3.224,6.259069
2025-07-28 15:00:00,0.021,0.21,27.644,157.320134,2.957,4.144312
2025-07-28 16:00:00,0.013000000000000001,0.12,27.216,83.439928,2.7279999999999998,2.735502
2025-07-28 17:00:00,0.009000000000000001,0.052000000000000005,26.738,29.516849999999998,2.92,3.8355729999999997
2025-07-28 18:00:00,0.001,0.004,26.08,0.0,3.974,14.799063
2025-07-28 19:00:00,0.0,0.0,25.711,0.0,5.125,35.450053999999994
2025-07-28 20:00:00,0.0,0.0,25.51,0.0,5.606,47.037715
2025-07-28 21:00:00,0.0,0.0,25.287,0.0,5.643,48.013863
2025-07-28 22:00:00,0.0,0.0,25.084,0.0,5.538,45.537729
2025-07-28 23:00:00,0.0,0.0,24.905,0.0,5.217,37.523623
2025-07-29 00:00:00,0.0,0.0,24.738,0.0,4.924,31.132098999999997
2025-07-29 01:00:00,0.0,0.0,24.58,0.0,4.928,31.217321
2025-07-29 02:00:00,0.0,0.0,24.432,0.0,5.009,32.905049
2025-07-29 03:00:00,0.0,0.0,24.302,0.0,5.157,36.156943
2025-07-29 04:00:00,0.0,0.0,24.174,0.0,5.236,37.958591
2025-07-29 05:00:00,0.0,0.0,24.056,0.0,5.298,39.614962
2025-07-29 06:00:00,0.016,0.018000000000000002,24.194,11.882156,5.17,36.454480000000004
2025-07-29 07:00:00,0.054,0.1,25.041,100.425854,3.995,15.011751
2025-07-29 08:00:00,0.077,0.196,25.922,190.086952,3.358,7.422562
2025-07-29 09:00:00,0.082,0.28600000000000003,26.909,258.337521,2.7359999999999998,2.749385
2025-07-29 10:00:00,0.078,0.356,27.719,303.698569,2.215,0.793235
2025-07-29 11:00:00,0.066,0.392,28.279,319.328653,2.465,1.546799
2025-07-29 12:00:00,0.067,0.40900000000000003,28.579,330.663595,3.304,6.907615
2025-07-29 13:00:00,0.064,0.387,28.631,313.617303,4.176,17.685119
2025-07-29 14:00:00,0.054,0.327,28.494,265.62136300000003,4.744,27.527720000000002
2025-07-29 15:00:00,0.036000000000000004,0.233,28.22,185.30419899999998,4.598,24.769932
2025-07-29 16:00:00,0.022,0.137,27.869,102.83636800000001,3.909,13.842381
2025-07-29 17:00:00,0.012,0.055,27.398,33.780558,3.564,9.576518
2025-07-29 18:00:00,0.002,0.005,26.631,0.0,3.498,8.948068
2025-07-29 19:00:00,0.0,0.0,26.173,0.0,3.777,12.101715
2025-07-29 20:00:00,0.0,0.0,25.937,0.0,4.104,16.591522
2025-07-29 21:00:00,0.0,0.0,25.767,0.0,4.543,23.893387999999998
2025-07-29 22:00:00,0.0,0.0,25.672,0.0,4.953,31.733901000000003
2025-07-29 23:00:00,0.0,0.0,25.566,0.0,5.2,37.322500999999995
2025-07-30 00:00:00,0.0,0.0,25.485,0.0,5.46,43.553321000000004
2025-07-30 01:00:00,0.0,0.0,25.416,0.0,5.79,52.235349
2025-07-30 02:00:00,0.0,0.0,25.328,0.0,6.054,59.692497
2025-07-30 03:00:00,0.0,0.0,25.261,0.0,6.183,63.504650999999996
2025-07-30 04:00:00,0.0,0.0,25.172,0.0,5.865,54.060994
2025-07-30 05:00:00,0.0,0.0,25.049,0.0,5.228,37.774660000000004
2025-07-30 06:00:00,0.004,0.011,25.123,0.0,4.708,26.837443999999998
2025-07-30 07:00:00,0.011,0.066,25.918,41.594374,3.718,11.48832
2025-07-30 08:00:00,0.017,0.14300000000000002,26.49,104.52289900000001,3.377,7.6338729999999995
2025-07-30 09:00:00,0.023,0.225,26.862,171.20397200000002,3.542,9.3308
2025-07-30 10:00:00,0.027,0.295,27.21,225.21648000000002,3.065,4.873239
2025-07-30 11:00:00,0.034,0.355,27.52,272.423055,2.409,1.322818
2025-07-30 12:00:00,0.04,0.383,27.834,296.02987800000005,1.863,0.244875
2025-07-30 13:00:00,0.043000000000000003,0.37,28.081,288.401222,1.276,0.012826
2025-07-30 14:00:00,0.037,0.311,28.173,242.36582800000002,0.511,0.0
2025-07-30 15:00:00,0.029,0.228,28.121,176.433437,0.342,0.0
2025-07-30 16:00:00,0.021,0.139,27.943,104.15691000000001,0.591,0.0
2025-07-30 17:00:00,0.012,0.057,27.715,35.385273999999995,0.6930000000000001,0.0
2025-07-30 18:00:00,0.002,0.005,27.067,0.0,1.329,0.018038000000000002
2025-07-30 19:00:00,0.0,0.0,26.218,0.0,2.956,4.139198
2025-07-30 20:00:00,0.0,0.0,25.518,0.0,4.621,25.359868
2025-07-30 21:00:00,0.0,0.0,25.164,0.0,5.455,43.442619
2025-07-30 22:00:00,0.0,0.0,24.941,0.0,5.599,46.869663
2025-07-30 23:00:00,0.0,0.0,24.8,0.0,5.347,40.56801
2025-07-31 00:00:00,0.0,0.0,24.709,0.0,5.282,39.232509
2025-07-31 01:00:00,0.0,0.0,24.621,0.0,5.424,42.432514000000005
2025-07-31 02:00:00,0.0,0.0,24.528,0.0,5.498,44.274404000000004
2025-07-31 03:00:00,0.0,0.0,24.445,0.0,5.339,40.382809
2025-07-31 04:00:00,0.0,0.0,24.331,0.0,5.17,36.448800000000006
2025-07-31 05:00:00,0.0,0.0,24.233,0.0,4.944,31.549195
2025-07-31 06:00:00,0.006,0.013000000000000001,24.332,1.825345,4.859,29.79223
2025-07-31 07:00:00,0.016,0.074,25.258,51.993245,4.082,16.268746999999998
2025-07-31 08:00:00,0.027,0.16,25.857,125.368483,3.675,10.853401
2025-07-31 09:00:00,0.036000000000000004,0.251,26.374,200.13965900000002,4.113,16.77328
2025-07-31 10:00:00,0.043000000000000003,0.328,27.056,260.167827,4.82,29.019737
2025-07-31 11:00:00,0.045,0.376,27.619,294.74494799999997,5.54,45.565101000000006
2025-07-31 12:00:00,0.046,0.391,27.934,305.02973599999996,6.124,61.611014000000004
2025-07-31 13:00:00,0.042,0.365,28.014,283.996468,6.591,76.653013
2025-07-31 14:00:00,0.038,0.31,27.912,242.225793,6.6850000000000005,80.030445
2025-07-31 15:00:00,0.029,0.225,27.612,174.552961,6.761,82.832503
2025-07-31 16:00:00,0.018000000000000002,0.133,27.144,97.526563,6.546,75.11888
2025-07-31 17:00:00,0.01,0.054,26.533,32.365532,6.454,72.187074
2025-07-31 18:00:00,0.002,0.005,25.754,0.0,6.66,78.98985
2025-07-31 19:00:00,0.0,0.0,25.258,0.0,6.517,74.14240099999999
2025-07-31 20:00:00,0.0,0.0,24.996,0.0,6.896,87.50330199999999
2025-07-31 21:00:00,0.0,0.0,24.918,0.0,7.035,92.489913
2025-07-31 22:00:00,0.0,0.0,24.764,0.0,6.737,82.02701300000001
2025-07-31 23:00:00,0.0,0.0,24.664,0.0,7.004,91.481635
2025-08-01 00:00:00,0.0,0.0,24.583,0.0,6.937,89.12122500000001
2025-08-01 01:00:00,0.0,0.0,24.462,0.0,6.805,84.08933900000001
2025-08-01 02:00:00,0.0,0.0,24.339,0.0,6.779,83.18109
2025-08-01 03:00:00,0.0,0.0,24.223,0.0,6.788,83.501845
2025-08-01 04:00:00,0.0,0.0,24.12,0.0,6.609,77.287526
2025-08-01 05:00:00,0.0,0.0,24.01,0.0,6.228,65.064926
2025-08-01 06:00:00,0.037,0.021,24.294,28.552109,5.969,57.309402999999996
2025-08-01 07:00:00,0.138,0.108,25.445,170.368812,5.19,36.910981
2025-08-01 08:00:00,0.23800000000000002,0.197,26.428,306.112216,5.896,54.94542
2025-08-01 09:00:00,0.334,0.262,27.393,411.501217,6.07,59.997778
2025-08-01 10:00:00,0.394,0.303,28.265,472.521817,5.853,53.722069000000005
2025-08-01 11:00:00,0.395,0.337,28.892,491.76298499999996,5.782,51.998442000000004
2025-08-01 12:00:00,0.358,0.362,29.3,483.50795400000004,5.787,52.13732
2025-08-01 13:00:00,0.297,0.367,29.451,449.66988299999997,5.82,52.808716999999994
2025-08-01 14:00:00,0.203,0.34,29.268,374.109663,5.954,56.877692
2025-08-01 15:00:00,0.122,0.266,28.832,270.320599,5.9719999999999995,57.388006000000004
2025-08-01 16:00:00,0.059000000000000004,0.161,28.194,148.412354,5.643,48.004443
2025-08-01 17:00:00,0.025,0.065,27.47,50.634483,5.425,42.459641000000005
2025-08-01 18:00:00,0.003,0.006,26.568,0.0,5.594,46.732098
2025-08-01 19:00:00,0.0,0.0,26.077,0.0,5.655,48.32053500000001
2025-08-01 20:00:00,0.0,0.0,25.816,0.0,5.838,53.288702
2025-08-01 21:00:00,0.0,0.0,25.633,0.0,5.952,56.796073
2025-08-01 22:00:00,0.0,0.0,25.486,0.0,6.067,59.910778
2025-08-01 23:00:00,0.0,0.0,25.368,0.0,6.143,62.216428
2025-08-02 00:00:00,0.0,0.0,25.263,0.0,6.106,61.194739
2025-08-02 01:00:00,0.0,0.0,25.17,0.0,5.902,55.093536
2025-08-02 02:00:00,0.0,0.0,25.086,0.0,5.729,50.308665
2025-08-02 03:00:00,0.0,0.0,25.039,0.0,5.535,45.451442
2025-08-02 04:00:00,0.0,0.0,25.025,0.0,5.611,47.184398
2025-08-02 05:00:00,0.0,0.0,24.97,0.0,5.61,47.135698
2025-08-02 06:00:00,0.008,0.015,25.174,4.069541,5.749,50.853407
2025-08-02 07:00:00,0.024,0.084,26.037,64.837924,5.293,39.510155
2025-08-02 08:00:00,0.029,0.166,26.624,130.714396,6.031,59.094087
2025-08-02 09:00:00,0.028,0.23700000000000002,27.012,182.950349,7.702,118.68633100000001
2025-08-02 10:00:00,0.038,0.324,27.485,253.759966,8.044,133.130392
2025-08-02 11:00:00,0.044,0.378,27.96,294.487334,7.491,110.479349
2025-08-02 12:00:00,0.051000000000000004,0.40700000000000003,28.384,319.17301199999997,6.626,77.96598
2025-08-02 13:00:00,0.034,0.355,28.549,271.483066,5.977,57.534690000000005
2025-08-02 14:00:00,0.016,0.252,28.375,184.46444699999998,5.332,40.200523999999994
2025-08-02 15:00:00,0.008,0.155,27.996,106.336562,4.802,28.836256000000002
2025-08-02 16:00:00,0.006,0.091,27.593,56.302752999999996,4.578,24.408579000000003
2025-08-02 17:00:00,0.004,0.04,27.089,17.716775000000002,4.914,30.913956
2025-08-02 18:00:00,0.001,0.003,26.466,0.0,5.614,47.255095000000004
2025-08-02 19:00:00,0.0,0.0,26.074,0.0,6.109,61.200173
2025-08-02 20:00:00,0.0,0.0,25.819,0.0,6.23,65.174679
2025-08-02 21:00:00,0.0,0.0,25.618,0.0,6.012,58.505358
2025-08-02 22:00:00,0.0,0.0,25.449,0.0,5.635,47.794965
2025-08-02 23:00:00,0.0,0.0,25.272,0.0,5.092,34.706807
2025-08-03 00:00:00,0.0,0.0,25.103,0.0,4.808,28.959455000000002
2025-08-03 01:00:00,0.0,0.0,24.945,0.0,4.9,30.636284
2025-08-03 02:00:00,0.0,0.0,24.848,0.0,4.968,32.050901
2025-08-03 03:00:00,0.0,0.0,24.824,0.0,5.277,39.042745000000004
2025-08-03 04:00:00,0.0,0.0,24.857,0.0,5.202,37.343013
2025-08-03 05:00:00,0.0,0.0,24.852,0.0,5.139,35.749739999999996
2025-08-03 06:00:00,0.008,0.014,25.026,3.998007,5.426,42.473339
2025-08-03 07:00:00,0.032,0.088,25.791,74.219792,5.074,34.436699999999995
2025-08-03 08:00:00,0.054,0.185,26.367,164.138426,5.9350000000000005,56.057525
2025-08-03 09:00:00,0.058,0.27,26.817,229.734954,7.269,101.415581
2025-08-03 10:00:00,0.061,0.34500000000000003,27.383,284.356638,6.228,65.05852
2025-08-03 11:00:00,0.061,0.388,27.876,313.70438,4.708,26.826622999999998
2025-08-03 12:00:00,0.084,0.425,28.233,353.30243099999996,4.22,18.370475
2025-08-03 13:00:00,0.09,0.40700000000000003,28.333,345.66437199999996,4.593,24.682338
2025-08-03 14:00:00,0.081,0.35000000000000003,28.213,300.831186,4.962,31.9183
2025-08-03 15:00:00,0.05,0.25,27.886,208.153652,4.481,22.679122
2025-08-03 16:00:00,0.031,0.151,27.462,120.645376,3.719,11.496475
2025-08-03 17:00:00,0.011,0.054,26.807,32.520711999999996,3.769,11.999217
2025-08-03 18:00:00,0.001,0.004,25.966,0.0,4.057,15.9028
2025-08-03 19:00:00,0.0,0.0,25.473,0.0,3.8609999999999998,13.207624
2025-08-03 20:00:00,0.0,0.0,25.205,0.0,3.465,8.599727000000001
2025-08-03 21:00:00,0.0,0.0,24.984,0.0,3.839,12.901955
2025-08-03 22:00:00,0.0,0.0,24.816,0.0,4.621,25.367754
2025-08-03 23:00:00,0.0,0.0,24.698,0.0,5.414,42.200347
2025-08-04 00:00:00,0.0,0.0,24.479,0.0,5.344,40.497161999999996
2025-08-04 01:00:00,0.0,0.0,24.343,0.0,4.554,23.983151999999997
2025-08-04 02:00:00,0.0,0.0,24.164,0.0,4.356,20.557534
2025-08-04 03:00:00,0.0,0.0,23.936,0.0,4.378,21.080892
2025-08-04 04:00:00,0.0,0.0,23.797,0.0,4.337,20.246294000000002
2025-08-04 05:00:00,0.0,0.0,23.687,0.0,4.422,21.666206
2025-08-04 06:00:00,0.01,0.016,23.861,5.646989,3.717,11.466389999999999
2025-08-04 07:00:00,0.029,0.088,24.779,71.98883000000001,2.374,1.211504
2025-08-04 08:00:00,0.032,0.169,25.272,136.86319,2.065,0.507981
2025-08-04 09:00:00,0.026000000000000002,0.231,25.815,178.320652,1.845,0.22578399999999998
2025-08-04 10:00:00,0.031,0.307,26.465,237.086165,1.6219999999999999,0.090127
2025-08-04 11:00:00,0.032,0.353,26.97,270.428121,1.4140000000000001,0.030529
2025-08-04 12:00:00,0.031,0.363,27.217,276.200799,1.5110000000000001,0.050246
2025-08-04 13:00:00,0.025,0.327,27.179,246.45367199999998,1.847,0.227691
2025-08-04 14:00:00,0.02,0.265,26.966,197.567592,1.9689999999999999,0.35862299999999997
2025-08-04 15:00:00,0.016,0.195,26.763,143.294647,2.049,0.48166899999999996
2025-08-04 16:00:00,0.014,0.124,26.473,87.592342,2.363,1.1771010000000002
2025-08-04 17:00:00,0.008,0.05,26.013,27.633941999999998,2.852,3.40368
2025-08-04 18:00:00,0.001,0.005,25.312,0.0,3.168,5.699180999999999
2025-08-04 19:00:00,0.0,0.0,24.982,0.0,2.723,2.7082620000000004
2025-08-04 20:00:00,0.0,0.0,24.888,0.0,2.103,0.558111
2025-08-04 21:00:00,0.0,0.0,24.628,0.0,2.05,0.48225599999999996
2025-08-04 22:00:00,0.0,0.0,24.302,0.0,2.083,0.537313
2025-08-04 23:00:00,0.0,0.0,24.04,0.0,2.307,1.035307
2025-08-05 00:00:00,0.0,0.0,23.721,0.0,2.987,4.315072
2025-08-05 01:00:00,0.0,0.0,23.354,0.0,3.614,10.174046
2025-08-05 02:00:00,0.0,0.0,23.106,0.0,3.807,12.489261
2025-08-05 03:00:00,0.0,0.0,22.946,0.0,4.083,16.279319
2025-08-05 04:00:00,0.0,0.0,22.826,0.0,4.225,18.444785
2025-08-05 05:00:00,0.0,0.0,22.712,0.0,3.901,13.832438
2025-08-05 06:00:00,0.006,0.013000000000000001,22.833,1.85758,3.188,5.865657000000001
2025-08-05 07:00:00,0.015,0.07100000000000001,23.539,49.450007,2.206,0.781989
2025-08-05 08:00:00,0.025,0.154,24.207,120.029622,1.7189999999999999,0.134972
2025-08-05 09:00:00,0.046,0.26,25.265,215.416744,1.27,0.012456
2025-08-05 10:00:00,0.073,0.358,26.332,303.422853,1.218,0.00866
2025-08-05 11:00:00,0.095,0.42,27.045,359.045086,1.3,0.015753
2025-08-05 12:00:00,0.08700000000000001,0.43,27.361,360.40325,1.355,0.021195
2025-08-05 13:00:00,0.064,0.39,27.491,317.542823,1.2530000000000001,0.011011
2025-08-05 14:00:00,0.052000000000000005,0.325,27.581,263.868802,1.06,0.0026880000000000003
2025-08-05 15:00:00,0.049,0.253,27.561,209.940109,1.153,0.0058189999999999995
2025-08-05 16:00:00,0.03,0.15,27.214,119.42517699999999,1.593,0.076087
2025-08-05 17:00:00,0.013000000000000001,0.056,26.704,35.758303999999995,1.599,0.078423
2025-08-05 18:00:00,0.001,0.004,26.156,0.0,1.092,0.003444
2025-08-05 19:00:00,0.0,0.0,25.958,0.0,0.719,0.0
2025-08-05 20:00:00,0.0,0.0,25.613,0.0,1.396,0.027863
2025-08-05 21:00:00,0.0,0.0,24.979,0.0,3.347,7.3148100000000005
2025-08-05 22:00:00,0.0,0.0,24.465,0.0,5.06,34.21488
2025-08-05 23:00:00,0.0,0.0,24.234,0.0,5.195,37.102019999999996
2025-08-06 00:00:00,0.0,0.0,24.016,0.0,4.673,26.165034
2025-08-06 01:00:00,0.0,0.0,23.796,0.0,4.424,21.698038
2025-08-06 02:00:00,0.0,0.0,23.63,0.0,4.441,21.989062
2025-08-06 03:00:00,0.0,0.0,23.504,0.0,4.588,24.598186000000002
2025-08-06 04:00:00,0.0,0.0,23.424,0.0,5.022,33.244800000000005
2025-08-06 05:00:00,0.0,0.0,23.411,0.0,5.567,46.277924
2025-08-06 06:00:00,0.008,0.015,23.677,3.985688,5.775,51.703084000000004
2025-08-06 07:00:00,0.02,0.077,24.631,57.649769,5.123,35.384719
2025-08-06 08:00:00,0.029,0.162,25.437,129.280298,5.1370000000000005,35.698987
2025-08-06 09:00:00,0.043000000000000003,0.258,26.313,210.520254,5.464,43.563491
2025-08-06 10:00:00,0.055,0.343,27.139,279.73053000000004,5.388,41.562533
2025-08-06 11:00:00,0.067,0.402,27.787,327.482534,4.75,27.631702
2025-08-06 12:00:00,0.07,0.419,28.203,340.089629,4.147,17.378849
2025-08-06 13:00:00,0.067,0.398,28.438,323.156844,3.808,12.505700000000001
2025-08-06 14:00:00,0.046,0.322,28.418,256.6476,3.813,12.568044
2025-08-06 15:00:00,0.027,0.22,28.164,169.00898800000002,3.909,13.843148999999999
2025-08-06 16:00:00,0.018000000000000002,0.132,27.742,96.452403,4.402,21.487272
2025-08-06 17:00:00,0.009000000000000001,0.05,26.985,28.613089,4.93,31.242509
2025-08-06 18:00:00,0.001,0.004,26.061,0.0,5.429,42.569894999999995
2025-08-06 19:00:00,0.0,0.0,25.515,0.0,5.78,51.92797
2025-08-06 20:00:00,0.0,0.0,25.201,0.0,6.368,69.516341
2025-08-06 21:00:00,0.0,0.0,24.939,0.0,6.712,81.075345
2025-08-06 22:00:00,0.0,0.0,24.748,0.0,6.901,87.54808
2025-08-06 23:00:00,0.0,0.0,24.591,0.0,6.885,87.125233
2025-08-07 00:00:00,0.0,0.0,24.486,0.0,7.251,100.72813400000001
2025-08-07 01:00:00,0.0,0.0,24.364,0.0,7.269,101.415869
2025-08-07 02:00:00,0.0,0.0,24.177,0.0,7.118,95.86865700000001
2025-08-07 03:00:00,0.0,0.0,24.054,0.0,6.842,85.470168
2025-08-07 04:00:00,0.0,0.0,23.982,0.0,6.468,72.58055499999999
2025-08-07 05:00:00,0.0,0.0,23.993,0.0,6.5280000000000005,74.510677
2025-08-07 06:00:00,0.008,0.015,24.237,3.915655,6.57,75.914098
2025-08-07 07:00:00,0.011,0.064,24.978,40.382747,6.699,80.393288
2025-08-07 08:00:00,0.016,0.138,25.514,100.24412600000001,6.395,70.13830800000001
2025-08-07 09:00:00,0.022,0.22,26.006,166.44702900000001,6.9719999999999995,90.137396
2025-08-07 10:00:00,0.031,0.306,26.494,236.21913500000002,7.634,116.06703900000001
2025-08-07 11:00:00,0.042,0.374,26.946,292.795669,7.872,126.079921
2025-08-07 12:00:00,0.049,0.398,27.271,312.62496999999996,7.689,118.17166
2025-08-07 13:00:00,0.059000000000000004,0.393,27.48,315.991289,7.317,103.245972
2025-08-07 14:00:00,0.053,0.335,27.495,271.55569,6.807,84.17977400000001
2025-08-07 15:00:00,0.031,0.23,27.254,180.432618,6.008,58.396629999999995
2025-08-07 16:00:00,0.019,0.133,26.915,98.245921,5.338,40.342085
2025-08-07 17:00:00,0.009000000000000001,0.05,26.375,28.55115,5.174,36.538159
2025-08-07 18:00:00,0.001,0.004,25.524,0.0,5.378,41.315124000000004
2025-08-07 19:00:00,0.0,0.0,25.059,0.0,5.66,48.466883
2025-08-07 20:00:00,0.0,0.0,24.867,0.0,5.788,52.185370999999996
2025-08-07 21:00:00,0.0,0.0,24.766,0.0,5.981,57.625033
2025-08-07 22:00:00,0.0,0.0,24.686,0.0,6.155,62.567838
2025-08-07 23:00:00,0.0,0.0,24.572,0.0,6.138,62.042957
2025-08-08 00:00:00,0.0,0.0,24.48,0.0,6.193,63.936932
2025-08-08 01:00:00,0.0,0.0,24.396,0.0,6.14,62.113074
2025-08-08 02:00:00,0.0,0.0,24.262,0.0,5.803,52.509171
2025-08-08 03:00:00,0.0,0.0,24.144,0.0,5.791,52.268142
2025-08-08 04:00:00,0.0,0.0,24.064,0.0,6.082,60.586317
2025-08-08 05:00:00,0.0,0.0,24.006,0.0,6.041,59.185684
2025-08-08 06:00:00,0.025,0.018000000000000002,24.112,17.023477,5.758,51.089003
2025-08-08 07:00:00,0.14200000000000002,0.105,25.07,171.433978,5.076,34.44036
2025-08-08 08:00:00,0.311,0.185,25.872,349.099147,6.058,59.70077
2025-08-08 09:00:00,0.557,0.202,26.802,512.727499,6.166,63.100277999999996
2025-08-08 10:00:00,0.664,0.2,27.682,570.750379,5.859,53.88684
2025-08-08 11:00:00,0.6880000000000001,0.20600000000000002,28.44,584.4817979999999,5.494,44.183862
2025-08-08 12:00:00,0.683,0.212,28.967,583.745576,5.327,40.154915
2025-08-08 13:00:00,0.589,0.244,29.168,549.013968,5.299,39.655794
2025-08-08 14:00:00,0.399,0.28400000000000003,28.957,461.896042,5.304,39.757604
2025-08-08 15:00:00,0.20400000000000001,0.263,28.484,324.55571299999997,5.205,37.348661
2025-08-08 16:00:00,0.055,0.153,27.711,140.096314,5.204,37.347536
2025-08-08 17:00:00,0.015,0.052000000000000005,26.73,34.632663,4.946,31.588452
2025-08-08 18:00:00,0.002,0.004,25.77,0.0,4.958,31.838228
2025-08-08 19:00:00,0.0,0.0,25.238,0.0,5.294,39.530052000000005
2025-08-08 20:00:00,0.0,0.0,24.927,0.0,5.398,41.801065
2025-08-08 21:00:00,0.0,0.0,24.629,0.0,5.349,40.607113
2025-08-08 22:00:00,0.0,0.0,24.398,0.0,5.755,50.999139
2025-08-08 23:00:00,0.0,0.0,24.205,0.0,5.86,53.918836999999996
2025-08-09 00:00:00,0.0,0.0,24.023,0.0,5.844,53.4632
2025-08-09 01:00:00,0.0,0.0,23.838,0.0,5.806,52.515593
2025-08-09 02:00:00,0.0,0.0,23.655,0.0,5.83,53.088274
2025-08-09 03:00:00,0.0,0.0,23.52,0.0,5.769,51.399386
2025-08-09 04:00:00,0.0,0.0,23.392,0.0,5.619,47.383542999999996
2025-08-09 05:00:00,0.0,0.0,23.281,0.0,5.472,43.616653
2025-08-09 06:00:00,0.013000000000000001,0.017,23.497,8.503095,5.235,37.928542
2025-08-09 07:00:00,0.036000000000000004,0.09,24.664,79.231404,4.115,16.815702
2025-08-09 08:00:00,0.051000000000000004,0.183,25.472,161.08678700000002,3.8970000000000002,13.792492
2025-08-09 09:00:00,0.065,0.279,26.171,242.24994800000002,3.925,14.051153000000001
2025-08-09 10:00:00,0.075,0.359,26.772,304.566039,3.379,7.635789
2025-08-09 11:00:00,0.08,0.41100000000000003,27.279,342.750991,2.758,2.8527220000000004
2025-08-09 12:00:00,0.078,0.424,27.658,349.888425,2.22,0.7959539999999999
2025-08-09 13:00:00,0.07,0.398,27.841,326.43463199999997,1.94,0.32245100000000004
2025-08-09 14:00:00,0.053,0.328,27.82,266.833547,1.818,0.20916300000000002
2025-08-09 15:00:00,0.038,0.23800000000000002,27.576,190.820478,1.8250000000000002,0.211751
2025-08-09 16:00:00,0.019,0.131,27.125,96.56450500000001,1.804,0.19797499999999998
2025-08-09 17:00:00,0.007,0.045,26.597,23.088366999999998,1.678,0.112387
2025-08-09 18:00:00,0.001,0.003,25.962,0.0,1.452,0.036771
2025-08-09 19:00:00,0.0,0.0,25.498,0.0,1.513,0.050883000000000005
2025-08-09 20:00:00,0.0,0.0,25.086,0.0,2.581,2.01042
2025-08-09 21:00:00,0.0,0.0,24.732,0.0,3.8609999999999998,13.202235
2025-08-09 22:00:00,0.0,0.0,24.54,0.0,4.484,22.734821
2025-08-09 23:00:00,0.0,0.0,24.323,0.0,4.565,24.168184
2025-08-10 00:00:00,0.0,0.0,24.099,0.0,4.515,23.285978
2025-08-10 01:00:00,0.0,0.0,23.907,0.0,4.353,20.508162
2025-08-10 02:00:00,0.0,0.0,23.761,0.0,4.017,15.325802
2025-08-10 03:00:00,0.0,0.0,23.636,0.0,3.567,9.612216
2025-08-10 04:00:00,0.0,0.0,23.603,0.0,3.183,5.8290500000000005
2025-08-10 05:00:00,0.0,0.0,23.613,0.0,2.798,3.128584
2025-08-10 06:00:00,0.019,0.017,23.821,12.975209999999999,2.388,1.253689
2025-08-10 07:00:00,0.08600000000000001,0.101,24.924,126.190697,1.812,0.20440899999999998
2025-08-10 08:00:00,0.181,0.201,25.987,270.017028,1.326,0.017722
2025-08-10 09:00:00,0.213,0.28500000000000003,27.05,348.254853,1.15,0.00571
2025-08-10 10:00:00,0.211,0.355,27.854,390.88973,1.334,0.018698
2025-08-10 11:00:00,0.211,0.399,28.397,418.456372,1.8559999999999999,0.23536
2025-08-10 12:00:00,0.23,0.40900000000000003,28.742,435.830936,2.426,1.379932
2025-08-10 13:00:00,0.263,0.38,28.925,438.05842099999995,2.936,3.94288
2025-08-10 14:00:00,0.304,0.322,28.945,427.738888,3.342,7.265668
2025-08-10 15:00:00,0.268,0.259,28.678,363.946407,3.696,11.168479
2025-08-10 16:00:00,0.196,0.179,28.16,261.951359,3.789,12.251425999999999
2025-08-10 17:00:00,0.09,0.083,27.386,113.52389500000001,3.959,14.646776
2025-08-10 18:00:00,0.009000000000000001,0.007,26.251,0.0,4.086,16.331725
2025-08-10 19:00:00,0.0,0.0,25.616,0.0,3.665,10.729505
2025-08-10 20:00:00,0.0,0.0,25.419,0.0,3.09,5.068834
2025-08-10 21:00:00,0.0,0.0,25.245,0.0,2.723,2.705594
2025-08-10 22:00:00,0.0,0.0,24.991,0.0,2.747,2.792288
2025-08-10 23:00:00,0.0,0.0,24.684,0.0,2.979,4.299872000000001
2025-08-11 00:00:00,0.0,0.0,24.399,0.0,3.262,6.523072
2025-08-11 01:00:00,0.0,0.0,24.118,0.0,3.564,9.577206
2025-08-11 02:00:00,0.0,0.0,23.904,0.0,3.952,14.544694
2025-08-11 03:00:00,0.0,0.0,23.744,0.0,4.59,24.623522
2025-08-11 04:00:00,0.0,0.0,23.704,0.0,4.817,29.010013999999998
2025-08-11 05:00:00,0.0,0.0,23.678,0.0,4.654,25.977574
2025-08-11 06:00:00,0.013000000000000001,0.016,23.879,8.075714,4.291,19.624272
2025-08-11 07:00:00,0.026000000000000002,0.082,24.911,65.038422,3.425,8.086253
2025-08-11 08:00:00,0.038,0.171,25.707,141.849141,3.022,4.551062
2025-08-11 09:00:00,0.044,0.255,26.331,209.315481,3.038,4.669008
2025-08-11 10:00:00,0.067,0.352,27.005,294.53040999999996,2.888,3.629109
2025-08-11 11:00:00,0.092,0.418,27.685,354.889832,2.61,2.106282
2025-08-11 12:00:00,0.094,0.433,28.171,365.18400199999996,2.308,1.03871
2025-08-11 13:00:00,0.08600000000000001,0.40800000000000003,28.423,343.331458,2.055,0.490682
2025-08-11 14:00:00,0.064,0.336,28.388,278.584606,1.883,0.266571
2025-08-11 15:00:00,0.053,0.254,28.231,212.820248,1.8940000000000001,0.27276799999999995
2025-08-11 16:00:00,0.026000000000000002,0.14200000000000002,27.872,109.795576,2.204,0.776691
2025-08-11 17:00:00,0.014,0.056,27.299,36.446538999999994,2.5789999999999997,2.00536
2025-08-11 18:00:00,0.002,0.005,26.315,0.0,3.286,6.735461
2025-08-11 19:00:00,0.0,0.0,25.673000000000002,0.0,4.117,16.875977
2025-08-11 20:00:00,0.0,0.0,25.251,0.0,4.83,29.207715
2025-08-11 21:00:00,0.0,0.0,24.951,0.0,5.164,36.314998
2025-08-11 22:00:00,0.0,0.0,24.711,0.0,4.967,32.029197
2025-08-11 23:00:00,0.0,0.0,24.549,0.0,4.758,27.787319
2025-08-12 00:00:00,0.0,0.0,24.477,0.0,4.501,23.039629
2025-08-12 01:00:00,0.0,0.0,24.395,0.0,4.189,17.87555
2025-08-12 02:00:00,0.0,0.0,24.288,0.0,3.722,11.509295
2025-08-12 03:00:00,0.0,0.0,24.194,0.0,3.306,6.921970999999999
2025-08-12 04:00:00,0.0,0.0,24.05,0.0,3.291,6.78391
2025-08-12 05:00:00,0.0,0.0,23.899,0.0,3.516,9.050884
2025-08-12 06:00:00,0.003,0.01,23.967,0.0,3.632,10.455558000000002
2025-08-12 07:00:00,0.009000000000000001,0.058,24.797,34.879288,3.372,7.627758
2025-08-12 08:00:00,0.017,0.138,25.474,101.454959,2.725,2.717117
2025-08-12 09:00:00,0.027,0.233,26.166,180.70199,2.766,2.896778
2025-08-12 10:00:00,0.042,0.326,26.91,259.025872,2.939,3.961743
2025-08-12 11:00:00,0.064,0.4,27.598,324.041135,3.058,4.8199939999999994
2025-08-12 12:00:00,0.096,0.441,28.226,371.678827,3.009,4.4521679999999995
2025-08-12 13:00:00,0.097,0.418,28.564,356.60515000000004,2.8890000000000002,3.635647
2025-08-12 14:00:00,0.08,0.354,28.597,301.788838,2.735,2.748645
2025-08-12 15:00:00,0.053,0.256,28.38,214.264398,2.599,2.057937
2025-08-12 16:00:00,0.024,0.14,27.991,106.810225,2.895,3.669971
2025-08-12 17:00:00,0.012,0.055,27.369,33.798731,3.761,11.908399
2025-08-12 18:00:00,0.002,0.005,26.349,0.0,4.865,29.994795999999997
2025-08-12 19:00:00,0.0,0.0,25.754,0.0,5.662,48.505489000000004
2025-08-12 20:00:00,0.0,0.0,25.456,0.0,5.622,47.47002
2025-08-12 21:00:00,0.0,0.0,25.181,0.0,5.401,41.875004999999994
2025-08-12 22:00:00,0.0,0.0,24.926,0.0,5.5280000000000005,45.245338000000004
2025-08-12 23:00:00,0.0,0.0,24.701,0.0,5.946,56.537248
2025-08-13 00:00:00,0.0,0.0,24.572,0.0,6.177,63.3277
2025-08-13 01:00:00,0.0,0.0,24.449,0.0,6.384,69.771566
2025-08-13 02:00:00,0.0,0.0,24.336,0.0,6.321,67.788939
2025-08-13 03:00:00,0.0,0.0,24.241,0.0,5.865,54.056778
2025-08-13 04:00:00,0.0,0.0,24.165,0.0,5.782,51.995614
2025-08-13 05:00:00,0.0,0.0,24.115,0.0,6.256,65.89244500000001
2025-08-13 06:00:00,0.011,0.016,24.285,6.407979,6.53,74.583527
2025-08-13 07:00:00,0.04,0.096,25.29,86.600334,5.323,40.148637
2025-08-13 08:00:00,0.053,0.19,26.144,167.485295,4.957,31.811378
2025-08-13 09:00:00,0.057,0.28,26.951,235.81429699999998,5.097,34.826798000000004
2025-08-13 10:00:00,0.056,0.356,27.749,288.823695,4.877,30.341060000000002
2025-08-13 11:00:00,0.029,0.34700000000000003,28.21,262.668114,4.091,16.404567999999998
2025-08-13 12:00:00,0.016,0.305,28.365,223.077171,3.376,7.63217
2025-08-13 13:00:00,0.011,0.257,28.348,184.161137,3.036,4.6555349999999995
2025-08-13 14:00:00,0.011,0.221,28.267,157.465424,3.218,6.202514
2025-08-13 15:00:00,0.009000000000000001,0.16,28.089,110.457293,3.404,7.881404000000001
2025-08-13 16:00:00,0.007,0.095,27.719,59.559264000000006,3.7199999999999998,11.507562
2025-08-13 17:00:00,0.004,0.035,27.102,13.905531000000002,4.332,20.157957999999997
2025-08-13 18:00:00,0.001,0.003,26.319,0.0,5.349,40.62418
2025-08-13 19:00:00,0.0,0.0,25.934,0.0,5.676,48.883505
2025-08-13 20:00:00,0.0,0.0,25.701,0.0,5.725,50.187858
2025-08-13 21:00:00,0.0,0.0,25.489,0.0,5.277,39.072911999999995
2025-08-13 22:00:00,0.0,0.0,25.323,0.0,4.5120000000000005,23.226739000000002
2025-08-13 23:00:00,0.0,0.0,25.124,0.0,3.915,13.913629
2025-08-14 00:00:00,0.0,0.0,24.937,0.0,3.46,8.544438
2025-08-14 01:00:00,0.0,0.0,24.752,0.0,3.497,8.935669
2025-08-14 02:00:00,0.0,0.0,24.576999999999998,0.0,4.167,17.544665000000002
2025-08-14 03:00:00,0.0,0.0,24.491,0.0,4.812,29.003258000000002
2025-08-14 04:00:00,0.0,0.0,24.45,0.0,4.912,30.871332
2025-08-14 05:00:00,0.0,0.0,24.436,0.0,4.466,22.416279
2025-08-14 06:00:00,0.002,0.009000000000000001,24.558,0.0,3.621,10.324515
2025-08-14 07:00:00,0.008,0.057,25.333,32.987946,2.8200000000000003,3.206638
2025-08-14 08:00:00,0.013000000000000001,0.132,25.914,93.087673,2.269,0.9155639999999999
2025-08-14 09:00:00,0.019,0.215,26.386,160.45262100000002,2.3689999999999998,1.1947940000000001
2025-08-14 10:00:00,0.028,0.306,26.892,233.989407,2.88,3.578746
2025-08-14 11:00:00,0.041,0.38,27.408,295.124622,3.732,11.544727
2025-08-14 12:00:00,0.055,0.417,27.832,329.494247,4.105,16.604792
2025-08-14 13:00:00,0.067,0.41300000000000003,28.167,334.470626,3.9859999999999998,14.886323
2025-08-14 14:00:00,0.037,0.318,28.151,248.022933,3.429,8.131603
2025-08-14 15:00:00,0.011,0.17500000000000002,27.736,123.792953,3.544,9.356831
2025-08-14 16:00:00,0.004,0.075,27.048,43.049818,4.322,19.99139
2025-08-14 17:00:00,0.002,0.025,26.367,6.5045910000000005,4.405,21.524718
2025-08-14 18:00:00,0.0,0.002,25.758,0.0,4.174,17.657356
2025-08-14 19:00:00,0.0,0.0,25.466,0.0,4.028,15.603159999999999
2025-08-14 20:00:00,0.0,0.0,25.291,0.0,4.619,25.303167000000002
2025-08-14 21:00:00,0.0,0.0,25.139,0.0,5.232,37.850943
2025-08-14 22:00:00,0.0,0.0,24.993,0.0,5.4030000000000005,41.928830000000005
2025-08-14 23:00:00,0.0,0.0,24.859,0.0,5.429,42.552057
2025-08-15 00:00:00,0.0,0.0,24.724,0.0,5.616,47.306247000000006
2025-08-15 01:00:00,0.0,0.0,24.613,0.0,5.872,54.264528
2025-08-15 02:00:00,0.0,0.0,24.554,0.0,5.88,54.491628
2025-08-15 03:00:00,0.0,0.0,24.548000000000002,0.0,5.99,57.641684
2025-08-15 04:00:00,0.0,0.0,24.574,0.0,6.415,70.915219
2025-08-15 05:00:00,0.0,0.0,24.538,0.0,6.305,67.23421499999999
2025-08-15 06:00:00,0.002,0.008,24.584,0.0,6.223,64.737123
2025-08-15 07:00:00,0.006,0.052000000000000005,25.107,27.39005,5.665,48.580767
2025-08-15 08:00:00,0.008,0.112,25.531,74.28902599999999,4.998,32.687934
2025-08-15 09:00:00,0.01,0.179,25.962,127.02880499999999,5.439,42.802378
2025-08-15 10:00:00,0.013000000000000001,0.25,26.354,182.358952,6.284,66.55932700000001
2025-08-15 11:00:00,0.015,0.30000000000000004,26.723,220.555801,6.549,75.235735
2025-08-15 12:00:00,0.016,0.318,26.934,234.19106599999998,6.647,78.55775100000001
2025-08-15 13:00:00,0.016,0.303,26.987,223.245833,6.549,75.220147
2025-08-15 14:00:00,0.014,0.248,26.916,180.739336,5.767,51.349241
2025-08-15 15:00:00,0.012,0.182,26.79,130.225797,4.425,21.722487
2025-08-15 16:00:00,0.007,0.1,26.537,64.359756,3.058,4.820265999999999
2025-08-15 17:00:00,0.003,0.034,26.109,13.47238,2.826,3.2415540000000003
2025-08-15 18:00:00,0.0,0.002,25.494,0.0,3.387,7.70865
2025-08-15 19:00:00,0.0,0.0,25.078,0.0,4.292,19.625283
2025-08-15 20:00:00,0.0,0.0,24.838,0.0,4.86,29.810284
2025-08-15 21:00:00,0.0,0.0,24.669,0.0,5.346,40.550544
2025-08-15 22:00:00,0.0,0.0,24.523,0.0,5.801,52.505855000000004
2025-08-15 23:00:00,0.0,0.0,24.378,0.0,5.707,49.956035
2025-08-16 00:00:00,0.0,0.0,24.198,0.0,5.125,35.438419
2025-08-16 01:00:00,0.0,0.0,23.988,0.0,4.611,25.042484
2025-08-16 02:00:00,0.0,0.0,23.804,0.0,4.4879999999999995,22.811697
2025-08-16 03:00:00,0.0,0.0,23.634,0.0,4.49,22.831176
2025-08-16 04:00:00,0.0,0.0,23.497,0.0,4.434,21.864608
2025-08-16 05:00:00,0.0,0.0,23.372,0.0,4.452,22.179033
2025-08-16 06:00:00,0.017,0.018000000000000002,23.543,11.800671,4.454,22.214402999999997
2025-08-16 07:00:00,0.046,0.095,24.488,91.126479,3.6790000000000003,10.900459000000001
2025-08-16 08:00:00,0.065,0.192,25.204,179.002656,3.626,10.385901
2025-08-16 09:00:00,0.076,0.28600000000000003,25.89,255.670052,3.926,14.055771
2025-08-16 10:00:00,0.096,0.373,26.51,329.670005,3.877,13.51786
2025-08-16 11:00:00,0.099,0.426,27.014,366.000931,3.383,7.668742
2025-08-16 12:00:00,0.07100000000000001,0.421,27.269,343.30116499999997,2.792,3.091862
2025-08-16 13:00:00,0.048,0.373,27.282,295.088563,2.6390000000000002,2.240695
2025-08-16 14:00:00,0.031,0.292,27.06,225.242231,2.918,3.8238600000000003
2025-08-16 15:00:00,0.018000000000000002,0.195,26.649,144.978601,3.126,5.381869
2025-08-16 16:00:00,0.011,0.11,26.18,75.55691800000001,3.146,5.517804
2025-08-16 17:00:00,0.006,0.042,25.666,20.945853,3.056,4.800936
2025-08-16 18:00:00,0.001,0.003,25.005,0.0,3.031,4.618011999999999
2025-08-16 19:00:00,0.0,0.0,24.599,0.0,3.106,5.190008
2025-08-16 20:00:00,0.0,0.0,24.358,0.0,3.425,8.092756999999999
2025-08-16 21:00:00,0.0,0.0,24.139,0.0,4.028,15.583859
2025-08-16 22:00:00,0.0,0.0,23.977,0.0,4.341,20.304108
2025-08-16 23:00:00,0.0,0.0,23.84,0.0,4.367,20.834736
2025-08-17 00:00:00,0.0,0.0,23.705,0.0,4.319,19.951469
2025-08-17 01:00:00,0.0,0.0,23.579,0.0,4.13,17.115162
2025-08-17 02:00:00,0.0,0.0,23.468,0.0,3.685,10.97508
2025-08-17 03:00:00,0.0,0.0,23.433,0.0,3.057,4.808715
2025-08-17 04:00:00,0.0,0.0,23.493,0.0,2.456,1.5127460000000001
2025-08-17 05:00:00,0.0,0.0,23.581,0.0,1.959,0.35404800000000003
2025-08-17 06:00:00,0.005,0.011,23.747,0.15837,1.6600000000000001,0.107058
2025-08-17 07:00:00,0.016,0.07200000000000001,24.345,50.637243000000005,1.521,0.053003
2025-08-17 08:00:00,0.032,0.165,25.064,133.542348,1.736,0.144662
2025-08-17 09:00:00,0.054,0.272,25.86,229.84596900000003,2.039,0.465537
2025-08-17 10:00:00,0.088,0.372,26.788,322.731282,2.583,2.012451
2025-08-17 11:00:00,0.114,0.433,27.481,380.12116399999996,3.11,5.230446
2025-08-17 12:00:00,0.105,0.444,27.835,380.379126,3.325,7.104344
2025-08-17 13:00:00,0.081,0.41000000000000003,27.954,341.843813,3.37,7.625197
2025-08-17 14:00:00,0.052000000000000005,0.33,27.824,266.80821999999995,3.438,8.221381
2025-08-17 15:00:00,0.024,0.212,27.383,161.428808,3.576,9.710557000000001
2025-08-17 16:00:00,0.013000000000000001,0.115,26.836,79.766473,3.382,7.653736
2025-08-17 17:00:00,0.006,0.04,26.278,19.168929,3.385,7.690732
2025-08-17 18:00:00,0.001,0.003,25.658,0.0,4.048,15.770121999999999
2025-08-17 19:00:00,0.0,0.0,25.296,0.0,4.58,24.438877
2025-08-17 20:00:00,0.0,0.0,25.092,0.0,4.764,27.908313
2025-08-17 21:00:00,0.0,0.0,24.903,0.0,4.704,26.758526000000003
2025-08-17 22:00:00,0.0,0.0,24.692,0.0,4.615,25.173830000000002
2025-08-17 23:00:00,0.0,0.0,24.489,0.0,4.705,26.765005000000002
2025-08-18 00:00:00,0.0,0.0,24.307,0.0,4.758,27.798952
2025-08-18 01:00:00,0.0,0.0,24.148,0.0,4.549,23.903586
2025-08-18 02:00:00,0.0,0.0,23.994,0.0,4.22,18.365330999999998
2025-08-18 03:00:00,0.0,0.0,23.887,0.0,3.7960000000000003,12.344897000000001
2025-08-18 04:00:00,0.0,0.0,23.795,0.0,3.482,8.770779000000001
2025-08-18 05:00:00,0.0,0.0,23.701,0.0,3.289,6.770898
2025-08-18 06:00:00,0.004,0.011,23.812,0.0,2.856,3.423617
2025-08-18 07:00:00,0.016,0.07200000000000001,24.521,49.93048,2.49,1.609046
2025-08-18 08:00:00,0.033,0.168,25.181,136.280585,2.875,3.541524
2025-08-18 09:00:00,0.044,0.263,25.839,215.570753,3.545,9.362651
2025-08-18 10:00:00,0.047,0.336,26.463,269.857877,4.017,15.328873
2025-08-18 11:00:00,0.045,0.378,26.881,297.343044,4.418,21.627439
2025-08-18 12:00:00,0.043000000000000003,0.387,27.102,301.64286200000004,4.8260000000000005,29.135758000000003
2025-08-18 13:00:00,0.053,0.385,27.283,306.45759999999996,5.183,36.731107
2025-08-18 14:00:00,0.052000000000000005,0.331,27.293,268.31917599999997,5.368,41.065033
2025-08-18 15:00:00,0.041,0.243,27.111,196.884026,5.089,34.633568
2025-08-18 16:00:00,0.026000000000000002,0.14300000000000002,26.744,111.487429,4.448,22.117892
2025-08-18 17:00:00,0.012,0.053,26.182,32.418313999999995,4.139,17.262665000000002
2025-08-18 18:00:00,0.001,0.004,25.376,0.0,4.326,20.062019
2025-08-18 19:00:00,0.0,0.0,24.932,0.0,4.241,18.687865000000002
2025-08-18 20:00:00,0.0,0.0,24.676,0.0,4.23,18.519678
2025-08-18 21:00:00,0.0,0.0,24.441,0.0,4.172,17.620279
2025-08-18 22:00:00,0.0,0.0,24.18,0.0,3.941,14.276148
2025-08-18 23:00:00,0.0,0.0,23.901,0.0,3.816,12.603162000000001
2025-08-19 00:00:00,0.0,0.0,23.646,0.0,3.768,11.997571
2025-08-19 01:00:00,0.0,0.0,23.432,0.0,3.575,9.702058999999998
2025-08-19 02:00:00,0.0,0.0,23.277,0.0,3.16,5.630253
2025-08-19 03:00:00,0.0,0.0,23.155,0.0,2.848,3.375116
2025-08-19 04:00:00,0.0,0.0,22.984,0.0,3.062,4.853041
2025-08-19 05:00:00,0.0,0.0,22.818,0.0,3.642,10.548805
2025-08-19 06:00:00,0.033,0.019,23.062,24.357024000000003,3.454,8.478744
2025-08-19 07:00:00,0.155,0.11,24.398,185.912121,2.136,0.619694
2025-08-19 08:00:00,0.264,0.202,25.742,329.06757400000004,1.974,0.36422000000000004
2025-08-19 09:00:00,0.264,0.28700000000000003,26.991,383.856396,3.065,4.873799
2025-08-19 10:00:00,0.23,0.365,27.734,410.503114,3.6630000000000003,10.715461999999999
2025-08-19 11:00:00,0.179,0.419,28.24,411.653929,3.589,9.859758
2025-08-19 12:00:00,0.131,0.433,28.612,388.56986800000004,3.133,5.407881000000001
2025-08-19 13:00:00,0.08600000000000001,0.396,28.792,334.038876,2.573,1.980132
2025-08-19 14:00:00,0.059000000000000004,0.322,28.785,265.07635100000005,2.358,1.1657270000000002
2025-08-19 15:00:00,0.048,0.24,28.656,198.144398,2.536,1.823335
2025-08-19 16:00:00,0.032,0.14200000000000002,28.358,114.022388,2.926,3.878248
2025-08-19 17:00:00,0.018000000000000002,0.057,27.708,39.861323,3.543,9.336836
2025-08-19 18:00:00,0.002,0.004,26.655,0.0,4.16,17.436986
2025-08-19 19:00:00,0.0,0.0,26.111,0.0,4.554,23.972129000000002
2025-08-19 20:00:00,0.0,0.0,25.826,0.0,4.617,25.250682
2025-08-19 21:00:00,0.0,0.0,25.596,0.0,4.695,26.579237000000003
2025-08-19 22:00:00,0.0,0.0,25.345,0.0,4.96,31.876417
2025-08-19 23:00:00,0.0,0.0,25.077,0.0,4.995,32.607296999999996
2025-08-20 00:00:00,0.0,0.0,24.871,0.0,5.002,32.765934
2025-08-20 01:00:00,0.0,0.0,24.715,0.0,4.983,32.356004
2025-08-20 02:00:00,0.0,0.0,24.581,0.0,5.01,32.932978999999996
2025-08-20 03:00:00,0.0,0.0,24.444,0.0,4.983,32.362584999999996
2025-08-20 04:00:00,0.0,0.0,24.329,0.0,4.883,30.416385
2025-08-20 05:00:00,0.0,0.0,24.214,0.0,4.744,27.528164
2025-08-20 06:00:00,0.011,0.015,24.299,5.529954,4.582,24.487568
2025-08-20 07:00:00,0.04,0.091,25.389,82.90922900000001,3.847,13.002073000000001
2025-08-20 08:00:00,0.065,0.191,26.111,177.150402,3.68,10.911004
2025-08-20 09:00:00,0.082,0.28800000000000003,26.821,259.687267,3.959,14.644401
2025-08-20 10:00:00,0.098,0.371,27.564,327.635553,3.954,14.567047
2025-08-20 11:00:00,0.114,0.427,28.205,374.55681699999997,3.941,14.268787
2025-08-20 12:00:00,0.112,0.443,28.59,382.86587099999997,4.252,18.860326
2025-08-20 13:00:00,0.07100000000000001,0.394,28.606,323.195973,4.768,27.992522
2025-08-20 14:00:00,0.061,0.335,28.484,275.912354,5.123,35.399589
2025-08-20 15:00:00,0.036000000000000004,0.231,28.177,183.43772700000002,4.906,30.756241999999997
2025-08-20 16:00:00,0.017,0.121,27.659,87.04892699999999,4.814,29.005304
2025-08-20 17:00:00,0.014,0.054,27.054,34.916341,4.686,26.417938999999997
2025-08-20 18:00:00,0.002,0.004,26.218,0.0,5.012,32.982468999999995
2025-08-20 19:00:00,0.0,0.0,25.696,0.0,5.112,35.149682999999996
2025-08-20 20:00:00,0.0,0.0,25.432,0.0,5.347,40.570409
2025-08-20 21:00:00,0.0,0.0,25.238,0.0,5.47,43.578714
2025-08-20 22:00:00,0.0,0.0,25.022,0.0,5.554,45.926769
2025-08-20 23:00:00,0.0,0.0,24.839,0.0,6.303,67.16806
2025-08-21 00:00:00,0.0,0.0,24.714,0.0,7.441,108.479569
2025-08-21 01:00:00,0.0,0.0,24.586,0.0,7.101,95.27285400000001
2025-08-21 02:00:00,0.0,0.0,24.457,0.0,4.824,29.091181
2025-08-21 03:00:00,0.0,0.0,24.384,0.0,4.294,19.628783
2025-08-21 04:00:00,0.0,0.0,24.323,0.0,5.807,52.516552000000004
2025-08-21 05:00:00,0.0,0.0,24.324,0.0,6.06,59.712136
2025-08-21 06:00:00,0.002,0.009000000000000001,24.416,0.0,5.372,41.169671
2025-08-21 07:00:00,0.007,0.056,25.061,31.515896,4.423,21.67743
2025-08-21 08:00:00,0.009000000000000001,0.121,25.611,82.57072199999999,3.7039999999999997,11.315535
2025-08-21 09:00:00,0.011,0.189,26.259,134.920138,4.425,21.715301
2025-08-21 10:00:00,0.01,0.228,26.65,163.288139,5.103,34.9617
2025-08-21 11:00:00,0.01,0.26,26.926,187.230202,5.423,42.411087
2025-08-21 12:00:00,0.012,0.293,27.197,213.13571100000001,5.048,33.954019
2025-08-21 13:00:00,0.014,0.291,27.395,212.667791,4.17,17.590741
2025-08-21 14:00:00,0.012,0.24,27.455,173.12425,3.257,6.477976
2025-08-21 15:00:00,0.009000000000000001,0.167,27.355,116.03408900000001,2.549,1.878115
2025-08-21 16:00:00,0.007,0.097,27.134,61.047069,2.23,0.8189740000000001
2025-08-21 17:00:00,0.004,0.036000000000000004,26.716,14.987622,2.691,2.504426
2025-08-21 18:00:00,0.001,0.003,25.963,0.0,3.537,9.278511
2025-08-21 19:00:00,0.0,0.0,25.503,0.0,4.473,22.535003
2025-08-21 20:00:00,0.0,0.0,25.265,0.0,4.812,29.002354999999998
2025-08-21 21:00:00,0.0,0.0,25.023,0.0,4.865,29.999897
2025-08-21 22:00:00,0.0,0.0,24.794,0.0,5.0,32.714039
2025-08-21 23:00:00,0.0,0.0,24.591,0.0,5.144,35.864349000000004
2025-08-22 00:00:00,0.0,0.0,24.434,0.0,5.2780000000000005,39.109921
2025-08-22 01:00:00,0.0,0.0,24.299,0.0,5.421,42.361021
2025-08-22 02:00:00,0.0,0.0,24.201,0.0,5.493,44.138993
2025-08-22 03:00:00,0.0,0.0,24.082,0.0,5.479,43.790763
2025-08-22 04:00:00,0.0,0.0,23.984,0.0,5.388,41.556112999999996
2025-08-22 05:00:00,0.0,0.0,23.87,0.0,5.161,36.249517
2025-08-22 06:00:00,0.008,0.013000000000000001,23.998,2.974064,4.804,28.87688
2025-08-22 07:00:00,0.029,0.081,24.935,67.144788,3.871,13.441504
2025-08-22 08:00:00,0.06,0.183,25.682,168.243905,3.629,10.418472
2025-08-22 09:00:00,0.101,0.289,26.598,274.66667,4.025,15.516303
2025-08-22 10:00:00,0.145,0.373,27.498,360.68445899999995,4.142,17.297103
2025-08-22 11:00:00,0.2,0.419,28.222,424.318126,4.064,16.000204
2025-08-22 12:00:00,0.265,0.421,28.832,464.227234,3.5789999999999997,9.742747
2025-08-22 13:00:00,0.251,0.403,29.114,444.104854,3.253,6.440609
2025-08-22 14:00:00,0.184,0.358,28.929,373.64688299999995,3.738,11.620505999999999
2025-08-22 15:00:00,0.117,0.274,28.565,271.809108,3.894,13.748614
2025-08-22 16:00:00,0.061,0.164,28.085,152.568757,3.533,9.230398
2025-08-22 17:00:00,0.023,0.061,27.432,46.766887000000004,3.392,7.75664
2025-08-22 18:00:00,0.002,0.004,26.399,0.0,3.66,10.675058000000002
2025-08-22 19:00:00,0.0,0.0,25.74,0.0,4.438,21.943458999999997
2025-08-22 20:00:00,0.0,0.0,25.382,0.0,5.318,40.090927
2025-08-22 21:00:00,0.0,0.0,25.124,0.0,5.948,56.645309999999995
2025-08-22 22:00:00,0.0,0.0,24.945,0.0,6.148,62.349317
2025-08-22 23:00:00,0.0,0.0,24.748,0.0,5.842,53.426702
2025-08-23 00:00:00,0.0,0.0,24.562,0.0,5.435,42.702501
2025-08-23 01:00:00,0.0,0.0,24.38,0.0,5.182,36.719774
2025-08-23 02:00:00,0.0,0.0,24.236,0.0,4.761,27.861635999999997
2025-08-23 03:00:00,0.0,0.0,24.144,0.0,4.444,22.049593
2025-08-23 04:00:00,0.0,0.0,24.061,0.0,4.7059999999999995,26.787501
2025-08-23 05:00:00,0.0,0.0,23.926,0.0,5.119,35.305211
2025-08-23 06:00:00,0.001,0.007,23.983,0.0,4.871,30.228481
2025-08-23 07:00:00,0.004,0.046,24.682,22.235909,4.095,16.462512
2025-08-23 08:00:00,0.009000000000000001,0.116,25.316,77.631154,2.732,2.745649
2025-08-23 09:00:00,0.014,0.202,26.003,146.976035,2.025,0.438176
2025-08-23 10:00:00,0.018000000000000002,0.277,26.702,205.662587,1.604,0.079981
2025-08-23 11:00:00,0.021,0.326,27.187,242.92758600000002,1.092,0.00342
2025-08-23 12:00:00,0.02,0.335,27.46,248.280925,0.901,0.000354
2025-08-23 13:00:00,0.017,0.301,27.496,221.684686,1.038,0.002276
2025-08-23 14:00:00,0.015,0.251,27.43,183.757157,1.369,0.024012000000000002
2025-08-23 15:00:00,0.013000000000000001,0.187,27.245,134.699934,1.8050000000000002,0.198883
2025-08-23 16:00:00,0.009000000000000001,0.108,26.913,71.931425,2.399,1.289365
2025-08-23 17:00:00,0.006,0.042,26.445,20.463616000000002,2.94,3.968039
2025-08-23 18:00:00,0.001,0.003,25.661,0.0,3.399,7.825197
2025-08-23 19:00:00,0.0,0.0,25.227,0.0,3.392,7.752345
2025-08-23 20:00:00,0.0,0.0,24.991,0.0,3.347,7.318548
2025-08-23 21:00:00,0.0,0.0,24.784,0.0,3.62,10.313003
2025-08-23 22:00:00,0.0,0.0,24.596,0.0,4.26,18.99614
2025-08-23 23:00:00,0.0,0.0,24.462,0.0,4.808,28.96875
2025-08-24 00:00:00,0.0,0.0,24.309,0.0,4.94,31.462893
2025-08-24 01:00:00,0.0,0.0,24.127,0.0,4.805,28.901949000000002
2025-08-24 02:00:00,0.0,0.0,24.009,0.0,4.625,25.434629
2025-08-24 03:00:00,0.0,0.0,23.943,0.0,4.164,17.505095
2025-08-24 04:00:00,0.0,0.0,23.945,0.0,3.257,6.4747650000000005
2025-08-24 05:00:00,0.0,0.0,24.023,0.0,2.778,3.0015650000000003
2025-08-24 06:00:00,0.004,0.01,24.017,0.0,3.258,6.483277
2025-08-24 07:00:00,0.012,0.062,24.692,39.769745,3.942,14.300040999999998
2025-08-24 08:00:00,0.029,0.153,25.259,122.498688,3.685,10.971605
2025-08-24 09:00:00,0.10400000000000001,0.29,26.044,277.813338,3.732,11.540294
2025-08-24 10:00:00,0.272,0.362,27.214,436.109287,3.848,13.023409
2025-08-24 11:00:00,0.375,0.37,28.129,501.360815,3.754,11.821899
2025-08-24 12:00:00,0.399,0.371,28.696,514.628325,3.571,9.646689
2025-08-24 13:00:00,0.34900000000000003,0.373,28.948,485.407368,3.429,8.131554
2025-08-24 14:00:00,0.229,0.354,28.886,399.911787,3.489,8.845295
2025-08-24 15:00:00,0.107,0.272,28.459,264.24352899999997,3.684,10.963306000000001
2025-08-24 16:00:00,0.036000000000000004,0.146,27.818,120.429565,3.7640000000000002,11.943138000000001
2025-08-24 17:00:00,0.014,0.052000000000000005,27.119,33.709176,3.851,13.057793
2025-08-24 18:00:00,0.001,0.003,26.284,0.0,4.438,21.942814
2025-08-24 19:00:00,0.0,0.0,25.77,0.0,5.212,37.396741
2025-08-24 20:00:00,0.0,0.0,25.499,0.0,5.101,34.908679
2025-08-24 21:00:00,0.0,0.0,25.285,0.0,5.027,33.438911999999995
2025-08-24 22:00:00,0.0,0.0,25.14,0.0,5.044,33.855032
2025-08-24 23:00:00,0.0,0.0,24.948,0.0,5.095,34.777832000000004
2025-08-25 00:00:00,0.0,0.0,24.772,0.0,5.146,35.905665
2025-08-25 01:00:00,0.0,0.0,24.601,0.0,5.18,36.684302
2025-08-25 02:00:00,0.0,0.0,24.454,0.0,5.413,42.156559
2025-08-25 03:00:00,0.0,0.0,24.347,0.0,5.451,43.329349
2025-08-25 04:00:00,0.0,0.0,24.292,0.0,5.432,42.640184999999995
2025-08-25 05:00:00,0.0,0.0,24.313,0.0,5.475,43.706421999999996
2025-08-25 06:00:00,0.005,0.012,24.548000000000002,0.685604,6.03,59.066864
2025-08-25 07:00:00,0.02,0.078,25.372,57.801493,5.772,51.521532
2025-08-25 08:00:00,0.031,0.167,26.154,133.732247,5.517,44.763954
2025-08-25 09:00:00,0.048,0.272,27.094,223.57878200000002,6.714,81.080784
2025-08-25 10:00:00,0.067,0.366,27.919,302.551479,6.681,79.736075
2025-08-25 11:00:00,0.076,0.426,28.571,347.810075,5.956,56.911955
2025-08-25 12:00:00,0.051000000000000004,0.41000000000000003,28.941,320.309836,5.276,39.020238
2025-08-25 13:00:00,0.032,0.352,29.058,267.14676000000003,4.76,27.838302
2025-08-25 14:00:00,0.014,0.242,28.823,175.023383,4.871,30.224328
2025-08-25 15:00:00,0.007,0.146,28.473,98.18184600000001,5.028,33.499303
2025-08-25 16:00:00,0.005,0.08,28.082,46.718545,4.677,26.248953
2025-08-25 17:00:00,0.003,0.029,27.634,9.433156,4.42,21.630226999999998
2025-08-25 18:00:00,0.0,0.002,27.077,0.0,4.659,26.068363
2025-08-25 19:00:00,0.0,0.0,26.842,0.0,5.27,38.743961000000006
2025-08-25 20:00:00,0.0,0.0,26.699,0.0,5.386,41.516817
2025-08-25 21:00:00,0.0,0.0,26.55,0.0,4.954,31.759593000000002
2025-08-25 22:00:00,0.0,0.0,26.43,0.0,4.565,24.1772
2025-08-25 23:00:00,0.0,0.0,26.302,0.0,4.008,15.20504
2025-08-26 00:00:00,0.0,0.0,26.18,0.0,3.87,13.431139
2025-08-26 01:00:00,0.0,0.0,26.103,0.0,4.326,20.061394
2025-08-26 02:00:00,0.0,0.0,26.017,0.0,4.358,20.591963
2025-08-26 03:00:00,0.0,0.0,25.901,0.0,4.304,19.705693
2025-08-26 04:00:00,0.0,0.0,25.823,0.0,4.156,17.431607
2025-08-26 05:00:00,0.0,0.0,25.73,0.0,4.04,15.662297
2025-08-26 06:00:00,0.004,0.011,25.793,0.0,3.896,13.779263
2025-08-26 07:00:00,0.015,0.074,26.687,50.682860999999995,3.4130000000000003,7.9655569999999996
2025-08-26 08:00:00,0.015,0.14200000000000002,27.223,101.374669,3.072,4.924624
2025-08-26 09:00:00,0.009000000000000001,0.17400000000000002,27.461,122.00361199999999,3.462,8.567459000000001
2025-08-26 10:00:00,0.011,0.23500000000000001,27.698,168.522706,3.92,13.978823
2025-08-26 11:00:00,0.014,0.294,27.972,213.968788,4.6370000000000005,25.661258
2025-08-26 12:00:00,0.013000000000000001,0.298,28.122,215.726433,5.322,40.146175
2025-08-26 13:00:00,0.012,0.269,28.179,193.64980300000002,5.487,43.991594
2025-08-26 14:00:00,0.012,0.23800000000000002,28.179,171.56779600000002,5.139,35.7581
2025-08-26 15:00:00,0.009000000000000001,0.162,28.002,111.936067,4.233,18.560681
2025-08-26 16:00:00,0.006,0.094,27.775,59.182365,2.975,4.273442
2025-08-26 17:00:00,0.003,0.031,27.382,10.72518,2.567,1.953952
2025-08-26 18:00:00,0.0,0.002,26.737,0.0,3.126,5.381318
2025-08-26 19:00:00,0.0,0.0,26.399,0.0,3.277,6.658123
2025-08-26 20:00:00,0.0,0.0,26.288,0.0,2.581,2.011143
2025-08-26 21:00:00,0.0,0.0,26.191,0.0,2.206,0.782663
2025-08-26 22:00:00,0.0,0.0,25.93,0.0,2.627,2.187424
2025-08-26 23:00:00,0.0,0.0,25.653,0.0,3.365,7.527093
2025-08-27 00:00:00,0.0,0.0,25.474,0.0,3.991,14.960384
2025-08-27 01:00:00,0.0,0.0,25.347,0.0,4.57,24.272745999999998
2025-08-27 02:00:00,0.0,0.0,25.214,0.0,4.9,30.630515
2025-08-27 03:00:00,0.0,0.0,25.107,0.0,5.065,34.317345
2025-08-27 04:00:00,0.0,0.0,25.022,0.0,4.932,31.301775000000003
2025-08-27 05:00:00,0.0,0.0,24.95,0.0,5.162,36.27485
2025-08-27 06:00:00,0.006,0.012,25.079,1.1080519999999998,5.489,44.060462
2025-08-27 07:00:00,0.022,0.079,25.955,59.809503,4.525,23.554324
2025-08-27 08:00:00,0.042,0.18,26.706,151.759693,3.686,10.989983
2025-08-27 09:00:00,0.053,0.276,27.408,229.431152,3.768,11.987615
2025-08-27 10:00:00,0.061,0.358,28.032,293.066822,3.696,11.165026
2025-08-27 11:00:00,0.067,0.41500000000000004,28.515,334.911973,3.68,10.912303
2025-08-27 12:00:00,0.048,0.403,28.689,314.00584999999995,3.64,10.546327
2025-08-27 13:00:00,0.032,0.34700000000000003,28.683,263.829342,3.026,4.578395
2025-08-27 14:00:00,0.021,0.268,28.558,199.11103400000002,2.032,0.45551200000000003
2025-08-27 15:00:00,0.012,0.171,28.265,120.76422,1.6440000000000001,0.09989
2025-08-27 16:00:00,0.008,0.095,27.921,60.321735000000004,1.788,0.184417
2025-08-27 17:00:00,0.005,0.036000000000000004,27.379,15.097187,2.09,0.549087
2025-08-27 18:00:00,0.001,0.002,26.671,0.0,2.478,1.593945
2025-08-27 19:00:00,0.0,0.0,26.194,0.0,3.097,5.123819
2025-08-27 20:00:00,0.0,0.0,25.885,0.0,3.914,13.900057
2025-08-27 21:00:00,0.0,0.0,25.706,0.0,4.5969999999999995,24.759978999999998
2025-08-27 22:00:00,0.0,0.0,25.539,0.0,5.232,37.862589
2025-08-27 23:00:00,0.0,0.0,25.33,0.0,5.435,42.698937
2025-08-28 00:00:00,0.0,0.0,25.111,0.0,5.427,42.519688
2025-08-28 01:00:00,0.0,0.0,24.937,0.0,5.343,40.474565999999996
2025-08-28 02:00:00,0.0,0.0,24.807,0.0,5.237,37.980715
2025-08-28 03:00:00,0.0,0.0,24.694,0.0,5.274,38.903206
2025-08-28 04:00:00,0.0,0.0,24.629,0.0,5.353,40.702073
2025-08-28 05:00:00,0.0,0.0,24.618,0.0,5.415,42.214176
2025-08-28 06:00:00,0.006,0.012,24.776,0.867632,5.293,39.510076
2025-08-28 07:00:00,0.017,0.075,25.694,53.081917000000004,4.541,23.891541
2025-08-28 08:00:00,0.02,0.15,26.326,111.936948,4.122,17.002601
2025-08-28 09:00:00,0.02,0.219,26.822,164.004094,4.765,27.933793
2025-08-28 10:00:00,0.018000000000000002,0.272,27.286,201.971816,4.773,28.150165
2025-08-28 11:00:00,0.018000000000000002,0.311,27.601,229.836816,4.41,21.61293
2025-08-28 12:00:00,0.016,0.307,27.685,225.24492800000002,4.074,16.146682000000002
2025-08-28 13:00:00,0.017,0.297,27.722,218.323719,3.7880000000000003,12.244498
2025-08-28 14:00:00,0.02,0.267,27.733,198.424362,3.733,11.559156999999999
2025-08-28 15:00:00,0.021,0.21,27.673000000000002,157.14526999999998,3.574,9.684681000000001
2025-08-28 16:00:00,0.017,0.128,27.445,92.507984,2.982,4.309814
2025-08-28 17:00:00,0.01,0.049,27.004,28.613432,2.636,2.228676
2025-08-28 18:00:00,0.001,0.003,26.223,0.0,3.321,7.069347
2025-08-28 19:00:00,0.0,0.0,25.733,0.0,3.654,10.611233
2025-08-28 20:00:00,0.0,0.0,25.554,0.0,3.072,4.9237269999999995
2025-08-28 21:00:00,0.0,0.0,25.465,0.0,2.409,1.322923
2025-08-28 22:00:00,0.0,0.0,25.181,0.0,2.779,3.0086999999999997
2025-08-28 23:00:00,0.0,0.0,24.837,0.0,3.864,13.272692
2025-08-29 00:00:00,0.0,0.0,24.655,0.0,4.59,24.622273
2025-08-29 01:00:00,0.0,0.0,24.479,0.0,4.699,26.653239000000003
2025-08-29 02:00:00,0.0,0.0,24.331,0.0,4.642,25.749518
2025-08-29 03:00:00,0.0,0.0,24.274,0.0,4.471,22.516357
2025-08-29 04:00:00,0.0,0.0,24.218,0.0,4.461,22.335153
2025-08-29 05:00:00,0.0,0.0,24.189,0.0,4.623,25.402299
2025-08-29 06:00:00,0.005,0.01,24.301,0.0,4.709,26.846317
2025-08-29 07:00:00,0.022,0.075,25.137,56.467192000000004,4.068,16.069301
2025-08-29 08:00:00,0.058,0.185,25.873,167.935788,3.251,6.419885
2025-08-29 09:00:00,0.083,0.28500000000000003,26.732,258.7332,3.089,5.059209
2025-08-29 10:00:00,0.107,0.372,27.563,334.556166,2.831,3.274656
2025-08-29 11:00:00,0.109,0.42,28.189,366.18721999999997,3.036,4.657640000000001
2025-08-29 12:00:00,0.123,0.438,28.579,386.383065,3.4859999999999998,8.819137000000001
2025-08-29 13:00:00,0.165,0.421,28.87,401.779296,3.789,12.257173
2025-08-29 14:00:00,0.179,0.364,28.983,374.43675,3.525,9.140469
2025-08-29 15:00:00,0.137,0.278,28.823,288.64009100000004,3.119,5.362562
2025-08-29 16:00:00,0.079,0.171,28.372,170.902392,2.718,2.679581
2025-08-29 17:00:00,0.03,0.064,27.705,53.780285000000006,2.529,1.7923630000000002
2025-08-29 18:00:00,0.002,0.004,26.765,0.0,2.306,1.033542
2025-08-29 19:00:00,0.0,0.0,26.268,0.0,1.9100000000000001,0.289048
2025-08-29 20:00:00,0.0,0.0,25.993,0.0,1.532,0.056243
2025-08-29 21:00:00,0.0,0.0,25.735,0.0,1.3980000000000001,0.028179
2025-08-29 22:00:00,0.0,0.0,25.301,0.0,1.9420000000000002,0.327349
2025-08-29 23:00:00,0.0,0.0,24.826,0.0,3.004,4.420618
2025-08-30 00:00:00,0.0,0.0,24.481,0.0,4.039,15.658133
2025-08-30 01:00:00,0.0,0.0,24.294,0.0,4.5809999999999995,24.455488000000003
2025-08-30 02:00:00,0.0,0.0,24.183,0.0,4.849,29.599508999999998
2025-08-30 03:00:00,0.0,0.0,24.092,0.0,5.125,35.436955999999995
2025-08-30 04:00:00,0.0,0.0,24.045,0.0,5.337,40.334906000000004
2025-08-30 05:00:00,0.0,0.0,24.002,0.0,5.314,40.008994
2025-08-30 06:00:00,0.011,0.014,24.169,4.968705,4.8260000000000005,29.127726
2025-08-30 07:00:00,0.04,0.09,25.219,82.658367,3.434,8.178945
2025-08-30 08:00:00,0.061,0.188,26.023,172.36313,2.833,3.286493
2025-08-30 09:00:00,0.077,0.28600000000000003,26.809,254.900101,2.492,1.617475
2025-08-30 10:00:00,0.081,0.364,27.513,311.811675,2.427,1.381115
2025-08-30 11:00:00,0.079,0.41100000000000003,28.055,340.905952,2.426,1.37993
2025-08-30 12:00:00,0.085,0.43,28.461,357.417797,2.499,1.643484
2025-08-30 13:00:00,0.08600000000000001,0.40800000000000003,28.669,342.830261,2.635,2.2209
2025-08-30 14:00:00,0.079,0.34800000000000003,28.659,297.253815,2.9859999999999998,4.314277
2025-08-30 15:00:00,0.06,0.255,28.421,218.482336,3.324,7.098023
2025-08-30 16:00:00,0.035,0.146,28.005,119.62666,3.359,7.430243000000001
2025-08-30 17:00:00,0.018000000000000002,0.056,27.472,39.202824,3.385,7.686691
2025-08-30 18:00:00,0.001,0.003,26.672,0.0,3.446,8.36713
2025-08-30 19:00:00,0.0,0.0,26.194,0.0,3.461,8.552681
2025-08-30 20:00:00,0.0,0.0,25.895,0.0,3.47,8.647497
2025-08-30 21:00:00,0.0,0.0,25.665,0.0,3.537,9.272423
2025-08-30 22:00:00,0.0,0.0,25.465,0.0,3.902,13.83296
2025-08-30 23:00:00,0.0,0.0,25.289,0.0,4.282,19.496488000000003
2025-08-31 00:00:00,0.0,0.0,25.124,0.0,4.66,26.089822
2025-08-31 01:00:00,0.0,0.0,24.977,0.0,5.127,35.490921
2025-08-31 02:00:00,0.0,0.0,24.889,0.0,5.609,47.113257
2025-08-31 03:00:00,0.0,0.0,24.803,0.0,5.953,56.844535
2025-08-31 04:00:00,0.0,0.0,24.732,0.0,6.42,71.233079
2025-08-31 05:00:00,0.0,0.0,24.686,0.0,6.548,75.185118
2025-08-31 06:00:00,0.002,0.008,24.74,0.0,6.183,63.540407
2025-08-31 07:00:00,0.01,0.065,25.517,40.51428,4.737,27.378905
2025-08-31 08:00:00,0.016,0.14400000000000002,26.243,104.98987,4.044,15.717459999999999
2025-08-31 09:00:00,0.019,0.222,26.844,165.014998,5.014,33.019791
2025-08-31 10:00:00,0.02,0.289,27.334,215.724589,5.439,42.813985
2025-08-31 11:00:00,0.013000000000000001,0.28800000000000003,27.575,209.391767,5.342,40.455249
2025-08-31 12:00:00,0.011,0.28200000000000003,27.648,203.25498000000002,5.236,37.959196000000006
2025-08-31 13:00:00,0.011,0.268,27.675,193.15997399999998,5.406,41.995537
2025-08-31 14:00:00,0.009000000000000001,0.215,27.528,152.55047399999998,5.465,43.565917
2025-08-31 15:00:00,0.007,0.149,27.285,100.789165,5.662,48.524867
2025-08-31 16:00:00,0.005,0.085,26.924,51.229966999999995,5.6129999999999995,47.211262000000005
2025-08-31 17:00:00,0.003,0.031,26.439,10.965823,5.378,41.318827
2025-08-31 18:00:00,0.0,0.002,25.796,0.0,5.385,41.493694000000005
2025-08-31 19:00:00,0.0,0.0,25.477,0.0,4.981,32.313587
2025-08-31 20:00:00,0.0,0.0,25.299,0.0,4.493,22.89498
2025-08-31 21:00:00,0.0,0.0,25.137,0.0,4.407,21.571583999999998
2025-08-31 22:00:00,0.0,0.0,25.003,0.0,4.7219999999999995,27.101614
2025-08-31 23:00:00,0.0,0.0,24.906,0.0,5.14,35.7685
2025-09-01 00:00:00,0.0,0.0,24.872,0.0,5.386,41.498447999999996
2025-09-01 01:00:00,0.0,0.0,24.801,0.0,5.467,43.569124
2025-09-01 02:00:00,0.0,0.0,24.702,0.0,5.547,45.754061
2025-09-01 03:00:00,0.0,0.0,24.642,0.0,5.702,49.841086000000004
2025-09-01 04:00:00,0.0,0.0,24.636,0.0,5.586,46.618447999999994
2025-09-01 05:00:00,0.0,0.0,24.649,0.0,5.609,47.111404
2025-09-01 06:00:00,0.001,0.005,24.744,0.0,5.563,46.171784
2025-09-01 07:00:00,0.003,0.038,25.292,15.518611,5.002,32.758764
2025-09-01 08:00:00,0.004,0.08700000000000001,25.779,51.867841,4.105,16.610302
2025-09-01 09:00:00,0.004,0.138,26.273,91.12263499999999,3.696,11.174529
2025-09-01 10:00:00,0.004,0.17500000000000002,26.714,118.88512,3.909,13.842066999999998
2025-09-01 11:00:00,0.005,0.201,27.028,138.595754,4.099,16.525128000000002
2025-09-01 12:00:00,0.005,0.214,27.239,148.780974,4.276,19.352688999999998
2025-09-01 13:00:00,0.005,0.209,27.346,144.66423,4.365,20.796416
2025-09-01 14:00:00,0.005,0.178,27.338,121.215254,4.136,17.205037
2025-09-01 15:00:00,0.005,0.131,27.235,86.007217,3.582,9.777321
2025-09-01 16:00:00,0.004,0.075,27.006,43.09686,3.002,4.407411
2025-09-01 17:00:00,0.002,0.028,26.628,8.799014999999999,3.061,4.844771
2025-09-01 18:00:00,0.0,0.002,26.042,0.0,3.8200000000000003,12.652072
2025-09-01 19:00:00,0.0,0.0,25.701,0.0,4.726,27.172469
2025-09-01 20:00:00,0.0,0.0,25.503,0.0,5.054,34.092125
2025-09-01 21:00:00,0.0,0.0,25.351,0.0,4.645,25.808203000000002
2025-09-01 22:00:00,0.0,0.0,25.248,0.0,4.886,30.421567
2025-09-01 23:00:00,0.0,0.0,25.168,0.0,5.1,34.889036999999995
2025-09-02 00:00:00,0.0,0.0,25.086,0.0,5.119,35.317329
2025-09-02 01:00:00,0.0,0.0,25.01,0.0,5.263,38.574708
2025-09-02 02:00:00,0.0,0.0,24.949,0.0,5.473,43.657055
2025-09-02 03:00:00,0.0,0.0,24.876,0.0,5.285,39.302693
2025-09-02 04:00:00,0.0,0.0,24.781,0.0,4.51,23.18687
2025-09-02 05:00:00,0.0,0.0,24.692,0.0,3.914,13.89912
2025-09-02 06:00:00,0.003,0.009000000000000001,24.693,0.0,4.514,23.266381000000003
2025-09-02 07:00:00,0.01,0.062,25.554,38.373658000000006,5.112,35.159093999999996
2025-09-02 08:00:00,0.017,0.14400000000000002,26.19,105.485063,4.711,26.890520000000002
2025-09-02 09:00:00,0.024,0.231,26.884,175.63652100000002,5.024,33.333434000000004
2025-09-02 10:00:00,0.034,0.323,27.528,249.661176,4.41,21.608617
2025-09-02 11:00:00,0.049,0.398,28.098,311.41697100000005,3.604,10.019715
2025-09-02 12:00:00,0.047,0.40700000000000003,28.454,315.807439,2.816,3.183448
2025-09-02 13:00:00,0.037,0.365,28.67,280.14176799999996,1.893,0.27160500000000004
2025-09-02 14:00:00,0.029,0.298,28.701,226.738365,0.768,0.0
2025-09-02 15:00:00,0.014,0.185,28.351,132.92431200000001,0.781,0.0
2025-09-02 16:00:00,0.006,0.088,27.807,54.585957,1.066,0.0026880000000000003
2025-09-02 17:00:00,0.003,0.029,27.269,10.162507999999999,1.45,0.036321
2025-09-02 18:00:00,0.0,0.002,26.477,0.0,2.206,0.7815639999999999
2025-09-02 19:00:00,0.0,0.0,25.991,0.0,3.142,5.484331
2025-09-02 20:00:00,0.0,0.0,25.723,0.0,3.917,13.934474
2025-09-02 21:00:00,0.0,0.0,25.561,0.0,4.198,18.027
2025-09-02 22:00:00,0.0,0.0,25.414,0.0,4.272,19.213849999999997
2025-09-02 23:00:00,0.0,0.0,25.278,0.0,4.422,21.667565
2025-09-03 00:00:00,0.0,0.0,25.167,0.0,4.809,28.969993
2025-09-03 01:00:00,0.0,0.0,25.065,0.0,5.024,33.329332
2025-09-03 02:00:00,0.0,0.0,24.96,0.0,5.247,38.204061
2025-09-03 03:00:00,0.0,0.0,24.858,0.0,5.334,40.248654
2025-09-03 04:00:00,0.0,0.0,24.769,0.0,5.405,41.960943
2025-09-03 05:00:00,0.0,0.0,24.697,0.0,5.317,40.08158
2025-09-03 06:00:00,0.004,0.01,24.792,0.0,4.736,27.364190999999998
2025-09-03 07:00:00,0.015,0.07,25.667,48.2621,3.382,7.652304
2025-09-03 08:00:00,0.029,0.165,26.419,130.632195,2.656,2.323368
2025-09-03 09:00:00,0.044,0.266,27.189,216.455491,2.268,0.912997
2025-09-03 10:00:00,0.05,0.34500000000000003,27.959,276.37417800000003,1.605,0.080558
2025-09-03 11:00:00,0.053,0.397,28.63,312.578867,0.935,0.0006720000000000001
2025-09-03 12:00:00,0.053,0.41000000000000003,29.13,321.088337,0.509,0.0
2025-09-03 13:00:00,0.049,0.384,29.408,300.120951,0.628,0.0
2025-09-03 14:00:00,0.037,0.309,29.393,239.29363500000002,1.194,0.007325
2025-09-03 15:00:00,0.021,0.203,29.099,151.295297,1.8250000000000002,0.211784
2025-09-03 16:00:00,0.012,0.109,28.715,73.430924,2.38,1.229955
2025-09-03 17:00:00,0.006,0.037,27.956,16.873986000000002,2.654,2.3152150000000002
2025-09-03 18:00:00,0.001,0.002,26.976,0.0,2.965,4.202583
2025-09-03 19:00:00,0.0,0.0,26.379,0.0,3.52,9.088823
2025-09-03 20:00:00,0.0,0.0,26.033,0.0,4.227,18.473133999999998
2025-09-03 21:00:00,0.0,0.0,25.78,0.0,4.676,26.232611000000002
2025-09-03 22:00:00,0.0,0.0,25.651,0.0,5.093,34.738227
2025-09-03 23:00:00,0.0,0.0,25.545,0.0,5.468,43.571398
2025-09-04 00:00:00,0.0,0.0,25.448,0.0,5.787,52.145936
2025-09-04 01:00:00,0.0,0.0,25.334,0.0,6.122,61.576599
2025-09-04 02:00:00,0.0,0.0,25.202,0.0,6.286,66.639228
2025-09-04 03:00:00,0.0,0.0,25.094,0.0,6.48,73.210138
2025-09-04 04:00:00,0.0,0.0,24.972,0.0,6.357,68.990631
2025-09-04 05:00:00,0.0,0.0,24.881,0.0,6.19,63.930176
2025-09-04 06:00:00,0.002,0.008,24.91,0.0,5.9,55.0493
2025-09-04 07:00:00,0.008,0.056,25.574,32.2846,5.026,33.406862000000004
2025-09-04 08:00:00,0.012,0.129,26.113,90.303067,4.142,17.307871
2025-09-04 09:00:00,0.018000000000000002,0.215,26.666,160.21283400000002,4.24,18.673139
2025-09-04 10:00:00,0.035,0.328,27.379,254.050773,2.9699999999999998,4.23956
2025-09-04 11:00:00,0.049,0.402,28.097,315.021282,1.833,0.215728
2025-09-04 12:00:00,0.038,0.392,28.368,299.752996,2.9290000000000003,3.894248
2025-09-04 13:00:00,0.019,0.308,28.133,227.664288,4.17,17.58825
2025-09-04 14:00:00,0.018000000000000002,0.26,27.911,191.89599299999998,4.717,27.005944
2025-09-04 15:00:00,0.014,0.183,27.678,131.553242,4.6850000000000005,26.398248
2025-09-04 16:00:00,0.009000000000000001,0.1,27.337,65.3087,3.884,13.615405
2025-09-04 17:00:00,0.006,0.038,26.855,17.459484,3.564,9.570054
2025-09-04 18:00:00,0.001,0.002,26.136,0.0,3.295,6.8200709999999996
2025-09-04 19:00:00,0.0,0.0,25.767,0.0,3.613,10.161929
2025-09-04 20:00:00,0.0,0.0,25.341,0.0,6.166,63.095954
2025-09-04 21:00:00,0.0,0.0,25.232,0.0,7.154,97.17645200000001
2025-09-04 22:00:00,0.0,0.0,25.005,0.0,5.695,49.516633999999996
2025-09-04 23:00:00,0.0,0.0,24.787,0.0,4.159,17.435902
2025-09-05 00:00:00,0.0,0.0,24.645,0.0,3.843,12.952829
2025-09-05 01:00:00,0.0,0.0,24.555,0.0,4.144,17.332428
2025-09-05 02:00:00,0.0,0.0,24.53,0.0,4.509,23.168702
2025-09-05 03:00:00,0.0,0.0,24.458,0.0,4.941,31.478826
2025-09-05 04:00:00,0.0,0.0,24.4,0.0,5.329,40.158093
2025-09-05 05:00:00,0.0,0.0,24.345,0.0,5.5280000000000005,45.244239
2025-09-05 06:00:00,0.004,0.01,24.414,0.0,5.813,52.610389000000005
2025-09-05 07:00:00,0.016,0.07200000000000001,25.169,50.071915999999995,5.098,34.832318
2025-09-05 08:00:00,0.024,0.159,25.756,122.526857,4.472,22.52218
2025-09-05 09:00:00,0.028,0.241,26.29,186.78615100000002,4.844,29.487363000000002
2025-09-05 10:00:00,0.034,0.321,26.646,248.867406,4.821,29.032880000000002
2025-09-05 11:00:00,0.043000000000000003,0.389,26.951,303.068683,4.59,24.636423
2025-09-05 12:00:00,0.036000000000000004,0.386,27.086,296.62846399999995,4.352,20.495213
2025-09-05 13:00:00,0.024,0.326,27.018,245.44402,4.077,16.193540000000002
2025-09-05 14:00:00,0.016,0.248,26.799,182.572191,3.722,11.509720999999999
2025-09-05 15:00:00,0.011,0.166,26.5,117.109997,3.056,4.803324
2025-09-05 16:00:00,0.008,0.099,26.239,64.330326,2.475,1.583882
2025-09-05 17:00:00,0.005,0.036000000000000004,25.945,16.258373,2.184,0.7156910000000001
2025-09-05 18:00:00,0.001,0.002,25.696,0.0,1.379,0.025463
2025-09-05 19:00:00,0.0,0.0,25.809,0.0,0.722,0.0
2025-09-05 20:00:00,0.0,0.0,25.661,0.0,0.768,0.0
2025-09-05 21:00:00,0.0,0.0,25.618,0.0,0.553,0.0
2025-09-05 22:00:00,0.0,0.0,25.448,0.0,0.599,0.0
2025-09-05 23:00:00,0.0,0.0,24.952,0.0,1.413,0.030428999999999998
2025-09-06 00:00:00,0.0,0.0,24.492,0.0,2.098,0.552868
2025-09-06 01:00:00,0.0,0.0,24.062,0.0,2.746,2.787599
2025-09-06 02:00:00,0.0,0.0,23.694,0.0,3.539,9.296747
2025-09-06 03:00:00,0.0,0.0,23.406,0.0,4.14,17.270185
2025-09-06 04:00:00,0.0,0.0,23.229,0.0,4.039,15.658121
2025-09-06 05:00:00,0.0,0.0,23.178,0.0,3.44,8.247406999999999
2025-09-06 06:00:00,0.022,0.016,23.331,13.573711999999999,3.177,5.774091
2025-09-06 07:00:00,0.093,0.101,24.392,132.23748600000002,2.7800000000000002,3.024487
2025-09-06 08:00:00,0.168,0.20400000000000001,25.531,262.696949,2.354,1.163386
2025-09-06 09:00:00,0.216,0.295,26.776,357.528557,1.98,0.37188299999999996
2025-09-06 10:00:00,0.192,0.369,27.651,388.315589,1.425,0.031675999999999996
2025-09-06 11:00:00,0.228,0.41500000000000004,28.398,439.121685,0.9460000000000001,0.000862
2025-09-06 12:00:00,0.246,0.424,28.987,454.358898,0.445,0.0
2025-09-06 13:00:00,0.246,0.403,29.305,440.734422,0.376,0.0
2025-09-06 14:00:00,0.196,0.356,29.211,380.000572,0.976,0.001204
2025-09-06 15:00:00,0.101,0.264,28.697,254.258421,1.447,0.035772
2025-09-06 16:00:00,0.044,0.147,28.045,126.66675599999999,1.55,0.063567
2025-09-06 17:00:00,0.015,0.048,27.501,30.923169,1.193,0.007228
2025-09-06 18:00:00,0.001,0.003,26.629,0.0,0.961,0.001008
2025-09-06 19:00:00,0.0,0.0,26.109,0.0,0.804,0.0
2025-09-06 20:00:00,0.0,0.0,25.659,0.0,1.448,0.036033
2025-09-06 21:00:00,0.0,0.0,25.221,0.0,2.109,0.569222
2025-09-06 22:00:00,0.0,0.0,24.854,0.0,2.519,1.720626
2025-09-06 23:00:00,0.0,0.0,24.488,0.0,2.848,3.378994
2025-09-07 00:00:00,0.0,0.0,24.086,0.0,3.34,7.246213
2025-09-07 01:00:00,0.0,0.0,23.745,0.0,3.964,14.704242
2025-09-07 02:00:00,0.0,0.0,23.588,0.0,4.045,15.728428
2025-09-07 03:00:00,0.0,0.0,23.532,0.0,3.761,11.904759
2025-09-07 04:00:00,0.0,0.0,23.478,0.0,3.436,8.204058000000002
2025-09-07 05:00:00,0.0,0.0,23.331,0.0,3.305,6.9115150000000005
2025-09-07 06:00:00,0.074,0.018000000000000002,23.409,53.668295,3.26,6.502020000000001
2025-09-07 07:00:00,0.343,0.097,24.7,312.191511,2.446,1.466631
2025-09-07 08:00:00,0.47500000000000003,0.16,25.882,439.606586,2.075,0.524153
2025-09-07 09:00:00,0.529,0.209,27.164,499.48461,1.823,0.21143
2025-09-07 10:00:00,0.611,0.227,28.189,554.5137510000001,1.509,0.049909
2025-09-07 11:00:00,0.602,0.254,28.964,562.5341589999999,0.995,0.0013440000000000001
2025-09-07 12:00:00,0.545,0.28800000000000003,29.44,548.1082739999999,0.905,0.000503
2025-09-07 13:00:00,0.44,0.317,29.502,505.209673,0.9410000000000001,0.000702
2025-09-07 14:00:00,0.34700000000000003,0.308,29.233,444.033032,1.803,0.197187
2025-09-07 15:00:00,0.233,0.258,28.7,340.94426500000003,2.379,1.226784
2025-09-07 16:00:00,0.10300000000000001,0.163,27.982,183.377876,2.782,3.033971
2025-09-07 17:00:00,0.028,0.055,27.146,46.206572,3.086,5.03258
2025-09-07 18:00:00,0.002,0.003,26.194,0.0,3.318,7.038648
2025-09-07 19:00:00,0.0,0.0,25.675,0.0,3.252,6.430212
2025-09-07 20:00:00,0.0,0.0,25.338,0.0,3.085,5.024319
2025-09-07 21:00:00,0.0,0.0,25.091,0.0,3.014,4.490764
2025-09-07 22:00:00,0.0,0.0,24.861,0.0,3.114,5.284728
2025-09-07 23:00:00,0.0,0.0,24.6,0.0,3.412,7.959688
2025-09-08 00:00:00,0.0,0.0,24.402,0.0,3.715,11.440913
2025-09-08 01:00:00,0.0,0.0,24.236,0.0,3.7640000000000002,11.942902
2025-09-08 02:00:00,0.0,0.0,24.088,0.0,3.754,11.81613
2025-09-08 03:00:00,0.0,0.0,23.921,0.0,3.766,11.964051
2025-09-08 04:00:00,0.0,0.0,23.739,0.0,3.866,13.324735
2025-09-08 05:00:00,0.0,0.0,23.576999999999998,0.0,3.9450000000000003,14.379299000000001
2025-09-08 06:00:00,0.017,0.014,23.661,9.352003,3.747,11.729806
2025-09-08 07:00:00,0.08700000000000001,0.099,24.702,125.72796799999999,2.872,3.527772
2025-09-08 08:00:00,0.156,0.201,25.738,251.549689,2.684,2.462459
2025-09-08 09:00:00,0.191,0.292,26.831,338.780397,2.423,1.368141
2025-09-08 10:00:00,0.203,0.365,27.722,392.634606,2.138,0.6229969999999999
2025-09-08 11:00:00,0.23500000000000001,0.40800000000000003,28.464,439.062106,1.901,0.279846
2025-09-08 12:00:00,0.249,0.418,29.048,452.45838,1.6600000000000001,0.106996
2025-09-08 13:00:00,0.255,0.395,29.42,441.227282,1.448,0.035924
2025-09-08 14:00:00,0.23600000000000002,0.34500000000000003,29.505,397.795958,1.433,0.033243
2025-09-08 15:00:00,0.198,0.269,29.234,323.804228,1.802,0.196115
2025-09-08 16:00:00,0.135,0.17300000000000001,28.611,213.156146,2.507,1.674257
2025-09-08 17:00:00,0.064,0.07,27.81,83.794937,3.197,6.000614
2025-09-08 18:00:00,0.004,0.004,26.644,0.0,3.966,14.743288
2025-09-08 19:00:00,0.0,0.0,25.952,0.0,4.571,24.28126
2025-09-08 20:00:00,0.0,0.0,25.575,0.0,4.818,29.011585
2025-09-08 21:00:00,0.0,0.0,25.313,0.0,4.921,31.072559000000002
2025-09-08 22:00:00,0.0,0.0,25.073,0.0,4.724,27.129599
2025-09-08 23:00:00,0.0,0.0,24.831,0.0,4.515,23.279789
2025-09-09 00:00:00,0.0,0.0,24.599,0.0,4.289,19.612339
2025-09-09 01:00:00,0.0,0.0,24.408,0.0,4.094,16.448954
2025-09-09 02:00:00,0.0,0.0,24.238,0.0,3.9619999999999997,14.679651
2025-09-09 03:00:00,0.0,0.0,24.093,0.0,3.827,12.745689
2025-09-09 04:00:00,0.0,0.0,23.973,0.0,3.664,10.729064000000001
2025-09-09 05:00:00,0.0,0.0,23.888,0.0,3.44,8.251815
2025-09-09 06:00:00,0.017,0.014,24.015,9.302474,3.211,6.145623
2025-09-09 07:00:00,0.082,0.098,25.026,120.61569899999999,2.659,2.337671
2025-09-09 08:00:00,0.16,0.201,26.002,254.265646,2.7279999999999998,2.7318409999999997
2025-09-09 09:00:00,0.23500000000000001,0.289,27.143,365.198962,3.195,5.966063
2025-09-09 10:00:00,0.259,0.357,28.036,422.4398,3.395,7.782601
2025-09-09 11:00:00,0.267,0.401,28.646,453.784638,3.5869999999999997,9.82942
2025-09-09 12:00:00,0.257,0.41600000000000004,28.977,456.65382400000004,3.75,11.770468000000001
2025-09-09 13:00:00,0.243,0.397,29.108,436.155247,3.941,14.275002
2025-09-09 14:00:00,0.23500000000000001,0.34600000000000003,29.084,398.69618199999996,4.069,16.080364
2025-09-09 15:00:00,0.181,0.271,28.801,313.75759899999997,4.165,17.518006
2025-09-09 16:00:00,0.094,0.165,28.217,177.94533900000002,4.025,15.504683000000002
2025-09-09 17:00:00,0.044,0.064,27.497,65.070548,4.158,17.434177
2025-09-09 18:00:00,0.003,0.004,26.526,0.0,4.598,24.771152999999998
2025-09-09 19:00:00,0.0,0.0,26.011,0.0,4.976,32.204209999999996
2025-09-09 20:00:00,0.0,0.0,25.723,0.0,4.979,32.284314
2025-09-09 21:00:00,0.0,0.0,25.493,0.0,5.013,32.989409
2025-09-09 22:00:00,0.0,0.0,25.304,0.0,5.222,37.629631
2025-09-09 23:00:00,0.0,0.0,25.186,0.0,5.35,40.630097
2025-09-10 00:00:00,0.0,0.0,25.036,0.0,5.226,37.725389
2025-09-10 01:00:00,0.0,0.0,24.9,0.0,5.1,34.891669
2025-09-10 02:00:00,0.0,0.0,24.757,0.0,5.053,34.058995
2025-09-10 03:00:00,0.0,0.0,24.638,0.0,5.054,34.084557999999994
2025-09-10 04:00:00,0.0,0.0,24.587,0.0,5.22,37.587406
2025-09-10 05:00:00,0.0,0.0,24.551,0.0,5.38,41.353469
2025-09-10 06:00:00,0.017,0.014,24.737,9.640525,5.587,46.619122000000004
2025-09-10 07:00:00,0.08600000000000001,0.101,25.874,125.680064,4.922,31.093723999999998
2025-09-10 08:00:00,0.164,0.20600000000000002,26.833,259.829018,5.568,46.297329
2025-09-10 09:00:00,0.271,0.292,27.843,389.376473,6.249,65.502741
2025-09-10 10:00:00,0.334,0.34800000000000003,28.741,462.163449,5.116,35.234182999999994
2025-09-10 11:00:00,0.336,0.395,29.387,489.582766,4.739,27.421494
2025-09-10 12:00:00,0.20600000000000002,0.442,29.567,439.47569,4.937,31.393421999999997
2025-09-10 13:00:00,0.093,0.403,29.463,342.775801,4.078,16.218283
2025-09-10 14:00:00,0.049,0.313,29.188,251.410795,4.122,17.006197
2025-09-10 15:00:00,0.024,0.199,28.677,150.018101,4.461,22.330813
2025-09-10 16:00:00,0.009000000000000001,0.09,28.01,57.652201,4.622,25.394458
2025-09-10 17:00:00,0.005,0.03,27.267,11.676077,4.445,22.062463
2025-09-10 18:00:00,0.0,0.002,26.534,0.0,4.684,26.381498
2025-09-10 19:00:00,0.0,0.0,26.155,0.0,4.801,28.824097000000002
2025-09-10 20:00:00,0.0,0.0,25.908,0.0,4.802,28.848701000000002
2025-09-10 21:00:00,0.0,0.0,25.75,0.0,4.9190000000000005,31.018622
2025-09-10 22:00:00,0.0,0.0,25.609,0.0,4.7379999999999995,27.397951000000003
2025-09-10 23:00:00,0.0,0.0,25.454,0.0,4.818,29.012189
2025-09-11 00:00:00,0.0,0.0,25.344,0.0,4.745,27.536705
2025-09-11 01:00:00,0.0,0.0,25.245,0.0,4.649,25.888797
2025-09-11 02:00:00,0.0,0.0,25.186,0.0,4.671,26.135023
2025-09-11 03:00:00,0.0,0.0,25.145,0.0,4.838,29.376836
2025-09-11 04:00:00,0.0,0.0,25.086,0.0,5.168,36.3954
2025-09-11 05:00:00,0.0,0.0,25.051,0.0,5.482,43.882864
2025-09-11 06:00:00,0.005,0.01,25.155,0.0,5.8260000000000005,52.972789
2025-09-11 07:00:00,0.024,0.082,26.029,63.219487,4.683,26.352994
2025-09-11 08:00:00,0.025,0.158,26.647,122.127279,3.517,9.056559
2025-09-11 09:00:00,0.03,0.247,27.234,192.491011,3.815,12.593178
2025-09-11 10:00:00,0.037,0.327,27.796,254.245402,4.067,16.051521
2025-09-11 11:00:00,0.046,0.393,28.222,306.109758,4.525,23.546698
2025-09-11 12:00:00,0.042,0.398,28.437,306.590604,4.396,21.370467
2025-09-11 13:00:00,0.028,0.34,28.426,256.224867,3.729,11.518754000000001
2025-09-11 14:00:00,0.016,0.248,28.189,181.59897899999999,3.544,9.349897
2025-09-11 15:00:00,0.011,0.168,27.878,118.339898,3.285,6.726358
2025-09-11 16:00:00,0.005,0.074,27.386,42.918934,3.348,7.321307
2025-09-11 17:00:00,0.003,0.027,26.845,8.836054,3.396,7.800584
2025-09-11 18:00:00,0.0,0.002,26.242,0.0,3.207,6.108821
2025-09-11 19:00:00,0.0,0.0,25.914,0.0,3.193,5.927227
2025-09-11 20:00:00,0.0,0.0,25.689,0.0,3.543,9.339048
2025-09-11 21:00:00,0.0,0.0,25.495,0.0,4.251,18.85746
2025-09-11 22:00:00,0.0,0.0,25.322,0.0,4.912,30.878167
2025-09-11 23:00:00,0.0,0.0,25.122,0.0,5.076,34.440143
2025-09-12 00:00:00,0.0,0.0,24.904,0.0,4.397,21.403106
2025-09-12 01:00:00,0.0,0.0,24.765,0.0,3.33,7.15468
2025-09-12 02:00:00,0.0,0.0,24.739,0.0,2.628,2.188809
2025-09-12 03:00:00,0.0,0.0,24.562,0.0,2.88,3.5749009999999997
2025-09-12 04:00:00,0.0,0.0,24.323,0.0,3.5789999999999997,9.739333
2025-09-12 05:00:00,0.0,0.0,24.193,0.0,4.052,15.838504
2025-09-12 06:00:00,0.003,0.008,24.201,0.0,4.249,18.82741
2025-09-12 07:00:00,0.009000000000000001,0.058,25.0,34.992580000000004,4.036,15.653540000000001
2025-09-12 08:00:00,0.017,0.14100000000000001,25.604,103.732951,3.667,10.758844
2025-09-12 09:00:00,0.031,0.243,26.276,190.475383,3.795,12.33272
2025-09-12 10:00:00,0.051000000000000004,0.34700000000000003,27.099,279.974398,2.981,4.308359
2025-09-12 11:00:00,0.074,0.421,27.863,344.21017700000004,1.832,0.21443399999999999
2025-09-12 12:00:00,0.078,0.438,28.294,358.428623,1.911,0.289713
2025-09-12 13:00:00,0.064,0.399,28.313,322.097874,2.3890000000000002,1.2569659999999998
2025-09-12 14:00:00,0.046,0.322,28.088,257.066794,2.6950000000000003,2.539235
2025-09-12 15:00:00,0.029,0.217,27.689,168.16133,2.6950000000000003,2.5376819999999998
2025-09-12 16:00:00,0.018000000000000002,0.121,27.258,87.671042,2.446,1.4662570000000001
2025-09-12 17:00:00,0.01,0.044,26.728,25.063420999999998,2.442,1.439526
2025-09-12 18:00:00,0.001,0.002,26.0,0.0,2.689,2.4884299999999997
2025-09-12 19:00:00,0.0,0.0,25.711,0.0,2.657,2.327983
2025-09-12 20:00:00,0.0,0.0,25.352,0.0,2.971,4.244832000000001
2025-09-12 21:00:00,0.0,0.0,24.972,0.0,3.715,11.451016
2025-09-12 22:00:00,0.0,0.0,24.732,0.0,4.193,17.946889
2025-09-12 23:00:00,0.0,0.0,24.583,0.0,4.372,20.980925
2025-09-13 00:00:00,0.0,0.0,24.455,0.0,4.26,18.994922
2025-09-13 01:00:00,0.0,0.0,24.274,0.0,3.743,11.677071
2025-09-13 02:00:00,0.0,0.0,24.219,0.0,2.802,3.1394499999999996
2025-09-13 03:00:00,0.0,0.0,24.322,0.0,2.013,0.41548399999999996
2025-09-13 04:00:00,0.0,0.0,24.39,0.0,1.678,0.11281100000000001
2025-09-13 05:00:00,0.0,0.0,24.315,0.0,1.7189999999999999,0.134699
2025-09-13 06:00:00,0.006,0.011,24.139,0.587311,2.469,1.56192
2025-09-13 07:00:00,0.03,0.083,24.973,69.194958,2.833,3.2823870000000004
2025-09-13 08:00:00,0.059000000000000004,0.187,25.78,170.830013,2.49,1.6088399999999998
2025-09-13 09:00:00,0.085,0.29,26.63,263.78975799999995,2.484,1.604573
2025-09-13 10:00:00,0.125,0.383,27.428,354.002294,2.691,2.5027049999999997
2025-09-13 11:00:00,0.161,0.441,27.991,414.171178,2.9619999999999997,4.18328
2025-09-13 12:00:00,0.123,0.447,28.146,393.661542,3.126,5.381381
2025-09-13 13:00:00,0.093,0.41300000000000003,28.082,351.56235499999997,3.101,5.151336000000001
2025-09-13 14:00:00,0.063,0.333,27.82,276.52882900000003,3.046,4.727695
2025-09-13 15:00:00,0.04,0.23,27.427,186.37465,2.903,3.7225129999999997
2025-09-13 16:00:00,0.019,0.121,26.909,89.286564,2.752,2.818067
2025-09-13 17:00:00,0.008,0.038,26.284,18.862081999999997,2.9530000000000003,4.117666
2025-09-13 18:00:00,0.0,0.002,25.567,0.0,3.484,8.793970999999999
2025-09-13 19:00:00,0.0,0.0,25.222,0.0,3.727,11.516506
2025-09-13 20:00:00,0.0,0.0,25.066,0.0,3.757,11.853664
2025-09-13 21:00:00,0.0,0.0,24.931,0.0,3.572,9.659068999999999
2025-09-13 22:00:00,0.0,0.0,24.827,0.0,3.105,5.188584
2025-09-13 23:00:00,0.0,0.0,24.808,0.0,2.342,1.137545
2025-09-14 00:00:00,0.0,0.0,24.896,0.0,1.597,0.07762000000000001
2025-09-14 01:00:00,0.0,0.0,24.969,0.0,1.33,0.018118
2025-09-14 02:00:00,0.0,0.0,24.765,0.0,1.7530000000000001,0.15582300000000002
2025-09-14 03:00:00,0.0,0.0,24.47,0.0,2.4130000000000003,1.3341910000000001
2025-09-14 04:00:00,0.0,0.0,24.214,0.0,3.093,5.090598
2025-09-14 05:00:00,0.0,0.0,24.132,0.0,3.263,6.528588
2025-09-14 06:00:00,0.006,0.011,24.271,0.677351,2.992,4.332552
2025-09-14 07:00:00,0.026000000000000002,0.082,25.311,65.215728,2.734,2.7475549999999997
2025-09-14 08:00:00,0.044,0.18,26.148,152.645503,2.384,1.241598
2025-09-14 09:00:00,0.057,0.279,26.901,234.887353,2.325,1.086365
2025-09-14 10:00:00,0.066,0.363,27.748,299.817791,2.192,0.737596
2025-09-14 11:00:00,0.062,0.41000000000000003,28.363,328.783734,1.945,0.333702
2025-09-14 12:00:00,0.043000000000000003,0.391,28.606,302.396178,1.865,0.246805
2025-09-14 13:00:00,0.033,0.34900000000000003,28.629,266.062262,1.884,0.266792
2025-09-14 14:00:00,0.024,0.274,28.483,206.571098,1.9969999999999999,0.393565
2025-09-14 15:00:00,0.018000000000000002,0.191,28.296,141.041881,1.991,0.385839
2025-09-14 16:00:00,0.012,0.106,27.942,72.33374,2.4050000000000002,1.307761
2025-09-14 17:00:00,0.007,0.038,27.25,18.612121,3.657,10.644075999999998
2025-09-14 18:00:00,0.001,0.002,26.326,0.0,5.091,34.690604
2025-09-14 19:00:00,0.0,0.0,25.929,0.0,5.662,48.499345
2025-09-14 20:00:00,0.0,0.0,25.716,0.0,5.423,42.404004
2025-09-14 21:00:00,0.0,0.0,25.583,0.0,5.016,33.057584000000006
2025-09-14 22:00:00,0.0,0.0,25.491,0.0,4.614,25.121869
2025-09-14 23:00:00,0.0,0.0,25.382,0.0,4.108,16.651580999999997
2025-09-15 00:00:00,0.0,0.0,25.238,0.0,3.746,11.72346
2025-09-15 01:00:00,0.0,0.0,25.018,0.0,4.048,15.780524999999999
2025-09-15 02:00:00,0.0,0.0,24.846,0.0,4.719,27.037651999999998
2025-09-15 03:00:00,0.0,0.0,24.755,0.0,5.276,39.031233
2025-09-15 04:00:00,0.0,0.0,24.705,0.0,5.53,45.312637
2025-09-15 05:00:00,0.0,0.0,24.664,0.0,5.703,49.84749
2025-09-15 06:00:00,0.008,0.011,24.733,2.283611,5.286,39.346427000000006
2025-09-15 07:00:00,0.04,0.088,25.696,80.302779,3.776,12.098317999999999
2025-09-15 08:00:00,0.069,0.19,26.565,178.891697,2.984,4.3115820000000005
2025-09-15 09:00:00,0.10300000000000001,0.296,27.472,279.344374,2.643,2.261511
2025-09-15 10:00:00,0.129,0.381,28.422,353.898542,2.015,0.41847199999999996
2025-09-15 11:00:00,0.14,0.433,29.178,393.758444,1.721,0.136017
2025-09-15 12:00:00,0.135,0.447,29.625,398.292332,1.9380000000000002,0.320248
2025-09-15 13:00:00,0.116,0.417,29.694,366.971695,2.533,1.810319
2025-09-15 14:00:00,0.096,0.35100000000000003,29.509,310.102604,3.224,6.2571390000000005
2025-09-15 15:00:00,0.062,0.25,29.068,215.394183,3.797,12.354951
2025-09-15 16:00:00,0.029,0.134,28.423,105.84512,4.26,18.998155999999998
2025-09-15 17:00:00,0.011,0.042,27.609,23.720335,4.509,23.168609
2025-09-15 18:00:00,0.001,0.002,26.803,0.0,4.813,29.005053
2025-09-15 19:00:00,0.0,0.0,26.401,0.0,5.11,35.11078
2025-09-15 20:00:00,0.0,0.0,26.139,0.0,5.795,52.366996
2025-09-15 21:00:00,0.0,0.0,25.921,0.0,6.208,64.434403
2025-09-15 22:00:00,0.0,0.0,25.773,0.0,6.983,90.689067
2025-09-15 23:00:00,0.0,0.0,25.65,0.0,7.292,102.283718
2025-09-16 00:00:00,0.0,0.0,25.505,0.0,6.607,77.283434
2025-09-16 01:00:00,0.0,0.0,25.385,0.0,5.838,53.292785
2025-09-16 02:00:00,0.0,0.0,25.306,0.0,5.556,45.978326
2025-09-16 03:00:00,0.0,0.0,25.235,0.0,5.465,43.565658000000006
2025-09-16 04:00:00,0.0,0.0,25.157,0.0,5.677,48.913388
2025-09-16 05:00:00,0.0,0.0,25.09,0.0,5.874,54.310972
2025-09-16 06:00:00,0.002,0.007,25.096,0.0,5.812,52.580017
2025-09-16 07:00:00,0.009000000000000001,0.06,25.698,35.506303,5.123,35.385801
2025-09-16 08:00:00,0.015,0.139,26.217,100.61596,4.892,30.467732
2025-09-16 09:00:00,0.02,0.222,26.7,166.609838,5.251,38.297067999999996
2025-09-16 10:00:00,0.025,0.303,27.244,229.222777,4.968,32.045786
2025-09-16 11:00:00,0.028,0.35100000000000003,27.737,265.127143,4.638,25.683795
2025-09-16 12:00:00,0.029,0.366,28.134,275.695803,4.38,21.104661
2025-09-16 13:00:00,0.026000000000000002,0.336,28.348,251.85418299999998,3.83,12.780315
2025-09-16 14:00:00,0.021,0.269,28.353,199.919776,2.6710000000000003,2.3966239999999996
2025-09-16 15:00:00,0.014,0.179,28.165,128.201199,1.353,0.020839
2025-09-16 16:00:00,0.009000000000000001,0.098,27.764,64.124781,1.025,0.001861
2025-09-16 17:00:00,0.005,0.033,27.166,13.883972,1.5510000000000002,0.06371
2025-09-16 18:00:00,0.0,0.002,26.276,0.0,2.949,4.090255
2025-09-16 19:00:00,0.0,0.0,25.777,0.0,4.801,28.819591
2025-09-16 20:00:00,0.0,0.0,25.586,0.0,5.695,49.506642
2025-09-16 21:00:00,0.0,0.0,25.427,0.0,6.004,58.178082
2025-09-16 22:00:00,0.0,0.0,25.268,0.0,5.954,56.867889000000005
2025-09-16 23:00:00,0.0,0.0,25.1,0.0,5.867,54.119747000000004
2025-09-17 00:00:00,0.0,0.0,24.911,0.0,5.564,46.193993999999996
2025-09-17 01:00:00,0.0,0.0,24.694,0.0,5.054,34.083386
2025-09-17 02:00:00,0.0,0.0,24.496,0.0,4.441,21.997962
2025-09-17 03:00:00,0.0,0.0,24.342,0.0,3.751,11.775604
2025-09-17 04:00:00,0.0,0.0,24.331,0.0,2.991,4.327406
2025-09-17 05:00:00,0.0,0.0,24.389,0.0,2.359,1.166566
2025-09-17 06:00:00,0.003,0.008,24.432,0.0,1.94,0.322233
2025-09-17 07:00:00,0.012,0.064,24.945,41.35522,2.202,0.771718
2025-09-17 08:00:00,0.019,0.146,25.448,108.983492,2.464,1.543034
2025-09-17 09:00:00,0.025,0.233,25.97,179.37395999999998,2.83,3.268417
2025-09-17 10:00:00,0.033,0.318,26.571,246.56751500000001,3.169,5.706169
2025-09-17 11:00:00,0.048,0.392,27.029,308.711922,3.448,8.396852999999998
2025-09-17 12:00:00,0.059000000000000004,0.422,27.338,335.664864,3.5869999999999997,9.833587
2025-09-17 13:00:00,0.048,0.38,27.432,300.042692,3.484,8.800658
2025-09-17 14:00:00,0.036000000000000004,0.305,27.314,238.32051800000002,3.3689999999999998,7.600392
2025-09-17 15:00:00,0.025,0.211,27.039,161.491545,3.284,6.717890000000001
2025-09-17 16:00:00,0.014,0.111,26.58,78.27557399999999,3.188,5.871995
2025-09-17 17:00:00,0.008,0.039,26.004,20.272654,3.488,8.839706
2025-09-17 18:00:00,0.001,0.002,25.243,0.0,4.128,17.088038
2025-09-17 19:00:00,0.0,0.0,24.825,0.0,4.6530000000000005,25.95745
2025-09-17 20:00:00,0.0,0.0,24.6,0.0,4.846,29.540375
2025-09-17 21:00:00,0.0,0.0,24.454,0.0,4.879,30.399907
2025-09-17 22:00:00,0.0,0.0,24.31,0.0,4.821,29.03821
2025-09-17 23:00:00,0.0,0.0,24.149,0.0,4.773,28.15101
2025-09-18 00:00:00,0.0,0.0,24.013,0.0,4.558,24.055077
2025-09-18 01:00:00,0.0,0.0,23.868,0.0,4.312,19.825275
2025-09-18 02:00:00,0.0,0.0,23.713,0.0,4.285,19.546426
2025-09-18 03:00:00,0.0,0.0,23.572,0.0,4.393,21.324552
2025-09-18 04:00:00,0.0,0.0,23.466,0.0,4.42,21.631721000000002
2025-09-18 05:00:00,0.0,0.0,23.405,0.0,4.303,19.678941
2025-09-18 06:00:00,0.013000000000000001,0.013000000000000001,23.535,5.736783999999999,3.9859999999999998,14.897276
2025-09-18 07:00:00,0.05,0.09,24.506,90.000287,2.906,3.7456199999999997
2025-09-18 08:00:00,0.07,0.186,25.454,177.99010800000002,3.054,4.791524000000001
2025-09-18 09:00:00,0.114,0.292,26.551,286.239995,3.365,7.53154
2025-09-18 10:00:00,0.203,0.378,27.643,401.58821500000005,3.431,8.14641
2025-09-18 11:00:00,0.203,0.426,28.396,430.27369799999997,3.349,7.3341840000000005
2025-09-18 12:00:00,0.149,0.439,28.706,404.004284,3.224,6.26007
2025-09-18 13:00:00,0.124,0.41200000000000003,28.809,370.177964,3.1310000000000002,5.396998
2025-09-18 14:00:00,0.097,0.34400000000000003,28.742,306.670223,3.105,5.184658000000001
2025-09-18 15:00:00,0.083,0.256,28.553,235.54309099999998,3.183,5.8230569999999995
2025-09-18 16:00:00,0.058,0.152,28.172,140.90982,3.116,5.308002999999999
2025-09-18 17:00:00,0.04,0.06,27.599,58.458383999999995,2.767,2.901344
2025-09-18 18:00:00,0.002,0.003,26.663,0.0,2.911,3.7757899999999998
2025-09-18 19:00:00,0.0,0.0,25.977,0.0,3.791,12.278422
2025-09-18 20:00:00,0.0,0.0,25.466,0.0,4.145,17.340640999999998
2025-09-18 21:00:00,0.0,0.0,25.172,0.0,3.907,13.839352000000002
2025-09-18 22:00:00,0.0,0.0,25.091,0.0,3.34,7.248342
2025-09-18 23:00:00,0.0,0.0,25.012,0.0,3.046,4.726837000000001
2025-09-19 00:00:00,0.0,0.0,24.776,0.0,3.357,7.408907
2025-09-19 01:00:00,0.0,0.0,24.49,0.0,4.002,15.113366
2025-09-19 02:00:00,0.0,0.0,24.243,0.0,4.633,25.586691
2025-09-19 03:00:00,0.0,0.0,24.112,0.0,4.716,26.987606
2025-09-19 04:00:00,0.0,0.0,24.008,0.0,4.305,19.714723999999997
2025-09-19 05:00:00,0.0,0.0,24.013,0.0,3.872,13.457927
2025-09-19 06:00:00,0.002,0.006,24.003,0.0,4.119,16.944138
2025-09-19 07:00:00,0.007,0.055,24.596,30.89593,4.537,23.827977999999998
2025-09-19 08:00:00,0.012,0.128,25.122,90.172011,4.536,23.820753
2025-09-19 09:00:00,0.022,0.228,25.77,172.962193,5.146,35.899146
2025-09-19 10:00:00,0.032,0.319,26.499,246.707754,5.099,34.872091
2025-09-19 11:00:00,0.038,0.377,27.118,290.732369,4.517,23.322969
2025-09-19 12:00:00,0.035,0.382,27.531,292.10859600000003,4.013,15.271314
2025-09-19 13:00:00,0.03,0.34400000000000003,27.751,261.653715,3.545,9.364152
2025-09-19 14:00:00,0.024,0.277,27.81,209.040116,2.985,4.312938
2025-09-19 15:00:00,0.021,0.2,27.756,149.81547700000002,2.481,1.602434
2025-09-19 16:00:00,0.015,0.115,27.63,81.85405800000001,2.146,0.6383150000000001
2025-09-19 17:00:00,0.009000000000000001,0.04,27.215,21.142101,1.9649999999999999,0.357262
2025-09-19 18:00:00,0.001,0.002,26.523,0.0,1.9729999999999999,0.36299200000000004
2025-09-19 19:00:00,0.0,0.0,26.113,0.0,2.114,0.579511
2025-09-19 20:00:00,0.0,0.0,25.766,0.0,2.422,1.366837
2025-09-19 21:00:00,0.0,0.0,25.471,0.0,2.813,3.167111
2025-09-19 22:00:00,0.0,0.0,25.287,0.0,2.794,3.1046869999999998
2025-09-19 23:00:00,0.0,0.0,25.117,0.0,2.602,2.071275
2025-09-20 00:00:00,0.0,0.0,24.925,0.0,2.697,2.559699
2025-09-20 01:00:00,0.0,0.0,24.728,0.0,3.283,6.710221
2025-09-20 02:00:00,0.0,0.0,24.6,0.0,3.719,11.499884
2025-09-20 03:00:00,0.0,0.0,24.573,0.0,3.243,6.403954
2025-09-20 04:00:00,0.0,0.0,24.73,0.0,2.257,0.8848400000000001
2025-09-20 05:00:00,0.0,0.0,25.049,0.0,1.634,0.094988
2025-09-20 06:00:00,0.002,0.007,25.107,0.0,1.5859999999999999,0.07352
2025-09-20 07:00:00,0.011,0.063,25.601,40.153936,1.842,0.222802
2025-09-20 08:00:00,0.017,0.14200000000000002,26.36,104.39269800000001,2.571,1.968855
2025-09-20 09:00:00,0.023,0.228,26.874,173.064885,3.493,8.889721
2025-09-20 10:00:00,0.029,0.308,27.49,234.989598,4.017,15.324545
2025-09-20 11:00:00,0.032,0.359,27.903,273.55725,3.957,14.613439
2025-09-20 12:00:00,0.038,0.386,28.15,295.53916499999997,3.779,12.124834
2025-09-20 13:00:00,0.04,0.366,28.219,283.37581900000004,3.616,10.233583000000001
2025-09-20 14:00:00,0.038,0.308,28.186,241.198614,3.417,8.006922
2025-09-20 15:00:00,0.029,0.218,28.006,168.573122,3.039,4.6762619999999995
2025-09-20 16:00:00,0.016,0.115,27.674,82.23738800000001,2.274,0.934987
2025-09-20 17:00:00,0.008,0.038,27.229,19.562505,1.613,0.08447199999999999
2025-09-20 18:00:00,0.0,0.002,26.756,0.0,1.079,0.002987
2025-09-20 19:00:00,0.0,0.0,26.648,0.0,0.40700000000000003,0.0
2025-09-20 20:00:00,0.0,0.0,26.461,0.0,0.447,0.0
2025-09-20 21:00:00,0.0,0.0,26.144,0.0,0.9520000000000001,0.001008
2025-09-20 22:00:00,0.0,0.0,25.866,0.0,1.306,0.016368999999999998
2025-09-20 23:00:00,0.0,0.0,25.549,0.0,1.699,0.127318
2025-09-21 00:00:00,0.0,0.0,25.291,0.0,2.241,0.844518
2025-09-21 01:00:00,0.0,0.0,25.091,0.0,2.868,3.499674
2025-09-21 02:00:00,0.0,0.0,24.99,0.0,3.41,7.937721
2025-09-21 03:00:00,0.0,0.0,24.927,0.0,3.765,11.948522
2025-09-21 04:00:00,0.0,0.0,24.871,0.0,3.879,13.548129999999999
2025-09-21 05:00:00,0.0,0.0,24.817,0.0,3.676,10.871886
2025-09-21 06:00:00,0.004,0.008,24.88,0.0,3.294,6.815443
2025-09-21 07:00:00,0.014,0.067,25.723,44.952771,2.718,2.6799589999999998
2025-09-21 08:00:00,0.025,0.156,26.438,120.894547,2.118,0.58574
2025-09-21 09:00:00,0.035,0.253,27.095,200.799146,2.136,0.620267
2025-09-21 10:00:00,0.033,0.312,27.685,241.152696,1.9769999999999999,0.36742
2025-09-21 11:00:00,0.043000000000000003,0.379,28.113,294.98213400000003,1.814,0.20619200000000001
2025-09-21 12:00:00,0.065,0.426,28.491,341.30382000000003,1.7429999999999999,0.149544
2025-09-21 13:00:00,0.067,0.402,28.644,326.114863,2.038,0.46472800000000003
2025-09-21 14:00:00,0.051000000000000004,0.324,28.395,261.334472,2.974,4.266963
2025-09-21 15:00:00,0.032,0.22,27.875,173.363518,3.257,6.474335
2025-09-21 16:00:00,0.018000000000000002,0.11800000000000001,27.374,85.906984,2.169,0.684168
2025-09-21 17:00:00,0.009000000000000001,0.038,26.995,19.94719,1.062,0.0026880000000000003
2025-09-21 18:00:00,0.001,0.002,26.384,0.0,1.521,0.053049
2025-09-21 19:00:00,0.0,0.0,25.988,0.0,1.907,0.285402
2025-09-21 20:00:00,0.0,0.0,25.783,0.0,1.8639999999999999,0.24504599999999999
2025-09-21 21:00:00,0.0,0.0,25.637,0.0,1.834,0.21659899999999999
2025-09-21 22:00:00,0.0,0.0,25.423,0.0,2.101,0.5546319999999999
2025-09-21 23:00:00,0.0,0.0,25.066,0.0,2.748,2.7965479999999996
2025-09-22 00:00:00,0.0,0.0,24.699,0.0,3.338,7.224202
2025-09-22 01:00:00,0.0,0.0,24.457,0.0,3.578,9.729034
2025-09-22 02:00:00,0.0,0.0,24.277,0.0,3.697,11.185084999999999
2025-09-22 03:00:00,0.0,0.0,24.139,0.0,3.7640000000000002,11.944718
2025-09-22 04:00:00,0.0,0.0,24.022,0.0,3.7560000000000002,11.843458
2025-09-22 05:00:00,0.0,0.0,23.914,0.0,3.664,10.717934
2025-09-22 06:00:00,0.005,0.009000000000000001,23.985,0.0,3.303,6.900052
2025-09-22 07:00:00,0.022,0.07200000000000001,24.912,54.843031,2.483,1.604091
2025-09-22 08:00:00,0.046,0.17200000000000001,25.793,149.08049,1.67,0.108673
2025-09-22 09:00:00,0.07,0.275,26.597,242.745498,1.2,0.007757
2025-09-22 10:00:00,0.113,0.371,27.601,337.71826400000003,0.716,0.0
2025-09-22 11:00:00,0.157,0.427,28.494,402.17821299999997,0.5650000000000001,0.0
2025-09-22 12:00:00,0.201,0.438,29.134,435.20181099999996,0.55,0.0
2025-09-22 13:00:00,0.23,0.40900000000000003,29.526,434.078648,0.661,0.0
2025-09-22 14:00:00,0.24,0.35100000000000003,29.691,403.351279,0.731,0.0
2025-09-22 15:00:00,0.20800000000000002,0.273,29.569,332.578288,0.888,0.00033600000000000004
2025-09-22 16:00:00,0.094,0.163,29.127,175.83694599999998,1.119,0.004333
2025-09-22 17:00:00,0.035,0.056,28.539,51.94952,1.334,0.018648
2025-09-22 18:00:00,0.001,0.002,27.467,0.0,1.5390000000000001,0.060142
2025-09-22 19:00:00,0.0,0.0,26.801,0.0,1.6800000000000002,0.11352899999999999
2025-09-22 20:00:00,0.0,0.0,26.478,0.0,1.609,0.081812
2025-09-22 21:00:00,0.0,0.0,26.231,0.0,1.561,0.06735200000000001
2025-09-22 22:00:00,0.0,0.0,25.998,0.0,1.475,0.041841
2025-09-22 23:00:00,0.0,0.0,25.723,0.0,1.905,0.28344400000000003
2025-09-23 00:00:00,0.0,0.0,25.39,0.0,2.821,3.213511
2025-09-23 01:00:00,0.0,0.0,25.034,0.0,3.973,14.797105
2025-09-23 02:00:00,0.0,0.0,24.863,0.0,4.927,31.188772
2025-09-23 03:00:00,0.0,0.0,24.809,0.0,5.416,42.246424
2025-09-23 04:00:00,0.0,0.0,24.796,0.0,5.352,40.679655
2025-09-23 05:00:00,0.0,0.0,24.762,0.0,5.11,35.117484
2025-09-23 06:00:00,0.007,0.01,24.843,0.239416,4.937,31.389848
2025-09-23 07:00:00,0.034,0.082,25.774,70.74721000000001,4.322,19.988487
2025-09-23 08:00:00,0.077,0.19,26.578,185.21175599999998,4.096,16.471415
2025-09-23 09:00:00,0.136,0.297,27.503,303.149193,4.412,21.619031
2025-09-23 10:00:00,0.23600000000000002,0.373,28.418,417.448022,4.106,16.625874
2025-09-23 11:00:00,0.268,0.41300000000000003,29.069,460.694485,3.73,11.519932
2025-09-23 12:00:00,0.23800000000000002,0.432,29.403,453.54071999999996,3.6550000000000002,10.616296
2025-09-23 13:00:00,0.20800000000000002,0.41600000000000004,29.504,424.969479,3.991,14.956337
2025-09-23 14:00:00,0.125,0.353,29.336,330.82277899999997,4.437,21.917434
2025-09-23 15:00:00,0.057,0.23700000000000002,28.835,203.047125,4.598,24.766533
2025-09-23 16:00:00,0.03,0.129,28.281,102.523848,4.256,18.936788
2025-09-23 17:00:00,0.013000000000000001,0.041,27.616,24.647128000000002,4.372,20.967362
2025-09-23 18:00:00,0.001,0.002,26.844,0.0,5.033,33.630256
2025-09-23 19:00:00,0.0,0.0,26.466,0.0,5.068,34.386995000000006
2025-09-23 20:00:00,0.0,0.0,26.225,0.0,5.142,35.82824
2025-09-23 21:00:00,0.0,0.0,26.077,0.0,5.269,38.716491000000005
2025-09-23 22:00:00,0.0,0.0,25.942,0.0,5.385,41.494318
2025-09-23 23:00:00,0.0,0.0,25.848,0.0,5.482,43.868366
2025-09-24 00:00:00,0.0,0.0,25.775,0.0,5.949,56.685953
2025-09-24 01:00:00,0.0,0.0,25.7,0.0,5.947,56.569603
2025-09-24 02:00:00,0.0,0.0,25.585,0.0,6.1370000000000005,62.017089
2025-09-24 03:00:00,0.0,0.0,25.467,0.0,6.156,62.591879999999996
2025-09-24 04:00:00,0.0,0.0,25.365,0.0,6.336,68.345976
2025-09-24 05:00:00,0.0,0.0,25.283,0.0,6.426,71.259319
2025-09-24 06:00:00,0.001,0.005,25.309,0.0,6.336,68.347065
2025-09-24 07:00:00,0.006,0.054,25.873,29.367209,5.293,39.498841999999996
2025-09-24 08:00:00,0.013000000000000001,0.133,26.452,93.98449400000001,4.141,17.285089
2025-09-24 09:00:00,0.021,0.228,27.106,171.319026,4.672,26.150357
2025-09-24 10:00:00,0.025,0.308,27.697,232.434522,4.689,26.464836
2025-09-24 11:00:00,0.019,0.327,28.095,241.42316399999999,4.625,25.444170999999997
2025-09-24 12:00:00,0.009000000000000001,0.252,28.011,178.945514,4.422,21.665962
2025-09-24 13:00:00,0.01,0.255,28.011,182.72417800000002,4.559,24.068311
2025-09-24 14:00:00,0.01,0.215,27.924,152.806319,4.898,30.583574000000002
2025-09-24 15:00:00,0.009000000000000001,0.156,27.75,107.73365799999999,4.952,31.705803
2025-09-24 16:00:00,0.007,0.08600000000000001,27.399,52.953066,4.808,28.956495999999998
2025-09-24 17:00:00,0.004,0.027,26.875,9.086813,4.123,17.010906
2025-09-24 18:00:00,0.0,0.001,26.24,0.0,3.586,9.821671
2025-09-24 19:00:00,0.0,0.0,25.962,0.0,3.36,7.439363
2025-09-24 20:00:00,0.0,0.0,25.725,0.0,3.9939999999999998,15.007902
2025-09-24 21:00:00,0.0,0.0,25.546,0.0,4.809,28.972013
2025-09-24 22:00:00,0.0,0.0,25.394,0.0,5.306,39.807134
2025-09-24 23:00:00,0.0,0.0,25.254,0.0,5.728,50.268705000000004
2025-09-25 00:00:00,0.0,0.0,25.134,0.0,5.99,57.648836
2025-09-25 01:00:00,0.0,0.0,25.01,0.0,5.611,47.169845
2025-09-25 02:00:00,0.0,0.0,24.886,0.0,4.639,25.695475
2025-09-25 03:00:00,0.0,0.0,24.812,0.0,3.919,13.967006999999999
2025-09-25 04:00:00,0.0,0.0,24.867,0.0,3.001,4.399916
2025-09-25 05:00:00,0.0,0.0,24.944,0.0,2.3,1.017943
2025-09-25 06:00:00,0.001,0.005,24.939,0.0,2.043,0.47183600000000003
2025-09-25 07:00:00,0.004,0.045,25.348,22.029659,2.31,1.0434539999999999
2025-09-25 08:00:00,0.008,0.112,25.909,73.770478,2.146,0.63878
2025-09-25 09:00:00,0.011,0.187,26.469,133.414853,1.37,0.024227000000000002
2025-09-25 10:00:00,0.012,0.25,27.057,181.071708,0.756,0.0
2025-09-25 11:00:00,0.014,0.293,27.44,213.469549,0.373,0.0
2025-09-25 12:00:00,0.013000000000000001,0.293,27.633,212.82691200000002,0.757,0.0
2025-09-25 13:00:00,0.012,0.273,27.695,197.656511,1.216,0.008587
2025-09-25 14:00:00,0.011,0.224,27.641,160.553174,1.5150000000000001,0.051314
2025-09-25 15:00:00,0.009000000000000001,0.155,27.479,107.280583,1.7730000000000001,0.16880099999999998
2025-09-25 16:00:00,0.006,0.085,27.233,52.584464,2.021,0.427787
2025-09-25 17:00:00,0.004,0.029,26.743,10.617966000000001,2.477,1.589288
2025-09-25 18:00:00,0.0,0.001,25.929,0.0,3.198,6.013227
2025-09-25 19:00:00,0.0,0.0,25.533,0.0,3.417,8.009917
2025-09-25 20:00:00,0.0,0.0,25.319,0.0,3.257,6.470439000000001
2025-09-25 21:00:00,0.0,0.0,25.137,0.0,3.155,5.592551
2025-09-25 22:00:00,0.0,0.0,24.837,0.0,3.716,11.452328999999999
2025-09-25 23:00:00,0.0,0.0,24.571,0.0,4.694,26.559348999999997
2025-09-26 00:00:00,0.0,0.0,24.397,0.0,5.115,35.215889000000004
2025-09-26 01:00:00,0.0,0.0,24.172,0.0,5.097,34.823524
2025-09-26 02:00:00,0.0,0.0,23.997,0.0,5.085,34.556197999999995
2025-09-26 03:00:00,0.0,0.0,23.87,0.0,4.971,32.110233
2025-09-26 04:00:00,0.0,0.0,23.754,0.0,4.521,23.398797
2025-09-26 05:00:00,0.0,0.0,23.697,0.0,3.854,13.101497
2025-09-26 06:00:00,0.007,0.01,23.836,0.9829640000000001,3.357,7.412336
2025-09-26 07:00:00,0.03,0.08,24.876,67.585769,3.012,4.47742
2025-09-26 08:00:00,0.059000000000000004,0.184,25.763,168.280673,2.743,2.7697570000000002
2025-09-26 09:00:00,0.069,0.278,26.677,243.17637200000001,3.01,4.465209
2025-09-26 10:00:00,0.079,0.359,27.428,306.293437,2.826,3.241418
2025-09-26 11:00:00,0.112,0.427,28.174,373.27331699999996,2.2,0.767081
2025-09-26 12:00:00,0.124,0.442,28.79,389.691289,1.445,0.035479
2025-09-26 13:00:00,0.127,0.417,29.101,374.280506,1.216,0.008586
2025-09-26 14:00:00,0.12,0.354,29.098,328.145906,1.6360000000000001,0.09581300000000001
2025-09-26 15:00:00,0.096,0.263,28.739,249.819836,2.3529999999999998,1.162488
2025-09-26 16:00:00,0.043000000000000003,0.14,27.982,120.69573600000001,3.05,4.7584930000000005
2025-09-26 17:00:00,0.022,0.048,27.049,36.435125,3.516,9.041933
2025-09-26 18:00:00,0.001,0.002,26.06,0.0,3.761,11.90469
2025-09-26 19:00:00,0.0,0.0,25.529,0.0,3.877,13.52548
2025-09-26 20:00:00,0.0,0.0,25.195,0.0,3.901,13.832208000000001
2025-09-26 21:00:00,0.0,0.0,24.945,0.0,3.973,14.79718
2025-09-26 22:00:00,0.0,0.0,24.753,0.0,4.156,17.431269
2025-09-26 23:00:00,0.0,0.0,24.599,0.0,4.383,21.166572
2025-09-27 00:00:00,0.0,0.0,24.46,0.0,4.679,26.278964
2025-09-27 01:00:00,0.0,0.0,24.332,0.0,4.89,30.431541000000003
2025-09-27 02:00:00,0.0,0.0,24.215,0.0,5.056,34.136419000000004
2025-09-27 03:00:00,0.0,0.0,24.096,0.0,5.15,36.002672
2025-09-27 04:00:00,0.0,0.0,23.963,0.0,5.094,34.754063
2025-09-27 05:00:00,0.0,0.0,23.856,0.0,4.954,31.744881
2025-09-27 06:00:00,0.015,0.012,23.896,6.408669,4.751,27.656464
2025-09-27 07:00:00,0.096,0.099,24.826,131.70436600000002,3.747,11.733531000000001
2025-09-27 08:00:00,0.203,0.202,25.736,285.832243,3.597,9.947835
2025-09-27 09:00:00,0.252,0.289,26.958,376.858162,3.196,5.979568
2025-09-27 10:00:00,0.267,0.36,28.009,429.92985200000004,2.751,2.813287
2025-09-27 11:00:00,0.276,0.40800000000000003,28.735,463.480816,2.7279999999999998,2.734789
2025-09-27 12:00:00,0.219,0.434,29.046,443.938987,2.974,4.262437
2025-09-27 13:00:00,0.139,0.41500000000000004,29.062,381.54975199999996,3.191,5.901055
2025-09-27 14:00:00,0.054,0.308,28.598,252.138929,3.426,8.100867000000001
2025-09-27 15:00:00,0.031,0.20400000000000001,28.032,159.655372,3.742,11.669471
2025-09-27 16:00:00,0.019,0.111,27.433,81.232814,3.794,12.323563
2025-09-27 17:00:00,0.013000000000000001,0.04,26.807,23.758705000000003,4.09,16.395043
2025-09-27 18:00:00,0.001,0.001,26.154,0.0,5.141,35.804829
2025-09-27 19:00:00,0.0,0.0,25.834,0.0,5.542,45.627413999999995
2025-09-27 20:00:00,0.0,0.0,25.604,0.0,5.813,52.599961
2025-09-27 21:00:00,0.0,0.0,25.374,0.0,6.044,59.326423000000005
2025-09-27 22:00:00,0.0,0.0,25.131,0.0,5.894,54.893094
2025-09-27 23:00:00,0.0,0.0,24.904,0.0,6.156,62.594474999999996
2025-09-28 00:00:00,0.0,0.0,24.694,0.0,5.687,49.185365
2025-09-28 01:00:00,0.0,0.0,24.52,0.0,5.38,41.360159
2025-09-28 02:00:00,0.0,0.0,24.401,0.0,5.329,40.158415
2025-09-28 03:00:00,0.0,0.0,24.278,0.0,5.295,39.557596
2025-09-28 04:00:00,0.0,0.0,24.183,0.0,5.186,36.80362
2025-09-28 05:00:00,0.0,0.0,24.096,0.0,5.196,37.161177
2025-09-28 06:00:00,0.004,0.008,24.142,0.0,5.312,39.947523999999994
2025-09-28 07:00:00,0.02,0.075,24.895,55.57823200000001,4.511,23.211827
2025-09-28 08:00:00,0.038,0.17400000000000002,25.586,144.58811300000002,4.057,15.906874
2025-09-28 09:00:00,0.048,0.27,26.336,222.687435,4.267,19.09932
2025-09-28 10:00:00,0.051000000000000004,0.34600000000000003,27.086,278.87712,4.158,17.434587999999998
2025-09-28 11:00:00,0.049,0.391,27.637,308.200511,4.162,17.473912
2025-09-28 12:00:00,0.043000000000000003,0.391,27.959,303.07610999999997,4.229,18.50771
2025-09-28 13:00:00,0.034,0.34900000000000003,28.05,267.437657,4.365,20.789514
2025-09-28 14:00:00,0.026000000000000002,0.274,27.948,207.64156899999998,4.3870000000000005,21.218306000000002
2025-09-28 15:00:00,0.018000000000000002,0.185,27.713,136.631328,4.116,16.843837999999998
2025-09-28 16:00:00,0.013000000000000001,0.10400000000000001,27.343,71.263576,3.849,13.037365
2025-09-28 17:00:00,0.009000000000000001,0.036000000000000004,26.78,18.244958999999998,4.032,15.649089
2025-09-28 18:00:00,0.0,0.001,26.01,0.0,4.389,21.259491999999998
2025-09-28 19:00:00,0.0,0.0,25.642,0.0,4.633,25.592416
2025-09-28 20:00:00,0.0,0.0,25.402,0.0,4.835,29.306827000000002
2025-09-28 21:00:00,0.0,0.0,25.18,0.0,5.192,36.981843
2025-09-28 22:00:00,0.0,0.0,24.983,0.0,5.445,43.090115
2025-09-28 23:00:00,0.0,0.0,24.786,0.0,5.452,43.346016000000006
2025-09-29 00:00:00,0.0,0.0,24.584,0.0,5.154,36.082246
2025-09-29 01:00:00,0.0,0.0,24.374,0.0,4.909,30.819015
2025-09-29 02:00:00,0.0,0.0,24.217,0.0,4.886,30.421264
2025-09-29 03:00:00,0.0,0.0,24.109,0.0,4.529,23.678534
2025-09-29 04:00:00,0.0,0.0,24.066,0.0,3.719,11.499782
2025-09-29 05:00:00,0.0,0.0,24.09,0.0,2.9370000000000003,3.949646
2025-09-29 06:00:00,0.004,0.008,24.094,0.0,2.813,3.1678800000000003
2025-09-29 07:00:00,0.016,0.07200000000000001,24.848,50.151360000000004,2.884,3.6017550000000003
2025-09-29 08:00:00,0.02,0.149,25.502,112.27565700000001,2.474,1.57883
2025-09-29 09:00:00,0.025,0.23600000000000002,26.303,180.69464799999997,2.101,0.555601
2025-09-29 10:00:00,0.022,0.28700000000000003,27.092,215.24220300000002,1.383,0.02589
2025-09-29 11:00:00,0.025,0.342,27.671,256.825837,1.208,0.008284000000000001
2025-09-29 12:00:00,0.025,0.34800000000000003,27.966,260.303646,1.631,0.093841
2025-09-29 13:00:00,0.021,0.312,27.998,232.242703,2.304,1.028313
2025-09-29 14:00:00,0.019,0.254,27.877,188.315568,3.005,4.422652
2025-09-29 15:00:00,0.015,0.179,27.618,129.29559,3.473,8.682504000000002
2025-09-29 16:00:00,0.009000000000000001,0.093,27.191,60.022794000000005,3.752,11.795885
2025-09-29 17:00:00,0.005,0.03,26.578,11.696374,4.173,17.635037
2025-09-29 18:00:00,0.0,0.001,25.775,0.0,4.509,23.181142
2025-09-29 19:00:00,0.0,0.0,25.336,0.0,4.868,30.13921
2025-09-29 20:00:00,0.0,0.0,25.058,0.0,5.3,39.677509
2025-09-29 21:00:00,0.0,0.0,24.87,0.0,4.34,20.296934
2025-09-29 22:00:00,0.0,0.0,24.891,0.0,2.678,2.4330760000000002
2025-09-29 23:00:00,0.0,0.0,25.02,0.0,1.558,0.06615399999999999
2025-09-30 00:00:00,0.0,0.0,24.919,0.0,1.6360000000000001,0.096153
2025-09-30 01:00:00,0.0,0.0,24.481,0.0,2.821,3.212513
2025-09-30 02:00:00,0.0,0.0,24.17,0.0,3.646,10.553979
2025-09-30 03:00:00,0.0,0.0,24.071,0.0,3.867,13.354607
2025-09-30 04:00:00,0.0,0.0,24.089,0.0,3.586,9.824029000000001
2025-09-30 05:00:00,0.0,0.0,24.169,0.0,3.1390000000000002,5.457026
2025-09-30 06:00:00,0.001,0.005,24.325,0.0,2.511,1.688626
2025-09-30 07:00:00,0.005,0.047,24.951,24.068711999999998,1.807,0.200501
2025-09-30 08:00:00,0.009000000000000001,0.116,25.68,78.514507,0.994,0.0013440000000000001
2025-09-30 09:00:00,0.016,0.20800000000000002,26.553,153.484841,0.511,0.0
2025-09-30 10:00:00,0.023,0.293,27.483,220.43936300000001,1.116,0.004235
2025-09-30 11:00:00,0.03,0.356,27.944,270.03934000000004,1.6320000000000001,0.094413
2025-09-30 12:00:00,0.035,0.38,28.191,289.812156,1.9969999999999999,0.3946
2025-09-30 13:00:00,0.038,0.363,28.248,279.787468,2.253,0.873183
2025-09-30 14:00:00,0.035,0.301,28.141,234.21922899999998,2.544,1.856799
2025-09-30 15:00:00,0.026000000000000002,0.209,27.94,160.058994,2.642,2.253908
2025-09-30 16:00:00,0.014,0.108,27.513,75.553663,2.901,3.713801
2025-09-30 17:00:00,0.007,0.033,26.888,15.226077,3.273,6.618399999999999
2025-09-30 18:00:00,0.0,0.001,26.049,0.0,3.683,10.948443
2025-09-30 19:00:00,0.0,0.0,25.627,0.0,3.936,14.20441
2025-09-30 20:00:00,0.0,0.0,25.396,0.0,4.02,15.37437
2025-09-30 21:00:00,0.0,0.0,25.167,0.0,4.384,21.172777
2025-09-30 22:00:00,0.0,0.0,24.968,0.0,4.7780000000000005,28.333938
2025-09-30 23:00:00,0.0,0.0,24.805,0.0,4.869,30.15658
2025-10-01 00:00:00,0.0,0.0,24.684,0.0,4.878,30.380612
2025-10-01 01:00:00,0.0,0.0,24.591,0.0,4.515,23.285758
2025-10-01 02:00:00,0.0,0.0,24.539,0.0,4.087,16.344783
2025-10-01 03:00:00,0.0,0.0,24.53,0.0,3.83,12.787837
2025-10-01 04:00:00,0.0,0.0,24.52,0.0,3.5380000000000003,9.288917999999999
2025-10-01 05:00:00,0.0,0.0,24.476,0.0,3.329,7.1407169999999995
2025-10-01 06:00:00,0.002,0.006,24.505,0.0,3.065,4.8737960000000005
2025-10-01 07:00:00,0.007,0.054,25.306,29.970663000000002,2.624,2.170068
2025-10-01 08:00:00,0.009000000000000001,0.11800000000000001,25.913,79.667164,1.6640000000000001,0.107784
2025-10-01 09:00:00,0.01,0.185,26.499,130.933708,1.34,0.019482
2025-10-01 10:00:00,0.009000000000000001,0.226,27.023,161.55288000000002,1.601,0.07913200000000001
2025-10-01 11:00:00,0.012,0.28,27.397,202.848875,1.8599999999999999,0.239567
2025-10-01 12:00:00,0.015,0.309,27.64,225.666718,2.015,0.41944
2025-10-01 13:00:00,0.014,0.28500000000000003,27.66,208.216549,2.26,0.891007
2025-10-01 14:00:00,0.012,0.227,27.443,163.585915,2.585,2.014229
2025-10-01 15:00:00,0.007,0.14200000000000002,27.048,95.842657,2.8449999999999998,3.3595520000000003
2025-10-01 16:00:00,0.003,0.062,26.476,33.367297,3.017,4.510245
2025-10-01 17:00:00,0.003,0.024,25.926,6.4993680000000005,3.286,6.736225
2025-10-01 18:00:00,0.0,0.001,25.308,0.0,3.4,7.840584
2025-10-01 19:00:00,0.0,0.0,25.035,0.0,3.086,5.035113
2025-10-01 20:00:00,0.0,0.0,24.943,0.0,2.518,1.7155129999999998
2025-10-01 21:00:00,0.0,0.0,24.922,0.0,1.9020000000000001,0.28016800000000003
2025-10-01 22:00:00,0.0,0.0,24.654,0.0,2.31,1.045055
2025-10-01 23:00:00,0.0,0.0,24.449,0.0,3.504,8.973861999999999
2025-10-02 00:00:00,0.0,0.0,24.349,0.0,4.012,15.262028
2025-10-02 01:00:00,0.0,0.0,24.291,0.0,3.701,11.277473
2025-10-02 02:00:00,0.0,0.0,24.242,0.0,3.13,5.386549
2025-10-02 03:00:00,0.0,0.0,24.166,0.0,2.983,4.310438
2025-10-02 04:00:00,0.0,0.0,24.114,0.0,2.988,4.315898
2025-10-02 05:00:00,0.0,0.0,24.067,0.0,3.128,5.384242
2025-10-02 06:00:00,0.002,0.006,24.094,0.0,3.357,7.414988999999999
2025-10-02 07:00:00,0.012,0.062,24.881,39.71879,3.083,5.0148969999999995
2025-10-02 08:00:00,0.024,0.152,25.554,117.283987,2.589,2.0169010000000003
2025-10-02 09:00:00,0.032,0.244,26.171,192.655312,2.731,2.7443530000000003
2025-10-02 10:00:00,0.037,0.32,26.709,251.20432399999999,2.9699999999999998,4.238553
2025-10-02 11:00:00,0.043000000000000003,0.375,27.098,293.25563900000003,3.144,5.49712
2025-10-02 12:00:00,0.059000000000000004,0.41300000000000003,27.386,329.951578,3.468,8.630274
2025-10-02 13:00:00,0.069,0.398,27.552,326.49758399999996,3.801,12.409503
2025-10-02 14:00:00,0.062,0.33,27.539,274.78831099999996,3.943,14.331088
2025-10-02 15:00:00,0.049,0.23600000000000002,27.334,198.073701,3.867,13.365188
2025-10-02 16:00:00,0.03,0.13,26.92,104.13888499999999,3.674,10.843812
2025-10-02 17:00:00,0.017,0.044,26.286,30.015949,3.6950000000000003,11.137732
2025-10-02 18:00:00,0.001,0.002,25.381,0.0,4.064,16.000837
2025-10-02 19:00:00,0.0,0.0,24.892,0.0,4.569,24.246133
2025-10-02 20:00:00,0.0,0.0,24.578,0.0,4.87,30.212493
2025-10-02 21:00:00,0.0,0.0,24.301,0.0,4.981,32.316297999999996
2025-10-02 22:00:00,0.0,0.0,24.049,0.0,5.13,35.561894
2025-10-02 23:00:00,0.0,0.0,23.797,0.0,5.194,37.064201999999995
2025-10-03 00:00:00,0.0,0.0,23.582,0.0,5.259,38.498941
2025-10-03 01:00:00,0.0,0.0,23.383,0.0,5.49,44.069331
2025-10-03 02:00:00,0.0,0.0,23.198,0.0,5.862,53.986813999999995
2025-10-03 03:00:00,0.0,0.0,23.125,0.0,6.251,65.548864
2025-10-03 04:00:00,0.0,0.0,23.088,0.0,5.979,57.58636
2025-10-03 05:00:00,0.0,0.0,23.027,0.0,5.144,35.871648
2025-10-03 06:00:00,0.022,0.012,23.178,11.182587999999999,4.297,19.6325
2025-10-03 07:00:00,0.14,0.097,24.52,164.934461,3.694,11.115665000000002
2025-10-03 08:00:00,0.311,0.182,25.741,347.068098,3.868,13.38481
2025-10-03 09:00:00,0.495,0.221,27.029,486.851766,4.377,21.059007
2025-10-03 10:00:00,0.595,0.23700000000000002,28.112,551.510777,4.3,19.63627
2025-10-03 11:00:00,0.598,0.267,28.98,566.983798,3.281,6.693027
2025-10-03 12:00:00,0.449,0.341,29.462,524.22175,1.501,0.047966999999999996
2025-10-03 13:00:00,0.276,0.382,29.515,445.231058,0.875,0.00033600000000000004
2025-10-03 14:00:00,0.176,0.34500000000000003,29.211,359.656272,1.7269999999999999,0.139452
2025-10-03 15:00:00,0.048,0.214,28.275,179.93004000000002,2.306,1.033382
2025-10-03 16:00:00,0.024,0.112,27.426,85.851564,2.246,0.856432
2025-10-03 17:00:00,0.011,0.034,26.705,18.684317,2.394,1.273925
2025-10-03 18:00:00,0.0,0.001,25.995,0.0,2.923,3.855636
2025-10-03 19:00:00,0.0,0.0,25.591,0.0,3.404,7.87983
2025-10-03 20:00:00,0.0,0.0,25.356,0.0,3.6550000000000002,10.61271
2025-10-03 21:00:00,0.0,0.0,25.172,0.0,3.792,12.289579
2025-10-03 22:00:00,0.0,0.0,25.005,0.0,4.119,16.935435000000002
2025-10-03 23:00:00,0.0,0.0,24.793,0.0,4.346,20.387267
2025-10-04 00:00:00,0.0,0.0,24.55,0.0,4.873,30.269531
2025-10-04 01:00:00,0.0,0.0,24.339,0.0,5.506,44.47604
2025-10-04 02:00:00,0.0,0.0,24.201,0.0,6.158,62.6665
2025-10-04 03:00:00,0.0,0.0,24.184,0.0,6.617,77.72631
2025-10-04 04:00:00,0.0,0.0,24.11,0.0,6.44,71.905273
2025-10-04 05:00:00,0.0,0.0,24.035,0.0,5.996,57.818375
2025-10-04 06:00:00,0.001,0.003,24.026,0.0,5.64,47.925725
2025-10-04 07:00:00,0.003,0.035,24.46,14.088357,5.061,34.235906
2025-10-04 08:00:00,0.006,0.095,24.884,59.841567000000005,4.268,19.117022000000002
2025-10-04 09:00:00,0.016,0.2,25.489,147.451375,4.537,23.833913
2025-10-04 10:00:00,0.056,0.354,26.344,288.65268599999996,5.011,32.961628
2025-10-04 11:00:00,0.098,0.436,27.147,371.697172,4.923,31.107336
2025-10-04 12:00:00,0.096,0.444,27.629,375.420576,4.606,24.921376
2025-10-04 13:00:00,0.089,0.41300000000000003,27.882,349.037354,4.375,21.028741999999998
2025-10-04 14:00:00,0.076,0.34400000000000003,27.891,293.572472,4.362,20.699205999999997
2025-10-04 15:00:00,0.045,0.233,27.566,192.33516200000003,4.398,21.404866000000002
2025-10-04 16:00:00,0.02,0.115,26.985,85.044984,4.423,21.685243
2025-10-04 17:00:00,0.009000000000000001,0.035,26.255,18.299440999999998,4.724,27.142872999999998
2025-10-04 18:00:00,0.0,0.001,25.53,0.0,4.939,31.436424
2025-10-04 19:00:00,0.0,0.0,25.192,0.0,4.8629999999999995,29.934458
2025-10-04 20:00:00,0.0,0.0,24.956,0.0,4.843,29.478175
2025-10-04 21:00:00,0.0,0.0,24.765,0.0,4.825,29.123862000000003
2025-10-04 22:00:00,0.0,0.0,24.569,0.0,4.814,29.005521
2025-10-04 23:00:00,0.0,0.0,24.397,0.0,4.861,29.848167
2025-10-05 00:00:00,0.0,0.0,24.243,0.0,4.822,29.057396
2025-10-05 01:00:00,0.0,0.0,24.101,0.0,4.789,28.589865000000003
2025-10-05 02:00:00,0.0,0.0,23.974,0.0,4.718,27.024839
2025-10-05 03:00:00,0.0,0.0,23.842,0.0,4.57,24.272971000000002
2025-10-05 04:00:00,0.0,0.0,23.717,0.0,4.381,21.121461
2025-10-05 05:00:00,0.0,0.0,23.615,0.0,3.966,14.733681
2025-10-05 06:00:00,0.004,0.007,23.635,0.0,3.455,8.486277
2025-10-05 07:00:00,0.02,0.07200000000000001,24.496,52.833487,2.822,3.220102
2025-10-05 08:00:00,0.042,0.17400000000000002,25.223,147.96575,2.9050000000000002,3.740404
2025-10-05 09:00:00,0.058,0.275,26.059,234.413295,3.282,6.702966999999999
2025-10-05 10:00:00,0.065,0.356,26.878,295.58070799999996,3.607,10.064825
2025-10-05 11:00:00,0.067,0.405,27.408,329.984871,4.019,15.356963
2025-10-05 12:00:00,0.07,0.421,27.721,342.401387,4.377,21.058919000000003
2025-10-05 13:00:00,0.063,0.386,27.828,313.545554,4.798,28.754987
2025-10-05 14:00:00,0.056,0.323,27.751,265.31334999999996,5.145,35.884207
2025-10-05 15:00:00,0.027,0.199,27.316,154.203343,5.246,38.179323
2025-10-05 16:00:00,0.02,0.113,26.812,83.64836100000001,4.867,30.103372
2025-10-05 17:00:00,0.013000000000000001,0.039,26.207,24.135866,4.776,28.242563999999998
2025-10-05 18:00:00,0.0,0.001,25.478,0.0,5.426,42.474523999999995
2025-10-05 19:00:00,0.0,0.0,25.019,0.0,5.522,44.931285
2025-10-05 20:00:00,0.0,0.0,24.705,0.0,5.155,36.100928
2025-10-05 21:00:00,0.0,0.0,24.411,0.0,4.374,21.013016
2025-10-05 22:00:00,0.0,0.0,24.16,0.0,3.521,9.10176
2025-10-05 23:00:00,0.0,0.0,23.997,0.0,2.761,2.8656449999999998
2025-10-06 00:00:00,0.0,0.0,23.847,0.0,2.5789999999999997,2.005299
2025-10-06 01:00:00,0.0,0.0,23.649,0.0,2.823,3.2254050000000003
2025-10-06 02:00:00,0.0,0.0,23.41,0.0,3.42,8.035466999999999
2025-10-06 03:00:00,0.0,0.0,23.24,0.0,4.072,16.124105
2025-10-06 04:00:00,0.0,0.0,23.085,0.0,4.317,19.907992999999998
2025-10-06 05:00:00,0.0,0.0,22.944,0.0,4.316,19.904418
2025-10-06 06:00:00,0.025,0.012,23.003,13.147575999999999,4.365,20.772266
2025-10-06 07:00:00,0.155,0.095,24.209,174.686888,3.659,10.664042
2025-10-06 08:00:00,0.311,0.179,25.25,345.755725,3.444,8.328686
2025-10-06 09:00:00,0.40700000000000003,0.23800000000000002,26.634,444.24838900000003,2.918,3.819757
2025-10-06 10:00:00,0.466,0.278,27.939,501.191235,2.331,1.104437
2025-10-06 11:00:00,0.491,0.305,28.825,528.6634320000001,2.1310000000000002,0.609602
2025-10-06 12:00:00,0.446,0.334,29.272,518.927011,2.192,0.7384
2025-10-06 13:00:00,0.385,0.342,29.325,487.750607,2.429,1.389619
2025-10-06 14:00:00,0.322,0.313,29.123,432.414046,2.713,2.655304
2025-10-06 15:00:00,0.25,0.252,28.709,347.800793,2.967,4.215336000000001
2025-10-06 16:00:00,0.10300000000000001,0.15,28.032,174.061452,3.129,5.3847
2025-10-06 17:00:00,0.045,0.051000000000000004,27.302,55.667286,3.334,7.192731
2025-10-06 18:00:00,0.001,0.001,26.374,0.0,3.662,10.701484
2025-10-06 19:00:00,0.0,0.0,25.902,0.0,3.9779999999999998,14.803598
2025-10-06 20:00:00,0.0,0.0,25.555,0.0,4.657,26.029708
2025-10-06 21:00:00,0.0,0.0,25.282,0.0,5.432,42.631812
2025-10-06 22:00:00,0.0,0.0,25.077,0.0,5.644,48.027811
2025-10-06 23:00:00,0.0,0.0,24.879,0.0,5.227,37.753629999999994
2025-10-07 00:00:00,0.0,0.0,24.686,0.0,4.82,29.015079
2025-10-07 01:00:00,0.0,0.0,24.569,0.0,4.423,21.674833
2025-10-07 02:00:00,0.0,0.0,24.519,0.0,4.14,17.267062999999997
2025-10-07 03:00:00,0.0,0.0,24.488,0.0,4.133,17.160884
2025-10-07 04:00:00,0.0,0.0,24.44,0.0,3.91,13.843867
2025-10-07 05:00:00,0.0,0.0,24.397,0.0,3.617,10.239035
2025-10-07 06:00:00,0.002,0.005,24.414,0.0,3.346,7.305707999999999
2025-10-07 07:00:00,0.01,0.057,25.149,34.597561999999996,3.13,5.385933
2025-10-07 08:00:00,0.028,0.158,25.911,124.67808900000001,2.525,1.76291
2025-10-07 09:00:00,0.044,0.259,26.628,211.814075,2.237,0.835939
2025-10-07 10:00:00,0.056,0.34600000000000003,27.419,281.484175,1.674,0.110503
2025-10-07 11:00:00,0.066,0.403,28.113,326.846725,0.978,0.001286
2025-10-07 12:00:00,0.075,0.425,28.595,346.632321,0.294,0.0
2025-10-07 13:00:00,0.07100000000000001,0.394,28.785,322.641793,0.182,0.0
2025-10-07 14:00:00,0.059000000000000004,0.321,28.706,264.569929,0.20600000000000002,0.0
2025-10-07 15:00:00,0.048,0.23,28.443,191.620779,0.28,0.0
2025-10-07 16:00:00,0.035,0.132,28.176,109.20277800000001,0.547,0.0
2025-10-07 17:00:00,0.024,0.046,27.758,36.218154999999996,1.145,0.005403000000000001
2025-10-07 18:00:00,0.001,0.002,26.686,0.0,1.795,0.190935
2025-10-07 19:00:00,0.0,0.0,26.076,0.0,2.501,1.6505969999999999
2025-10-07 20:00:00,0.0,0.0,25.689,0.0,2.987,4.315564
2025-10-07 21:00:00,0.0,0.0,25.339,0.0,3.5,8.964677
2025-10-07 22:00:00,0.0,0.0,25.058,0.0,4.021,15.410065000000001
2025-10-07 23:00:00,0.0,0.0,24.826,0.0,4.359,20.604041000000002
2025-10-08 00:00:00,0.0,0.0,24.679,0.0,4.464,22.392018
2025-10-08 01:00:00,0.0,0.0,24.57,0.0,4.535,23.795263
2025-10-08 02:00:00,0.0,0.0,24.448,0.0,4.779,28.353119
2025-10-08 03:00:00,0.0,0.0,24.369,0.0,5.009,32.90464299999999
2025-10-08 04:00:00,0.0,0.0,24.329,0.0,5.123,35.395368000000005
2025-10-08 05:00:00,0.0,0.0,24.282,0.0,5.098,34.845205
2025-10-08 06:00:00,0.003,0.006,24.336,0.0,5.121,35.361491
2025-10-08 07:00:00,0.013000000000000001,0.063,25.212,41.241324999999996,4.604,24.886662
2025-10-08 08:00:00,0.025,0.153,25.894,118.69072,3.85,13.050673000000002
2025-10-08 09:00:00,0.037,0.25,26.657,199.65983,3.932,14.137248
2025-10-08 10:00:00,0.05,0.34,27.426,273.026388,3.469,8.639271
2025-10-08 11:00:00,0.056,0.394,28.064,313.446931,2.691,2.496264
2025-10-08 12:00:00,0.057,0.406,28.511,321.755596,2.032,0.455323
2025-10-08 13:00:00,0.059000000000000004,0.383,28.801,307.304661,1.6280000000000001,0.09234099999999999
2025-10-08 14:00:00,0.05,0.313,28.813,252.25472399999998,1.659,0.106725
2025-10-08 15:00:00,0.04,0.221,28.645,178.846319,1.988,0.382419
2025-10-08 16:00:00,0.032,0.129,28.255,103.936674,2.24,0.843376
2025-10-08 17:00:00,0.02,0.044,27.628,31.871544999999998,2.496,1.631127
2025-10-08 18:00:00,0.001,0.001,26.599,0.0,2.879,3.570566
2025-10-08 19:00:00,0.0,0.0,26.04,0.0,3.253,6.441505
2025-10-08 20:00:00,0.0,0.0,25.651,0.0,3.636,10.503841
2025-10-08 21:00:00,0.0,0.0,25.337,0.0,3.758,11.862860000000001
2025-10-08 22:00:00,0.0,0.0,25.052,0.0,3.552,9.442929
2025-10-08 23:00:00,0.0,0.0,24.814,0.0,3.465,8.596648
2025-10-09 00:00:00,0.0,0.0,24.673000000000002,0.0,3.404,7.874098
2025-10-09 01:00:00,0.0,0.0,24.574,0.0,3.399,7.829002
2025-10-09 02:00:00,0.0,0.0,24.438,0.0,3.739,11.632127
2025-10-09 03:00:00,0.0,0.0,24.307,0.0,4.081,16.259225
2025-10-09 04:00:00,0.0,0.0,24.2,0.0,4.076,16.177585999999998
2025-10-09 05:00:00,0.0,0.0,24.083,0.0,3.99,14.951514999999999
2025-10-09 06:00:00,0.003,0.007,24.064,0.0,3.9619999999999997,14.682044
2025-10-09 07:00:00,0.019,0.073,24.916,53.194402000000004,3.557,9.493317999999999
2025-10-09 08:00:00,0.032,0.165,25.56,132.935334,2.336,1.1180029999999999
2025-10-09 09:00:00,0.041,0.26,26.395,210.95512100000002,1.001,0.0013830000000000001
2025-10-09 10:00:00,0.049,0.343,27.311,274.915212,0.704,0.0
2025-10-09 11:00:00,0.052000000000000005,0.397,27.825,313.51766200000003,1.228,0.009292
2025-10-09 12:00:00,0.035,0.372,27.892,284.586752,1.313,0.0169
2025-10-09 13:00:00,0.019,0.295,27.653,218.927871,1.242,0.010230000000000001
2025-10-09 14:00:00,0.017,0.241,27.39,177.69208600000002,1.317,0.01703
2025-10-09 15:00:00,0.015,0.17200000000000001,27.063,124.533155,1.434,0.033389
2025-10-09 16:00:00,0.01,0.091,26.681,59.821577,1.609,0.081821
2025-10-09 17:00:00,0.008,0.031,26.187,14.510943,1.925,0.30569999999999997
2025-10-09 18:00:00,0.0,0.001,25.486,0.0,2.585,2.014156
2025-10-09 19:00:00,0.0,0.0,25.082,0.0,3.177,5.774398
2025-10-09 20:00:00,0.0,0.0,24.808,0.0,3.66,10.671425
2025-10-09 21:00:00,0.0,0.0,24.606,0.0,4.106,16.628395
2025-10-09 22:00:00,0.0,0.0,24.434,0.0,4.188,17.871697
2025-10-09 23:00:00,0.0,0.0,24.24,0.0,3.969,14.778465
2025-10-10 00:00:00,0.0,0.0,23.981,0.0,3.9290000000000003,14.097809
2025-10-10 01:00:00,0.0,0.0,23.741,0.0,3.9859999999999998,14.891021
2025-10-10 02:00:00,0.0,0.0,23.594,0.0,3.773,12.052635
2025-10-10 03:00:00,0.0,0.0,23.536,0.0,3.39,7.734177
2025-10-10 04:00:00,0.0,0.0,23.522,0.0,2.825,3.234035
2025-10-10 05:00:00,0.0,0.0,23.409,0.0,2.596,2.044378
2025-10-10 06:00:00,0.017,0.011,23.259,7.028267,2.67,2.389616
2025-10-10 07:00:00,0.065,0.08600000000000001,24.051,99.145412,2.8040000000000003,3.141723
2025-10-10 08:00:00,0.113,0.188,24.846,211.998152,2.689,2.4880549999999997
2025-10-10 09:00:00,0.112,0.277,25.791,275.38732400000004,2.942,3.999137
2025-10-10 10:00:00,0.12,0.354,26.568,332.56423700000005,3.407,7.904477
2025-10-10 11:00:00,0.158,0.404,27.09,390.469773,4.113,16.759825
2025-10-10 12:00:00,0.28700000000000003,0.397,27.523,466.145425,4.993,32.570148
2025-10-10 13:00:00,0.462,0.32,27.871,524.036923,5.909,55.304058
2025-10-10 14:00:00,0.488,0.272,27.842,510.660566,6.731,81.80236500000001
2025-10-10 15:00:00,0.396,0.231,27.451,430.861496,7.261,101.39905800000001
2025-10-10 16:00:00,0.28800000000000003,0.159,26.868,313.851509,6.9350000000000005,88.94490300000001
2025-10-10 17:00:00,0.13,0.063,26.039,129.700955,6.193,63.937084999999996
2025-10-10 18:00:00,0.002,0.002,25.059,0.0,6.266,66.125068
2025-10-10 19:00:00,0.0,0.0,24.658,0.0,5.977,57.523493
2025-10-10 20:00:00,0.0,0.0,24.413,0.0,5.965,57.184369
2025-10-10 21:00:00,0.0,0.0,24.258,0.0,5.663,48.529545
2025-10-10 22:00:00,0.0,0.0,24.18,0.0,6.115,61.356549
2025-10-10 23:00:00,0.0,0.0,24.096,0.0,6.432,71.410808
2025-10-11 00:00:00,0.0,0.0,23.995,0.0,6.743,82.214929
2025-10-11 01:00:00,0.0,0.0,23.851,0.0,6.759,82.81259299999999
2025-10-11 02:00:00,0.0,0.0,23.697,0.0,6.38,69.648566
2025-10-11 03:00:00,0.0,0.0,23.586,0.0,6.418,71.120548
2025-10-11 04:00:00,0.0,0.0,23.549,0.0,6.838,85.340943
2025-10-11 05:00:00,0.0,0.0,23.549,0.0,6.939,89.272435
2025-10-11 06:00:00,0.007,0.009000000000000001,23.6,0.0,6.527,74.48769800000001
2025-10-11 07:00:00,0.038,0.082,24.283,75.538663,5.68,48.987125
2025-10-11 08:00:00,0.08700000000000001,0.191,25.047,194.809131,6.422,71.252384
2025-10-11 09:00:00,0.157,0.299,25.939,321.13608899999997,7.395,106.68552899999999
2025-10-11 10:00:00,0.194,0.377,26.78,397.08574200000004,7.584,114.117762
2025-10-11 11:00:00,0.183,0.429,27.32,422.049102,7.755,121.109227
2025-10-11 12:00:00,0.15,0.443,27.569,409.432652,7.881,126.122702
2025-10-11 13:00:00,0.1,0.406,27.486,352.52022600000004,7.979,130.257035
2025-10-11 14:00:00,0.042,0.292,27.013,234.025405,7.807,123.033233
2025-10-11 15:00:00,0.019,0.17400000000000002,26.436,129.293922,7.267,101.411496
2025-10-11 16:00:00,0.01,0.084,25.903,54.644866,6.472,72.707717
2025-10-11 17:00:00,0.006,0.026000000000000002,25.406,10.335081,6.252,65.604307
2025-10-11 18:00:00,0.0,0.001,24.838,0.0,6.5120000000000005,73.99022199999999
2025-10-11 19:00:00,0.0,0.0,24.479,0.0,6.506,73.792958
2025-10-11 20:00:00,0.0,0.0,24.263,0.0,6.5120000000000005,73.97208
2025-10-11 21:00:00,0.0,0.0,24.092,0.0,6.364,69.260117
2025-10-11 22:00:00,0.0,0.0,23.93,0.0,6.586,76.600794
2025-10-11 23:00:00,0.0,0.0,23.788,0.0,6.415,70.912866
2025-10-12 00:00:00,0.0,0.0,23.667,0.0,6.386,69.83736999999999
2025-10-12 01:00:00,0.0,0.0,23.552,0.0,6.392,70.04320200000001
2025-10-12 02:00:00,0.0,0.0,23.455,0.0,6.439,71.81749400000001
2025-10-12 03:00:00,0.0,0.0,23.343,0.0,6.226,64.933155
2025-10-12 04:00:00,0.0,0.0,23.226,0.0,6.045,59.424746
2025-10-12 05:00:00,0.0,0.0,23.108,0.0,6.015,58.510711
2025-10-12 06:00:00,0.008,0.009000000000000001,23.152,0.7519210000000001,5.948,56.634046999999995
2025-10-12 07:00:00,0.051000000000000004,0.088,23.939,89.511785,5.035,33.662089
2025-10-12 08:00:00,0.112,0.197,24.841,218.67526800000002,5.675,48.859891000000005
2025-10-12 09:00:00,0.155,0.30000000000000004,25.874,320.926921,6.09,60.605132
2025-10-12 10:00:00,0.133,0.379,26.733,358.46259299999997,5.946,56.524364
2025-10-12 11:00:00,0.079,0.406,27.199,339.311581,5.7780000000000005,51.842794000000005
2025-10-12 12:00:00,0.06,0.401,27.479,322.437804,5.58,46.601173
2025-10-12 13:00:00,0.05,0.364,27.6,289.810332,5.391,41.622089
2025-10-12 14:00:00,0.038,0.28600000000000003,27.466,226.098622,5.097,34.824940999999995
2025-10-12 15:00:00,0.027,0.195,27.13,151.167078,4.665,26.102203000000003
2025-10-12 16:00:00,0.018000000000000002,0.105,26.688,76.026724,4.313,19.842378
2025-10-12 17:00:00,0.012,0.034,26.08,19.000173,4.332,20.152043000000003
2025-10-12 18:00:00,0.0,0.001,25.278,0.0,4.982,32.334569
2025-10-12 19:00:00,0.0,0.0,24.861,0.0,5.496,44.221229
2025-10-12 20:00:00,0.0,0.0,24.555,0.0,5.165,36.339847999999996
2025-10-12 21:00:00,0.0,0.0,24.314,0.0,5.0,32.725499
2025-10-12 22:00:00,0.0,0.0,24.102,0.0,5.014,33.028057999999994
2025-10-12 23:00:00,0.0,0.0,23.929,0.0,4.968,32.050169000000004
2025-10-13 00:00:00,0.0,0.0,23.754,0.0,4.892,30.469686000000003
2025-10-13 01:00:00,0.0,0.0,23.59,0.0,4.851,29.6313
2025-10-13 02:00:00,0.0,0.0,23.434,0.0,4.745,27.53286
2025-10-13 03:00:00,0.0,0.0,23.313,0.0,4.515,23.286392
2025-10-13 04:00:00,0.0,0.0,23.218,0.0,4.413,21.620489000000003
2025-10-13 05:00:00,0.0,0.0,23.114,0.0,4.548,23.900797999999998
2025-10-13 06:00:00,0.009000000000000001,0.009000000000000001,23.168,1.261605,4.789,28.584561
2025-10-13 07:00:00,0.062,0.089,24.097,98.70087,4.151,17.424945
2025-10-13 08:00:00,0.138,0.196,25.005,235.64091200000001,4.465,22.39847
2025-10-13 09:00:00,0.244,0.28700000000000003,26.129,371.944799,5.035,33.673648
2025-10-13 10:00:00,0.276,0.356,27.2,434.80574,4.79,28.612567
2025-10-13 11:00:00,0.23800000000000002,0.41300000000000003,27.939,445.08275,4.227,18.477659
2025-10-13 12:00:00,0.179,0.437,28.344,422.36863400000004,3.719,11.490433999999999
2025-10-13 13:00:00,0.095,0.394,28.377,340.28765000000004,3.265,6.548856
2025-10-13 14:00:00,0.051000000000000004,0.30000000000000004,28.17,244.858451,2.771,2.925751
2025-10-13 15:00:00,0.025,0.186,27.78,142.239006,2.412,1.3313920000000001
2025-10-13 16:00:00,0.014,0.094,27.413,65.065841,2.309,1.0431400000000002
2025-10-13 17:00:00,0.01,0.032,26.813,16.408221,2.51,1.6873330000000002
2025-10-13 18:00:00,0.0,0.001,26.01,0.0,2.776,2.97958
2025-10-13 19:00:00,0.0,0.0,25.544,0.0,2.9859999999999998,4.3138000000000005
2025-10-13 20:00:00,0.0,0.0,25.221,0.0,3.116,5.308783
2025-10-13 21:00:00,0.0,0.0,24.96,0.0,3.12,5.367435
2025-10-13 22:00:00,0.0,0.0,24.655,0.0,3.291,6.784527
2025-10-13 23:00:00,0.0,0.0,24.379,0.0,3.618,10.266055
2025-10-14 00:00:00,0.0,0.0,24.146,0.0,3.873,13.464236000000001
2025-10-14 01:00:00,0.0,0.0,23.982,0.0,3.899,13.819861999999999
2025-10-14 02:00:00,0.0,0.0,23.823,0.0,4.056,15.89104
2025-10-14 03:00:00,0.0,0.0,23.685,0.0,4.34,20.282277999999998
2025-10-14 04:00:00,0.0,0.0,23.548000000000002,0.0,4.507,23.135603
2025-10-14 05:00:00,0.0,0.0,23.362,0.0,4.473,22.535541000000002
2025-10-14 06:00:00,0.011,0.009000000000000001,23.314,2.0217650000000003,4.245,18.756807000000002
2025-10-14 07:00:00,0.082,0.08700000000000001,24.42,112.295675,3.176,5.76774
2025-10-14 08:00:00,0.156,0.183,25.44,239.531671,2.509,1.681046
2025-10-14 09:00:00,0.278,0.259,26.792,374.653931,1.9500000000000002,0.34320100000000003
2025-10-14 10:00:00,0.46900000000000003,0.269,28.161,497.357227,1.308,0.016628
2025-10-14 11:00:00,0.578,0.257,29.189,550.1005620000001,1.039,0.0023079999999999997
2025-10-14 12:00:00,0.616,0.251,29.814,566.111627,0.96,0.001008
2025-10-14 13:00:00,0.617,0.245,30.089,562.19669,0.914,0.0006720000000000001
2025-10-14 14:00:00,0.578,0.233,30.046,534.4114930000001,0.992,0.0013440000000000001
2025-10-14 15:00:00,0.497,0.20500000000000002,29.729,472.167028,1.252,0.010997999999999999
2025-10-14 16:00:00,0.311,0.151,29.089,320.58092999999997,1.736,0.145155
2025-10-14 17:00:00,0.161,0.061,28.21,150.44973499999998,2.322,1.0799239999999999
2025-10-14 18:00:00,0.004,0.002,26.878,0.0,2.99,4.318219
2025-10-14 19:00:00,0.0,0.0,26.223,0.0,3.51,8.983881
2025-10-14 20:00:00,0.0,0.0,25.836,0.0,3.894,13.749342
2025-10-14 21:00:00,0.0,0.0,25.5,0.0,4.1,16.528667000000002
2025-10-14 22:00:00,0.0,0.0,25.224,0.0,4.048,15.781524
2025-10-14 23:00:00,0.0,0.0,24.978,0.0,3.826,12.72843
2025-10-15 00:00:00,0.0,0.0,24.76,0.0,3.871,13.44477
2025-10-15 01:00:00,0.0,0.0,24.561,0.0,4.076,16.186848
2025-10-15 02:00:00,0.0,0.0,24.374,0.0,4.178,17.70898
2025-10-15 03:00:00,0.0,0.0,24.255,0.0,4.484,22.739204
2025-10-15 04:00:00,0.0,0.0,24.149,0.0,4.729,27.224221
2025-10-15 05:00:00,0.0,0.0,24.051,0.0,4.915,30.939718
2025-10-15 06:00:00,0.001,0.004,23.974,0.0,5.134,35.646841
2025-10-15 07:00:00,0.005,0.045,24.491,22.678677,4.957,31.820481
2025-10-15 08:00:00,0.011,0.11800000000000001,24.95,81.2284,4.254,18.895241000000002
2025-10-15 09:00:00,0.028,0.23600000000000002,25.466,183.750597,4.584,24.515919999999998
2025-10-15 10:00:00,0.06,0.355,26.158,292.695278,4.857,29.750026000000002
2025-10-15 11:00:00,0.083,0.423,26.776,354.40181,4.654,25.981336
2025-10-15 12:00:00,0.085,0.438,27.137,364.43960999999996,4.055,15.87158
2025-10-15 13:00:00,0.06,0.384,27.133,311.32948999999996,3.183,5.8227079999999996
2025-10-15 14:00:00,0.041,0.303,26.893,241.247768,2.137,0.621433
2025-10-15 15:00:00,0.017,0.17400000000000002,26.37,128.025885,1.35,0.020506
2025-10-15 16:00:00,0.007,0.076,25.729,45.830625999999995,1.172,0.006535999999999999
2025-10-15 17:00:00,0.005,0.023,25.146,7.148394000000001,1.355,0.021204
2025-10-15 18:00:00,0.0,0.001,24.599,0.0,1.514,0.051054
2025-10-15 19:00:00,0.0,0.0,24.372,0.0,1.488,0.044986
2025-10-15 20:00:00,0.0,0.0,24.234,0.0,1.462,0.039003
2025-10-15 21:00:00,0.0,0.0,24.093,0.0,1.58,0.07120900000000001
2025-10-15 22:00:00,0.0,0.0,23.861,0.0,1.987,0.38075099999999995
2025-10-15 23:00:00,0.0,0.0,23.585,0.0,2.488,1.6078869999999998
2025-10-16 00:00:00,0.0,0.0,23.252,0.0,3.071,4.916381
2025-10-16 01:00:00,0.0,0.0,22.953,0.0,3.541,9.31957
2025-10-16 02:00:00,0.0,0.0,22.72,0.0,3.784,12.192552
2025-10-16 03:00:00,0.0,0.0,22.544,0.0,3.808,12.506495999999999
2025-10-16 04:00:00,0.0,0.0,22.43,0.0,3.643,10.54892
2025-10-16 05:00:00,0.0,0.0,22.291,0.0,3.7880000000000003,12.248575
2025-10-16 06:00:00,0.028,0.01,22.353,14.748656,4.196,17.98735
2025-10-16 07:00:00,0.222,0.089,23.682,220.827189,3.547,9.389959999999999
2025-10-16 08:00:00,0.389,0.157,24.967,383.996973,3.483,8.791396
2025-10-16 09:00:00,0.55,0.189,26.405,502.09827,3.487,8.827753000000001
2025-10-16 10:00:00,0.616,0.21,27.481,549.7907879999999,3.493,8.890604999999999
2025-10-16 11:00:00,0.619,0.23500000000000001,28.108,563.582063,3.534,9.246836
2025-10-16 12:00:00,0.604,0.253,28.446,564.4845849999999,3.572,9.667821
2025-10-16 13:00:00,0.551,0.267,28.549,542.627222,3.612,10.142116
2025-10-16 14:00:00,0.47600000000000003,0.263,28.431,497.06738299999995,3.709,11.367407
2025-10-16 15:00:00,0.293,0.234,27.948,365.66572499999995,3.801,12.405614
2025-10-16 16:00:00,0.17500000000000002,0.151,27.26,227.57889,3.759,11.883557000000001
2025-10-16 17:00:00,0.075,0.052000000000000005,26.384,79.809504,4.058,15.914185999999999
2025-10-16 18:00:00,0.002,0.001,25.395,0.0,4.55,23.90403
2025-10-16 19:00:00,0.0,0.0,24.926,0.0,4.771,28.060607
2025-10-16 20:00:00,0.0,0.0,24.66,0.0,4.858,29.785865
2025-10-16 21:00:00,0.0,0.0,24.427,0.0,4.974,32.171592000000004
2025-10-16 22:00:00,0.0,0.0,24.186,0.0,5.065,34.325916
2025-10-16 23:00:00,0.0,0.0,23.92,0.0,5.204,37.346305
2025-10-17 00:00:00,0.0,0.0,23.646,0.0,5.351,40.65146300000001
2025-10-17 01:00:00,0.0,0.0,23.368,0.0,5.354,40.743726
2025-10-17 02:00:00,0.0,0.0,23.111,0.0,5.272,38.857138
2025-10-17 03:00:00,0.0,0.0,22.906,0.0,5.16,36.213119
2025-10-17 04:00:00,0.0,0.0,22.749,0.0,4.976,32.217972
2025-10-17 05:00:00,0.0,0.0,22.624,0.0,4.8,28.792357
2025-10-17 06:00:00,0.04,0.011,22.661,23.024668000000002,4.626,25.465037
2025-10-17 07:00:00,0.298,0.082,23.932,271.23026899999996,3.5700000000000003,9.643901
2025-10-17 08:00:00,0.551,0.126,25.227,467.560267,3.199,6.037185999999999
2025-10-17 09:00:00,0.7030000000000001,0.14,26.73,561.818556,2.824,3.230545
2025-10-17 10:00:00,0.775,0.145,27.966,600.2818560000001,2.74,2.752709
2025-10-17 11:00:00,0.8140000000000001,0.147,28.809,619.256176,2.94,3.967654
2025-10-17 12:00:00,0.8130000000000001,0.156,29.256,622.361752,3.268,6.5779369999999995
2025-10-17 13:00:00,0.782,0.171,29.316,613.708301,3.7030000000000003,11.300925
2025-10-17 14:00:00,0.666,0.196,29.053,565.6309620000001,4.121,16.982245
2025-10-17 15:00:00,0.512,0.195,28.565,477.37818,4.476,22.590575
2025-10-17 16:00:00,0.24,0.147,27.752,270.162125,4.388,21.249803
2025-10-17 17:00:00,0.10300000000000001,0.054,26.843,102.10021,4.536,23.81212
2025-10-17 18:00:00,0.002,0.001,25.873,0.0,5.063,34.286103000000004
2025-10-17 19:00:00,0.0,0.0,25.434,0.0,5.022,33.229811
2025-10-17 20:00:00,0.0,0.0,25.163,0.0,5.127,35.487187
2025-10-17 21:00:00,0.0,0.0,24.947,0.0,5.2780000000000005,39.090707
2025-10-17 22:00:00,0.0,0.0,24.731,0.0,5.246,38.195572
2025-10-17 23:00:00,0.0,0.0,24.457,0.0,5.086,34.570372000000006
2025-10-18 00:00:00,0.0,0.0,24.193,0.0,5.295,39.556625999999994
2025-10-18 01:00:00,0.0,0.0,23.943,0.0,5.308,39.864503
2025-10-18 02:00:00,0.0,0.0,23.724,0.0,5.29,39.436344
2025-10-18 03:00:00,0.0,0.0,23.56,0.0,5.066,34.344557
2025-10-18 04:00:00,0.0,0.0,23.45,0.0,4.828,29.180183
2025-10-18 05:00:00,0.0,0.0,23.344,0.0,4.645,25.813263
2025-10-18 06:00:00,0.013000000000000001,0.009000000000000001,23.366,3.712217,4.536,23.815305
2025-10-18 07:00:00,0.1,0.089,24.394,127.75078500000001,3.585,9.805992
2025-10-18 08:00:00,0.23600000000000002,0.183,25.584,296.35298,3.489,8.850171
2025-10-18 09:00:00,0.329,0.253,26.893,403.744688,3.106,5.189854
2025-10-18 10:00:00,0.389,0.30000000000000004,28.01,468.23829,2.761,2.868172
2025-10-18 11:00:00,0.437,0.323,28.848,508.135624,2.6710000000000003,2.397058
2025-10-18 12:00:00,0.41300000000000003,0.34400000000000003,29.319,505.19050799999997,2.668,2.38245
2025-10-18 13:00:00,0.38,0.34,29.482,483.289052,2.7359999999999998,2.7493879999999997
2025-10-18 14:00:00,0.316,0.31,29.399,426.069516,2.783,3.0396889999999996
2025-10-18 15:00:00,0.256,0.246,29.14,347.556087,2.766,2.89654
2025-10-18 16:00:00,0.11,0.146,28.548000000000002,175.163828,2.669,2.386384
2025-10-18 17:00:00,0.051000000000000004,0.048,27.781,57.68532,2.668,2.382545
2025-10-18 18:00:00,0.002,0.001,26.748,0.0,2.7199999999999998,2.690473
2025-10-18 19:00:00,0.0,0.0,26.201,0.0,2.691,2.503547
2025-10-18 20:00:00,0.0,0.0,25.85,0.0,2.7,2.583327
2025-10-18 21:00:00,0.0,0.0,25.521,0.0,2.848,3.3767199999999997
2025-10-18 22:00:00,0.0,0.0,25.246,0.0,2.91,3.773042
2025-10-18 23:00:00,0.0,0.0,25.0,0.0,2.898,3.6883090000000003
2025-10-19 00:00:00,0.0,0.0,24.802,0.0,2.765,2.891465
2025-10-19 01:00:00,0.0,0.0,24.656,0.0,2.258,0.887746
2025-10-19 02:00:00,0.0,0.0,24.549,0.0,1.787,0.182775
2025-10-19 03:00:00,0.0,0.0,24.454,0.0,1.591,0.075178
2025-10-19 04:00:00,0.0,0.0,24.362,0.0,1.6920000000000002,0.12029000000000001
2025-10-19 05:00:00,0.0,0.0,24.199,0.0,1.766,0.164546
2025-10-19 06:00:00,0.003,0.006,24.089,0.0,2.104,0.560372
2025-10-19 07:00:00,0.023,0.07200000000000001,24.826,55.029389,1.72,0.135604
2025-10-19 08:00:00,0.038,0.164,25.709,136.71778700000002,1.119,0.004319
2025-10-19 09:00:00,0.044,0.252,26.481,207.205915,1.209,0.008345
2025-10-19 10:00:00,0.058,0.341,27.321,279.89753,1.463,0.039242
2025-10-19 11:00:00,0.073,0.401,28.025,330.406718,1.333,0.018564
2025-10-19 12:00:00,0.088,0.424,28.576,354.531898,1.195,0.007383
2025-10-19 13:00:00,0.09,0.398,28.832,338.212698,1.018,0.00168
2025-10-19 14:00:00,0.073,0.324,28.819,275.863298,1.168,0.00632
2025-10-19 15:00:00,0.052000000000000005,0.225,28.587,190.759963,1.6179999999999999,0.087802
2025-10-19 16:00:00,0.036000000000000004,0.125,28.303,104.18065399999999,2.142,0.632116
2025-10-19 17:00:00,0.021,0.04,27.585,30.054358,2.596,2.046438
2025-10-19 18:00:00,0.001,0.001,26.5,0.0,3.374,7.630366
2025-10-19 19:00:00,0.0,0.0,26.005,0.0,3.697,11.204512000000001
2025-10-19 20:00:00,0.0,0.0,25.761,0.0,3.384,7.681156
2025-10-19 21:00:00,0.0,0.0,25.731,0.0,2.599,2.060413
2025-10-19 22:00:00,0.0,0.0,25.651,0.0,2.124,0.596851
2025-10-19 23:00:00,0.0,0.0,25.358,0.0,2.253,0.873368
2025-10-20 00:00:00,0.0,0.0,24.866,0.0,3.284,6.725385
2025-10-20 01:00:00,0.0,0.0,24.535,0.0,4.452,22.180442
2025-10-20 02:00:00,0.0,0.0,24.448,0.0,5.101,34.897374000000006
2025-10-20 03:00:00,0.0,0.0,24.409,0.0,5.212,37.406214
2025-10-20 04:00:00,0.0,0.0,24.355,0.0,5.386,41.50887
2025-10-20 05:00:00,0.0,0.0,24.329,0.0,5.5,44.318697
2025-10-20 06:00:00,0.001,0.004,24.338,0.0,5.419,42.318266
2025-10-20 07:00:00,0.006,0.049,24.925,26.278565999999998,4.721,27.083958
2025-10-20 08:00:00,0.015,0.132,25.49,94.568667,3.451,8.451407999999999
2025-10-20 09:00:00,0.023,0.225,26.128,171.65381299999999,3.2,6.039595
2025-10-20 10:00:00,0.025,0.294,26.683,223.839394,2.766,2.8928130000000003
2025-10-20 11:00:00,0.026000000000000002,0.337,27.124,254.23003899999998,2.195,0.749054
2025-10-20 12:00:00,0.024,0.338,27.311,253.253739,1.9180000000000001,0.297439
2025-10-20 13:00:00,0.022,0.309,27.383,231.543985,1.441,0.034735999999999996
2025-10-20 14:00:00,0.018000000000000002,0.243,27.278,180.016788,0.935,0.0006720000000000001
2025-10-20 15:00:00,0.018000000000000002,0.177,27.076,130.564659,1.036,0.002216
2025-10-20 16:00:00,0.013000000000000001,0.097,26.721,66.737883,1.629,0.092867
2025-10-20 17:00:00,0.013000000000000001,0.035,26.177,20.673256000000002,2.367,1.187385
2025-10-20 18:00:00,0.001,0.001,25.379,0.0,3.067,4.891494
2025-10-20 19:00:00,0.0,0.0,24.972,0.0,3.487,8.824808
2025-10-20 20:00:00,0.0,0.0,24.721,0.0,3.6950000000000003,11.153068
2025-10-20 21:00:00,0.0,0.0,24.478,0.0,3.956,14.596574
2025-10-20 22:00:00,0.0,0.0,24.244,0.0,4.49,22.848580000000002
2025-10-20 23:00:00,0.0,0.0,24.051,0.0,5.041,33.797889000000005
2025-10-21 00:00:00,0.0,0.0,23.9,0.0,5.314,40.001836000000004
2025-10-21 01:00:00,0.0,0.0,23.789,0.0,5.439,42.807199999999995
2025-10-21 02:00:00,0.0,0.0,23.711,0.0,5.224,37.681795
2025-10-21 03:00:00,0.0,0.0,23.644,0.0,4.858,29.783814
2025-10-21 04:00:00,0.0,0.0,23.614,0.0,4.162,17.472166
2025-10-21 05:00:00,0.0,0.0,23.632,0.0,3.503,8.972280000000001
2025-10-21 06:00:00,0.005,0.007,23.727,0.0,3.3,6.864675
2025-10-21 07:00:00,0.036000000000000004,0.079,24.727,70.998704,3.156,5.603584
2025-10-21 08:00:00,0.06,0.176,25.544,162.759326,2.901,3.713641
2025-10-21 09:00:00,0.095,0.28200000000000003,26.209,265.681605,3.078,4.9726859999999995
2025-10-21 10:00:00,0.114,0.365,26.988,335.136342,2.907,3.74814
2025-10-21 11:00:00,0.14,0.422,27.614,388.97308899999996,2.529,1.791681
2025-10-21 12:00:00,0.129,0.431,27.985,387.355212,2.12,0.589003
2025-10-21 13:00:00,0.116,0.4,28.147,357.87119900000005,1.847,0.228126
2025-10-21 14:00:00,0.096,0.332,28.139,298.71084,1.698,0.126109
2025-10-21 15:00:00,0.052000000000000005,0.219,27.802,186.666413,1.772,0.168494
2025-10-21 16:00:00,0.035,0.122,27.387,101.90071400000001,2.064,0.505605
2025-10-21 17:00:00,0.02,0.037,26.715,27.078346,2.689,2.487302
2025-10-21 18:00:00,0.001,0.001,25.974,0.0,3.366,7.542686
2025-10-21 19:00:00,0.0,0.0,25.615,0.0,3.65,10.558866
2025-10-21 20:00:00,0.0,0.0,25.31,0.0,3.973,14.797512000000001
2025-10-21 21:00:00,0.0,0.0,25.054,0.0,4.287,19.572882
2025-10-21 22:00:00,0.0,0.0,24.859,0.0,4.585,24.544186
2025-10-21 23:00:00,0.0,0.0,24.703,0.0,4.838,29.383176
2025-10-22 00:00:00,0.0,0.0,24.558,0.0,5.007,32.874624000000004
2025-10-22 01:00:00,0.0,0.0,24.417,0.0,5.132,35.593878
2025-10-22 02:00:00,0.0,0.0,24.303,0.0,5.46,43.553595
2025-10-22 03:00:00,0.0,0.0,24.183,0.0,5.272,38.854233
2025-10-22 04:00:00,0.0,0.0,24.09,0.0,5.116,35.237345
2025-10-22 05:00:00,0.0,0.0,23.999,0.0,4.668,26.10732
2025-10-22 06:00:00,0.005,0.007,23.999,0.0,4.162,17.464238
2025-10-22 07:00:00,0.032,0.074,24.78,64.528231,3.391,7.74563
2025-10-22 08:00:00,0.113,0.19,25.585,212.626868,3.034,4.6400619999999995
2025-10-22 09:00:00,0.194,0.28700000000000003,26.531,337.841292,3.207,6.108257
2025-10-22 10:00:00,0.194,0.363,27.318,386.14218,2.865,3.480642
2025-10-22 11:00:00,0.196,0.41300000000000003,27.844,418.944175,2.302,1.021056
2025-10-22 12:00:00,0.184,0.428,28.167,419.863679,1.895,0.273326
2025-10-22 13:00:00,0.148,0.401,28.277,379.696996,1.795,0.19038
2025-10-22 14:00:00,0.107,0.331,28.179,305.66549200000003,1.816,0.207289
2025-10-22 15:00:00,0.058,0.221,27.79,193.399019,1.924,0.3043
2025-10-22 16:00:00,0.038,0.123,27.299,104.64941099999999,1.9889999999999999,0.38356
2025-10-22 17:00:00,0.02,0.037,26.59,27.009635,2.157,0.660353
2025-10-22 18:00:00,0.004,0.001,25.817,0.0,2.5300000000000002,1.79609
2025-10-22 19:00:00,0.0,0.0,25.451,0.0,3.04,4.68484
2025-10-22 20:00:00,0.0,0.0,25.217,0.0,3.076,4.961475999999999
2025-10-22 21:00:00,0.0,0.0,24.995,0.0,3.133,5.410049
2025-10-22 22:00:00,0.0,0.0,24.768,0.0,3.722,11.509946
2025-10-22 23:00:00,0.0,0.0,24.591,0.0,4.196,17.995206
2025-10-23 00:00:00,0.0,0.0,24.449,0.0,4.366,20.799936000000002
2025-10-23 01:00:00,0.0,0.0,24.324,0.0,4.391,21.286964
2025-10-23 02:00:00,0.0,0.0,24.203,0.0,4.263,19.037608
2025-10-23 03:00:00,0.0,0.0,24.091,0.0,4.024,15.488459
2025-10-23 04:00:00,0.0,0.0,23.985,0.0,3.617,10.253209
2025-10-23 05:00:00,0.0,0.0,23.902,0.0,3.371,7.626244
2025-10-23 06:00:00,0.002,0.005,23.875,0.0,3.2880000000000003,6.754094
2025-10-23 07:00:00,0.015,0.064,24.655,43.781608,2.911,3.778858
2025-10-23 08:00:00,0.036000000000000004,0.166,25.44,137.211321,2.183,0.7147129999999999
2025-10-23 09:00:00,0.057,0.272,26.381,231.661816,1.956,0.350051
2025-10-23 10:00:00,0.063,0.354,27.211,292.964773,1.603,0.079808
2025-10-23 11:00:00,0.047,0.379,27.731,297.998126,1.225,0.009073000000000001
2025-10-23 12:00:00,0.033,0.361,27.937,275.032464,1.146,0.005439
2025-10-23 13:00:00,0.022,0.30000000000000004,27.798000000000002,223.941698,1.188,0.007056
2025-10-23 14:00:00,0.015,0.225,27.489,164.11153,1.227,0.009203
2025-10-23 15:00:00,0.012,0.153,27.153,108.212762,0.979,0.001303
2025-10-23 16:00:00,0.01,0.084,26.874,54.330297,0.898,0.00033600000000000004
2025-10-23 17:00:00,0.007,0.026000000000000002,26.556,10.299902,0.865,0.00033600000000000004
2025-10-23 18:00:00,0.0,0.001,26.057,0.0,0.888,0.00033600000000000004
2025-10-23 19:00:00,0.0,0.0,25.799,0.0,1.433,0.033273000000000004
2025-10-23 20:00:00,0.0,0.0,25.528,0.0,1.987,0.380375
2025-10-23 21:00:00,0.0,0.0,25.394,0.0,1.944,0.330106
2025-10-23 22:00:00,0.0,0.0,25.456,0.0,0.998,0.0013440000000000001
2025-10-23 23:00:00,0.0,0.0,25.392,0.0,1.415,0.030578
2025-10-24 00:00:00,0.0,0.0,25.117,0.0,2.137,0.621755
2025-10-24 01:00:00,0.0,0.0,24.901,0.0,2.469,1.561766
2025-10-24 02:00:00,0.0,0.0,24.749,0.0,2.444,1.4531500000000002
2025-10-24 03:00:00,0.0,0.0,24.653,0.0,2.306,1.032558
2025-10-24 04:00:00,0.0,0.0,24.55,0.0,2.292,0.994266
2025-10-24 05:00:00,0.0,0.0,24.416,0.0,2.43,1.3936
2025-10-24 06:00:00,0.001,0.004,24.353,0.0,2.512,1.6944359999999998
2025-10-24 07:00:00,0.006,0.05,24.965,26.845946,2.165,0.676172
2025-10-24 08:00:00,0.009000000000000001,0.115,25.618,77.430367,1.7309999999999999,0.14171199999999998
2025-10-24 09:00:00,0.011,0.182,26.068,129.87916099999998,1.888,0.267592
2025-10-24 10:00:00,0.011,0.233,26.5,168.025693,2.5700000000000003,1.965339
2025-10-24 11:00:00,0.011,0.268,26.792,194.19996700000002,3.545,9.362667
2025-10-24 12:00:00,0.011,0.271,26.993,195.833829,4.024,15.494952999999999
2025-10-24 13:00:00,0.01,0.242,27.059,173.5428,4.369,20.898197
2025-10-24 14:00:00,0.008,0.187,26.978,130.676999,4.598,24.774604
2025-10-24 15:00:00,0.007,0.13,26.861,86.3391,4.264,19.060355
2025-10-24 16:00:00,0.005,0.07,26.692,40.094368,3.752,11.788362999999999
2025-10-24 17:00:00,0.005,0.024,26.402,7.996658999999999,3.969,14.78397
2025-10-24 18:00:00,0.0,0.001,25.772,0.0,4.98,32.290189999999996
2025-10-24 19:00:00,0.0,0.0,25.459,0.0,5.286,39.348494
2025-10-24 20:00:00,0.0,0.0,25.229,0.0,5.332,40.207454
2025-10-24 21:00:00,0.0,0.0,25.029,0.0,5.381,41.389689
2025-10-24 22:00:00,0.0,0.0,24.868,0.0,5.337,40.32658
2025-10-24 23:00:00,0.0,0.0,24.684,0.0,5.315,40.025907
2025-10-25 00:00:00,0.0,0.0,24.49,0.0,5.126,35.466208
2025-10-25 01:00:00,0.0,0.0,24.31,0.0,4.842,29.456196
2025-10-25 02:00:00,0.0,0.0,24.145,0.0,4.391,21.28635
2025-10-25 03:00:00,0.0,0.0,23.991,0.0,4.187,17.845701000000002
2025-10-25 04:00:00,0.0,0.0,23.868,0.0,4.624,25.430819
2025-10-25 05:00:00,0.0,0.0,23.841,0.0,5.103,34.947785
2025-10-25 06:00:00,0.002,0.005,23.921,0.0,5.364,40.984415999999996
2025-10-25 07:00:00,0.009000000000000001,0.054,24.571,31.910403,4.915,30.949686
2025-10-25 08:00:00,0.024,0.149,25.248,114.754525,4.257,18.941136
2025-10-25 09:00:00,0.036000000000000004,0.248,26.012,198.568683,4.6129999999999995,25.107481
2025-10-25 10:00:00,0.047,0.334,26.742,267.753043,4.647,25.854841
2025-10-25 11:00:00,0.053,0.39,27.313,310.77123700000004,4.728,27.21746
2025-10-25 12:00:00,0.051000000000000004,0.398,27.656,314.112419,4.882,30.414374
2025-10-25 13:00:00,0.039,0.35000000000000003,27.76,271.98823100000004,4.979,32.280215
2025-10-25 14:00:00,0.021,0.249,27.561,186.337663,4.939,31.440573
2025-10-25 15:00:00,0.011,0.148,27.172,103.488813,4.679,26.287770000000002
2025-10-25 16:00:00,0.006,0.068,26.699,38.809915999999994,4.376,21.045284
2025-10-25 17:00:00,0.004,0.02,26.122,4.773846,4.811,29.001445
2025-10-25 18:00:00,0.0,0.0,25.551,0.0,5.233,37.891922
2025-10-25 19:00:00,0.0,0.0,25.278,0.0,5.375,41.230568
2025-10-25 20:00:00,0.0,0.0,25.095,0.0,5.6530000000000005,48.274991
2025-10-25 21:00:00,0.0,0.0,24.922,0.0,6.008,58.375509
2025-10-25 22:00:00,0.0,0.0,24.755,0.0,6.039,59.11008
2025-10-25 23:00:00,0.0,0.0,24.6,0.0,6.008,58.383269999999996
2025-10-26 00:00:00,0.0,0.0,24.455,0.0,6.148,62.352014000000004
2025-10-26 01:00:00,0.0,0.0,24.313,0.0,6.057,59.698011
2025-10-26 02:00:00,0.0,0.0,24.208,0.0,6.081,60.583926
2025-10-26 03:00:00,0.0,0.0,24.151,0.0,6.181,63.365438000000005
2025-10-26 04:00:00,0.0,0.0,24.115,0.0,6.169,63.254817
2025-10-26 05:00:00,0.0,0.0,24.108,0.0,6.228,65.065156
2025-10-26 06:00:00,0.001,0.005,24.178,0.0,6.322,67.82315399999999
2025-10-26 07:00:00,0.008,0.053,24.778,29.70413,5.818,52.741246
2025-10-26 08:00:00,0.013000000000000001,0.129,25.399,90.837933,5.727,50.248506
2025-10-26 09:00:00,0.013000000000000001,0.194,25.984,140.479751,5.964,57.144594
2025-10-26 10:00:00,0.012,0.23800000000000002,26.441,172.906516,6.225,64.843901
2025-10-26 11:00:00,0.012,0.275,26.821,199.93379099999999,6.389,69.940481
2025-10-26 12:00:00,0.012,0.281,27.071,204.074775,6.418,71.127276
2025-10-26 13:00:00,0.011,0.25,27.167,179.856696,6.192,63.934476000000004
2025-10-26 14:00:00,0.008,0.184,27.078,128.13779399999999,5.809,52.521508000000004
2025-10-26 15:00:00,0.006,0.125,26.912,82.536758,5.848,53.591702
2025-10-26 16:00:00,0.005,0.069,26.579,40.128589999999996,6.5440000000000005,75.055243
2025-10-26 17:00:00,0.005,0.022,25.98,6.204857,7.26,101.387849
2025-10-26 18:00:00,0.0,0.0,25.392,0.0,7.7059999999999995,118.86584699999999
2025-10-26 19:00:00,0.0,0.0,25.054,0.0,7.932,128.29487
2025-10-26 20:00:00,0.0,0.0,24.805,0.0,7.998,131.140889
2025-10-26 21:00:00,0.0,0.0,24.627,0.0,8.021,132.089024
2025-10-26 22:00:00,0.0,0.0,24.476,0.0,7.838,124.41919800000001
2025-10-26 23:00:00,0.0,0.0,24.356,0.0,7.569,113.281319
2025-10-27 00:00:00,0.0,0.0,24.257,0.0,7.392,106.557778
2025-10-27 01:00:00,0.0,0.0,24.172,0.0,7.297,102.469941
2025-10-27 02:00:00,0.0,0.0,24.12,0.0,7.319,103.333473
2025-10-27 03:00:00,0.0,0.0,24.091,0.0,7.336,104.139857
2025-10-27 04:00:00,0.0,0.0,24.073,0.0,7.245,100.63171000000001
2025-10-27 05:00:00,0.0,0.0,24.076,0.0,7.149,97.121754
2025-10-27 06:00:00,0.001,0.004,24.125,0.0,7.039,92.620142
2025-10-27 07:00:00,0.008,0.052000000000000005,24.65,29.893245,5.987,57.635709999999996
2025-10-27 08:00:00,0.02,0.14200000000000002,25.303,106.55345200000001,5.266,38.649502
2025-10-27 09:00:00,0.034,0.245,26.022,194.420193,6.585,76.59825599999999
2025-10-27 10:00:00,0.038,0.32,26.643,251.38466699999998,6.915,88.23098900000001
2025-10-27 11:00:00,0.044,0.378,27.133,296.20323599999995,7.068,93.696697
2025-10-27 12:00:00,0.026000000000000002,0.341,27.275,257.366076,6.925,88.593681
2025-10-27 13:00:00,0.019,0.28700000000000003,27.236,212.997705,6.864,86.34375999999999
2025-10-27 14:00:00,0.017,0.232,27.131,171.172236,6.781,83.249095
2025-10-27 15:00:00,0.016,0.169,26.925,123.00967299999999,6.77,82.862568
2025-10-27 16:00:00,0.013000000000000001,0.092,26.535,62.548898,7.001,91.22882000000001
2025-10-27 17:00:00,0.009000000000000001,0.029,25.925,13.848284,7.693,118.34312
2025-10-27 18:00:00,0.0,0.001,25.304,0.0,8.155,137.940988
2025-10-27 19:00:00,0.0,0.0,24.972,0.0,8.244,141.796919
2025-10-27 20:00:00,0.0,0.0,24.735,0.0,8.407,148.694548
2025-10-27 21:00:00,0.0,0.0,24.539,0.0,8.487,152.315513
2025-10-27 22:00:00,0.0,0.0,24.416,0.0,8.573,156.17753299999998
2025-10-27 23:00:00,0.0,0.0,24.324,0.0,8.472,151.361401
2025-10-28 00:00:00,0.0,0.0,24.242,0.0,8.468,151.21956400000002
2025-10-28 01:00:00,0.0,0.0,24.204,0.0,8.589,156.486111
2025-10-28 02:00:00,0.0,0.0,24.139,0.0,8.391,147.894827
2025-10-28 03:00:00,0.0,0.0,24.103,0.0,8.391,147.948116
2025-10-28 04:00:00,0.0,0.0,24.07,0.0,8.359,146.538299
2025-10-28 05:00:00,0.0,0.0,24.028,0.0,8.235,141.398137
2025-10-28 06:00:00,0.006,0.006,24.064,0.0,8.187,139.081872
2025-10-28 07:00:00,0.044,0.076,24.642,74.874034,7.67,117.777238
2025-10-28 08:00:00,0.11900000000000001,0.182,25.384,211.503825,7.732,120.036551
2025-10-28 09:00:00,0.24,0.271,26.227,358.856221,8.932,171.298721
2025-10-28 10:00:00,0.296,0.329,26.993,431.233371,9.031,175.927732
2025-10-28 11:00:00,0.34,0.361,27.665,476.289705,8.572,156.14246599999998
2025-10-28 12:00:00,0.341,0.374,28.172,483.55879100000004,7.927,128.18634600000001
2025-10-28 13:00:00,0.28600000000000003,0.369,28.392,446.53578999999996,7.331,104.130509
2025-10-28 14:00:00,0.23600000000000002,0.326,28.378,387.815909,6.644,78.441759
2025-10-28 15:00:00,0.132,0.241,28.032,259.90901,5.763,51.234096
2025-10-28 16:00:00,0.076,0.136,27.493,143.332032,4.911,30.862856
2025-10-28 17:00:00,0.038,0.042,26.815,44.021521,4.522,23.435165
2025-10-28 18:00:00,0.0,0.001,26.053,0.0,4.807,28.932223999999998
2025-10-28 19:00:00,0.0,0.0,25.679,0.0,5.0,32.724231
2025-10-28 20:00:00,0.0,0.0,25.419,0.0,5.119,35.307230000000004
2025-10-28 21:00:00,0.0,0.0,25.194,0.0,5.405,41.963877999999994
2025-10-28 22:00:00,0.0,0.0,24.99,0.0,5.734,50.445688000000004
2025-10-28 23:00:00,0.0,0.0,24.804,0.0,6.049,59.627001
2025-10-29 00:00:00,0.0,0.0,24.618,0.0,6.196,63.942113
2025-10-29 01:00:00,0.0,0.0,24.438,0.0,6.136,61.980677
2025-10-29 02:00:00,0.0,0.0,24.29,0.0,6.186,63.707758999999996
2025-10-29 03:00:00,0.0,0.0,24.169,0.0,6.188,63.822472000000005
2025-10-29 04:00:00,0.0,0.0,24.053,0.0,6.016,58.513479
2025-10-29 05:00:00,0.0,0.0,23.961,0.0,5.868,54.149755
2025-10-29 06:00:00,0.004,0.006,23.966,0.0,5.848,53.591355
2025-10-29 07:00:00,0.03,0.073,24.596,61.647614000000004,5.186,36.820252999999994
2025-10-29 08:00:00,0.061,0.17500000000000002,25.264,163.17668799999998,5.583,46.612804
2025-10-29 09:00:00,0.076,0.271,25.914,244.581933,6.501,73.597721
2025-10-29 10:00:00,0.091,0.355,26.636,313.320639,6.494,73.568589
2025-10-29 11:00:00,0.116,0.41400000000000003,27.338,368.844493,6.081,60.583472
2025-10-29 12:00:00,0.145,0.433,27.942,398.623722,5.552,45.888003
2025-10-29 13:00:00,0.122,0.402,28.247,362.961368,5.056,34.122434999999996
2025-10-29 14:00:00,0.062,0.307,28.06,257.221485,4.898,30.593297999999997
2025-10-29 15:00:00,0.027,0.185,27.566,143.090455,4.671,26.13306
2025-10-29 16:00:00,0.016,0.093,27.029,65.38797,4.436,21.902097
2025-10-29 17:00:00,0.018000000000000002,0.034,26.505,23.471002000000002,4.418,21.627603
2025-10-29 18:00:00,0.0,0.001,25.878,0.0,4.891,30.437757
2025-10-29 19:00:00,0.0,0.0,25.546,0.0,5.222,37.635987
2025-10-29 20:00:00,0.0,0.0,25.274,0.0,5.12,35.334858999999994
2025-10-29 21:00:00,0.0,0.0,25.008,0.0,5.265,38.631072999999994
2025-10-29 22:00:00,0.0,0.0,24.75,0.0,5.237,37.987991
2025-10-29 23:00:00,0.0,0.0,24.515,0.0,5.6,46.880004
2025-10-30 00:00:00,0.0,0.0,24.297,0.0,5.531,45.346781
2025-10-30 01:00:00,0.0,0.0,24.118,0.0,5.624,47.523582000000005
2025-10-30 02:00:00,0.0,0.0,23.977,0.0,5.663,48.53043
2025-10-30 03:00:00,0.0,0.0,23.878,0.0,5.525,45.091339
2025-10-30 04:00:00,0.0,0.0,23.782,0.0,5.196,37.181761
2025-10-30 05:00:00,0.0,0.0,23.709,0.0,4.771,28.073586
2025-10-30 06:00:00,0.002,0.004,23.707,0.0,4.42,21.630243999999998
2025-10-30 07:00:00,0.009000000000000001,0.054,24.318,31.781766,3.748,11.73743
2025-10-30 08:00:00,0.018000000000000002,0.135,24.899,99.68697,3.012,4.479942
2025-10-30 09:00:00,0.024,0.222,25.612,170.342118,2.669,2.387689
2025-10-30 10:00:00,0.026000000000000002,0.28800000000000003,26.368,220.340765,2.488,1.6075650000000001
2025-10-30 11:00:00,0.032,0.34400000000000003,27.049,264.055184,2.645,2.2718760000000002
2025-10-30 12:00:00,0.04,0.372,27.456,288.352151,3.017,4.512403
2025-10-30 13:00:00,0.044,0.353,27.622,277.774799,3.484,8.801254
2025-10-30 14:00:00,0.041,0.29,27.582,230.50906,3.8200000000000003,12.650319999999999
2025-10-30 15:00:00,0.032,0.201,27.366,158.84821100000002,3.8200000000000003,12.650937
2025-10-30 16:00:00,0.022,0.107,26.966,80.515303,3.823,12.696931000000001
2025-10-30 17:00:00,0.016,0.033,26.298,21.427349999999997,4.226,18.459023000000002
2025-10-30 18:00:00,0.0,0.001,25.471,0.0,4.796,28.716079
2025-10-30 19:00:00,0.0,0.0,25.087,0.0,5.074,34.436959
2025-10-30 20:00:00,0.0,0.0,24.834,0.0,5.238,37.996026
2025-10-30 21:00:00,0.0,0.0,24.6,0.0,5.353,40.715786
2025-10-30 22:00:00,0.0,0.0,24.37,0.0,5.549,45.810599
2025-10-30 23:00:00,0.0,0.0,24.138,0.0,5.641,47.953807999999995
2025-10-31 00:00:00,0.0,0.0,23.94,0.0,5.707,49.953417
2025-10-31 01:00:00,0.0,0.0,23.808,0.0,5.642,47.990797
2025-10-31 02:00:00,0.0,0.0,23.737,0.0,5.559,46.068527
2025-10-31 03:00:00,0.0,0.0,23.698,0.0,5.522,44.948794
2025-10-31 04:00:00,0.0,0.0,23.686,0.0,5.414,42.178903
2025-10-31 05:00:00,0.0,0.0,23.704,0.0,5.294,39.531699
2025-10-31 06:00:00,0.001,0.004,23.777,0.0,5.288,39.374831
2025-10-31 07:00:00,0.008,0.051000000000000004,24.425,28.928258999999997,4.908,30.803543
2025-10-31 08:00:00,0.016,0.131,25.014,95.298202,4.321,19.978578000000002
2025-10-31 09:00:00,0.024,0.222,25.618,170.556757,5.218,37.53644
2025-10-31 10:00:00,0.029,0.295,26.138,227.64915299999998,5.901,55.073877
2025-10-31 11:00:00,0.033,0.34800000000000003,26.552,267.779344,6.126,61.67479
2025-10-31 12:00:00,0.035,0.362,26.788,279.102129,6.212,64.552413
2025-10-31 13:00:00,0.035,0.337,26.852,261.676334,6.201,63.984391
2025-10-31 14:00:00,0.032,0.274,26.747,213.896635,6.014,58.509539
2025-10-31 15:00:00,0.026000000000000002,0.19,26.509,146.436829,5.378,41.31449
2025-10-31 16:00:00,0.019,0.10300000000000001,26.1,76.007333,5.348,40.591874000000004
2025-10-31 17:00:00,0.015,0.033,25.484,20.871154999999998,5.728,50.265578999999995
2025-10-31 18:00:00,0.0,0.001,24.779,0.0,6.331,68.336344
2025-10-31 19:00:00,0.0,0.0,24.474,0.0,6.787,83.457153
2025-10-31 20:00:00,0.0,0.0,24.283,0.0,6.921,88.58534900000001
2025-10-31 21:00:00,0.0,0.0,24.16,0.0,7.184,98.273612
2025-10-31 22:00:00,0.0,0.0,24.066,0.0,7.014,91.906228
2025-10-31 23:00:00,0.0,0.0,23.998,0.0,6.784,83.340895
2025-11-01 00:00:00,0.0,0.0,23.922,0.0,6.616,77.718712
2025-11-01 01:00:00,0.0,0.0,23.877,0.0,6.479,73.164862
2025-11-01 02:00:00,0.0,0.0,23.857,0.0,6.336,68.345894
2025-11-01 03:00:00,0.0,0.0,23.869,0.0,6.575,76.26414
2025-11-01 04:00:00,0.0,0.0,23.828,0.0,6.082,60.58618
2025-11-01 05:00:00,0.0,0.0,23.762,0.0,5.558,46.044107000000004
2025-11-01 06:00:00,0.002,0.005,23.75,0.0,4.913,30.896131
2025-11-01 07:00:00,0.01,0.055,24.461,32.922402999999996,4.13,17.119433
2025-11-01 08:00:00,0.021,0.14100000000000001,25.113,106.875814,3.585,9.810406
2025-11-01 09:00:00,0.033,0.24,25.796,190.16574799999998,4.035,15.652822
2025-11-01 10:00:00,0.037,0.314,26.383,246.985555,4.643,25.774613000000002
2025-11-01 11:00:00,0.049,0.381,26.914,301.543186,4.931,31.273387
2025-11-01 12:00:00,0.041,0.374,27.17,291.34655699999996,4.957,31.823036
2025-11-01 13:00:00,0.038,0.34500000000000003,27.279,268.668558,4.801,28.816632000000002
2025-11-01 14:00:00,0.027,0.263,27.184,201.18289199999998,4.473,22.536436000000002
2025-11-01 15:00:00,0.014,0.158,26.857,113.342079,4.088,16.356146
2025-11-01 16:00:00,0.007,0.073,26.355,44.216688000000005,3.876,13.50365
2025-11-01 17:00:00,0.005,0.02,25.731,5.113312,3.973,14.79818
2025-11-01 18:00:00,0.0,0.0,25.076,0.0,4.566,24.190433000000002
2025-11-01 19:00:00,0.0,0.0,24.793,0.0,4.806,28.914914
2025-11-01 20:00:00,0.0,0.0,24.589,0.0,4.949,31.652543
2025-11-01 21:00:00,0.0,0.0,24.423,0.0,5.073,34.435862
2025-11-01 22:00:00,0.0,0.0,24.284,0.0,5.198,37.233693
2025-11-01 23:00:00,0.0,0.0,24.177,0.0,5.174,36.537101
2025-11-02 00:00:00,0.0,0.0,24.11,0.0,5.204,37.347218
2025-11-02 01:00:00,0.0,0.0,24.077,0.0,5.438,42.790159
2025-11-02 02:00:00,0.0,0.0,24.031,0.0,5.38,41.355614
2025-11-02 03:00:00,0.0,0.0,23.982,0.0,5.412,42.138525
2025-11-02 04:00:00,0.0,0.0,23.995,0.0,5.814,52.62672
2025-11-02 05:00:00,0.0,0.0,24.033,0.0,6.086,60.592555
2025-11-02 06:00:00,0.002,0.004,23.987,0.0,5.943,56.375526
2025-11-02 07:00:00,0.014,0.057,24.521,37.671841,5.461,43.557838000000004
2025-11-02 08:00:00,0.03,0.148,25.029,118.85136800000001,5.28,39.197973
2025-11-02 09:00:00,0.047,0.247,25.525,206.329763,6.241,65.486273
2025-11-02 10:00:00,0.07,0.341,26.041,290.438898,6.27,66.146999
2025-11-02 11:00:00,0.101,0.40700000000000003,26.592,355.322707,6.102,61.186046000000005
2025-11-02 12:00:00,0.126,0.425,27.088,383.310875,5.437,42.745377
2025-11-02 13:00:00,0.137,0.399,27.453,372.37714500000004,4.498,22.971939
2025-11-02 14:00:00,0.129,0.336,27.596,324.669913,3.822,12.676609000000001
2025-11-02 15:00:00,0.082,0.23500000000000001,27.424,220.843902,3.356,7.403126
2025-11-02 16:00:00,0.042,0.122,27.006,107.34002000000001,3.126,5.382021
2025-11-02 17:00:00,0.025,0.036000000000000004,26.345,29.728944,3.507,8.976453
2025-11-02 18:00:00,0.0,0.001,25.448,0.0,4.245,18.764452000000002
2025-11-02 19:00:00,0.0,0.0,25.018,0.0,5.075,34.439828999999996
2025-11-02 20:00:00,0.0,0.0,24.758,0.0,5.508,44.520956
2025-11-02 21:00:00,0.0,0.0,24.54,0.0,5.632,47.709201
2025-11-02 22:00:00,0.0,0.0,24.333,0.0,5.407,42.006975
2025-11-02 23:00:00,0.0,0.0,24.153,0.0,5.116,35.235313999999995
2025-11-03 00:00:00,0.0,0.0,23.977,0.0,5.098,34.846841999999995
2025-11-03 01:00:00,0.0,0.0,23.838,0.0,5.127,35.495110000000004
2025-11-03 02:00:00,0.0,0.0,23.704,0.0,5.253,38.341139000000005
2025-11-03 03:00:00,0.0,0.0,23.621,0.0,5.539,45.548921
2025-11-03 04:00:00,0.0,0.0,23.582,0.0,5.829,53.044711
2025-11-03 05:00:00,0.0,0.0,23.53,0.0,5.86,53.910053
2025-11-03 06:00:00,0.006,0.006,23.544,0.0,5.672,48.784352
2025-11-03 07:00:00,0.045,0.079,24.461,77.85500599999999,4.802,28.84686
2025-11-03 08:00:00,0.097,0.188,25.382,199.736546,4.582,24.490887999999998
2025-11-03 09:00:00,0.10300000000000001,0.28200000000000003,26.306,271.05807699999997,5.337,40.336576
2025-11-03 10:00:00,0.115,0.367,27.141,337.112548,5.373,41.202512999999996
2025-11-03 11:00:00,0.08700000000000001,0.40700000000000003,27.636,344.763868,5.462,43.559737999999996
2025-11-03 12:00:00,0.047,0.379,27.728,298.24767599999996,5.288,39.392846
2025-11-03 13:00:00,0.019,0.275,27.508,203.570345,4.915,30.946062
2025-11-03 14:00:00,0.014,0.20800000000000002,27.293,150.75338399999998,4.732,27.293028999999997
2025-11-03 15:00:00,0.013000000000000001,0.15,27.132,106.661573,4.609,24.982170999999997
2025-11-03 16:00:00,0.01,0.081,26.794,52.115092,4.742,27.489669000000003
2025-11-03 17:00:00,0.006,0.02,26.21,6.015895,5.053,34.053263
2025-11-03 18:00:00,0.0,0.0,25.632,0.0,5.479,43.803655
2025-11-03 19:00:00,0.0,0.0,25.325,0.0,5.761,51.18875
2025-11-03 20:00:00,0.0,0.0,25.062,0.0,5.384,41.456711999999996
2025-11-03 21:00:00,0.0,0.0,24.824,0.0,5.118,35.277527
2025-11-03 22:00:00,0.0,0.0,24.632,0.0,5.032,33.612125
2025-11-03 23:00:00,0.0,0.0,24.504,0.0,5.507,44.514387
2025-11-04 00:00:00,0.0,0.0,24.41,0.0,6.116,61.392973
2025-11-04 01:00:00,0.0,0.0,24.329,0.0,6.31,67.40256
2025-11-04 02:00:00,0.0,0.0,24.308,0.0,6.462,72.56813700000001
2025-11-04 03:00:00,0.0,0.0,24.31,0.0,6.419,71.170388
2025-11-04 04:00:00,0.0,0.0,24.371,0.0,6.492,73.563639
2025-11-04 05:00:00,0.0,0.0,24.406,0.0,6.423,71.254183
2025-11-04 06:00:00,0.0,0.002,24.497,0.0,6.691,80.375883
2025-11-04 07:00:00,0.002,0.032,24.942,11.243651,5.739,50.589762
2025-11-04 08:00:00,0.004,0.083,25.456,49.099719,4.945,31.555294
2025-11-04 09:00:00,0.005,0.14200000000000002,25.887,94.79078100000001,4.733,27.312185000000003
2025-11-04 10:00:00,0.007,0.199,26.298,139.053857,4.844,29.485533
2025-11-04 11:00:00,0.008,0.23600000000000002,26.614,167.69101,4.851,29.62739
2025-11-04 12:00:00,0.007,0.23800000000000002,26.841,168.851391,4.627,25.471062000000003
2025-11-04 13:00:00,0.006,0.203,26.892,141.07994200000002,4.136,17.213783
2025-11-04 14:00:00,0.004,0.15,26.796,99.792375,3.549,9.407834999999999
2025-11-04 15:00:00,0.003,0.093,26.616,55.740084,3.425,8.092526
2025-11-04 16:00:00,0.003,0.055,26.403,27.7258,3.792,12.29493
2025-11-04 17:00:00,0.003,0.019,26.059,3.566633,4.299,19.63571
2025-11-04 18:00:00,0.0,0.0,25.553,0.0,4.7,26.672276
2025-11-04 19:00:00,0.0,0.0,25.326,0.0,4.994,32.596719
2025-11-04 20:00:00,0.0,0.0,25.165,0.0,5.286,39.346517
2025-11-04 21:00:00,0.0,0.0,25.017,0.0,5.377,41.284589
2025-11-04 22:00:00,0.0,0.0,24.876,0.0,5.41,42.102236
2025-11-04 23:00:00,0.0,0.0,24.733,0.0,5.353,40.699874
2025-11-05 00:00:00,0.0,0.0,24.615,0.0,5.32,40.136561
2025-11-05 01:00:00,0.0,0.0,24.494,0.0,5.408,42.054731
2025-11-05 02:00:00,0.0,0.0,24.381,0.0,5.603,46.954477
2025-11-05 03:00:00,0.0,0.0,24.226,0.0,5.51,44.580562
2025-11-05 04:00:00,0.0,0.0,24.07,0.0,5.425,42.470876
2025-11-05 05:00:00,0.0,0.0,23.92,0.0,5.302,39.707159
2025-11-05 06:00:00,0.011,0.007,23.813,1.1473520000000001,5.11,35.116987
2025-11-05 07:00:00,0.122,0.079,24.752,136.987888,4.331,20.135998
2025-11-05 08:00:00,0.332,0.153,25.581,342.151943,4.539,23.866568
2025-11-05 09:00:00,0.514,0.182,26.602,475.470585,5.202,37.343497000000006
2025-11-05 10:00:00,0.623,0.188,27.551,541.1858020000001,5.072,34.433516000000004
2025-11-05 11:00:00,0.6960000000000001,0.182,28.29,576.4812,4.809,28.977382000000002
2025-11-05 12:00:00,0.74,0.17500000000000002,28.804,594.887711,4.571,24.287947
2025-11-05 13:00:00,0.757,0.17200000000000001,29.041,601.683546,4.406,21.546898000000002
2025-11-05 14:00:00,0.672,0.185,28.927,563.459708,4.208,18.183045
2025-11-05 15:00:00,0.609,0.168,28.626,518.697762,4.018,15.336977000000001
2025-11-05 16:00:00,0.47600000000000003,0.127,28.079,414.50565,3.811,12.532879999999999
2025-11-05 17:00:00,0.324,0.052000000000000005,27.141,264.172226,4.176,17.68506
2025-11-05 18:00:00,0.0,0.001,25.899,0.0,4.742,27.485851
2025-11-05 19:00:00,0.0,0.0,25.28,0.0,4.992,32.559053
2025-11-05 20:00:00,0.0,0.0,24.857,0.0,4.89,30.427087
2025-11-05 21:00:00,0.0,0.0,24.552,0.0,4.856,29.740887999999998
2025-11-05 22:00:00,0.0,0.0,24.291,0.0,4.867,30.097042000000002
2025-11-05 23:00:00,0.0,0.0,24.008,0.0,4.85,29.625252
2025-11-06 00:00:00,0.0,0.0,23.735,0.0,4.947,31.600581
2025-11-06 01:00:00,0.0,0.0,23.525,0.0,5.15,35.989557
2025-11-06 02:00:00,0.0,0.0,23.345,0.0,5.284,39.299245
2025-11-06 03:00:00,0.0,0.0,23.194,0.0,5.264,38.615317000000005
2025-11-06 04:00:00,0.0,0.0,23.095,0.0,5.259,38.482587
2025-11-06 05:00:00,0.0,0.0,23.027,0.0,5.229,37.803526
2025-11-06 06:00:00,0.015,0.007,23.046,3.65492,5.212,37.40275
2025-11-06 07:00:00,0.167,0.083,24.164,174.64835,4.441,21.992647
2025-11-06 08:00:00,0.336,0.157,25.119,347.905511,4.038,15.656791
2025-11-06 09:00:00,0.505,0.192,26.287,477.198814,4.303,19.688923
2025-11-06 10:00:00,0.547,0.225,27.319,519.220929,4.184,17.802981
2025-11-06 11:00:00,0.538,0.259,28.059,531.8869540000001,3.968,14.764785
2025-11-06 12:00:00,0.491,0.292,28.483,522.297862,3.782,12.169798
2025-11-06 13:00:00,0.40700000000000003,0.311,28.62,484.20668900000004,3.682,10.934695
2025-11-06 14:00:00,0.327,0.291,28.511,423.264542,3.6,9.975292999999999
2025-11-06 15:00:00,0.20700000000000002,0.231,28.134,305.50339299999996,3.341,7.259141
2025-11-06 16:00:00,0.125,0.138,27.527,181.098083,3.015,4.499448999999999
2025-11-06 17:00:00,0.068,0.043000000000000003,26.716,66.74294599999999,3.252,6.425602
2025-11-06 18:00:00,0.0,0.001,25.739,0.0,4.003,15.130735000000001
2025-11-06 19:00:00,0.0,0.0,25.293,0.0,4.454,22.211579
2025-11-06 20:00:00,0.0,0.0,25.011,0.0,4.753,27.692688999999998
2025-11-06 21:00:00,0.0,0.0,24.747,0.0,5.151,36.013025999999996
2025-11-06 22:00:00,0.0,0.0,24.52,0.0,5.466,43.56713
2025-11-06 23:00:00,0.0,0.0,24.327,0.0,5.489,44.04992
2025-11-07 00:00:00,0.0,0.0,24.147,0.0,5.473,43.64302
2025-11-07 01:00:00,0.0,0.0,23.98,0.0,5.29,39.435362
2025-11-07 02:00:00,0.0,0.0,23.831,0.0,5.077,34.443084999999996
2025-11-07 03:00:00,0.0,0.0,23.729,0.0,4.954,31.743743
2025-11-07 04:00:00,0.0,0.0,23.685,0.0,5.04,33.769343
2025-11-07 05:00:00,0.0,0.0,23.663,0.0,5.194,37.090775
2025-11-07 06:00:00,0.005,0.006,23.71,0.0,5.135,35.662647
2025-11-07 07:00:00,0.045,0.077,24.631,76.370454,4.228,18.49177
2025-11-07 08:00:00,0.111,0.184,25.721,206.72672500000002,3.782,12.169906999999998
2025-11-07 09:00:00,0.127,0.278,26.782,284.620497,3.995,15.024207
2025-11-07 10:00:00,0.154,0.361,27.693,358.22939,3.916,13.924295
2025-11-07 11:00:00,0.14,0.40900000000000003,28.36,379.71186,3.787,12.229792999999999
2025-11-07 12:00:00,0.12,0.42,28.733,372.297426,3.785,12.202058999999998
2025-11-07 13:00:00,0.082,0.376,28.79,318.502837,3.808,12.499675
2025-11-07 14:00:00,0.044,0.28,28.51,225.500113,3.808,12.500081
2025-11-07 15:00:00,0.025,0.176,28.103,134.917931,3.588,9.83942
2025-11-07 16:00:00,0.017,0.093,27.628,65.95362399999999,3.465,8.594854
2025-11-07 17:00:00,0.011,0.026000000000000002,26.995,12.926396,3.6029999999999998,10.018538000000001
2025-11-07 18:00:00,0.0,0.0,26.294,0.0,4.199,18.030295
2025-11-07 19:00:00,0.0,0.0,25.891,0.0,4.104,16.600671
2025-11-07 20:00:00,0.0,0.0,25.601,0.0,4.15,17.423769
2025-11-07 21:00:00,0.0,0.0,25.367,0.0,4.17,17.584504000000003
2025-11-07 22:00:00,0.0,0.0,25.149,0.0,4.182,17.769771000000002
2025-11-07 23:00:00,0.0,0.0,24.936,0.0,4.25,18.833243
2025-11-08 00:00:00,0.0,0.0,24.762,0.0,4.254,18.897018
2025-11-08 01:00:00,0.0,0.0,24.603,0.0,4.462,22.347147
2025-11-08 02:00:00,0.0,0.0,24.461,0.0,4.704,26.761693
2025-11-08 03:00:00,0.0,0.0,24.34,0.0,4.901,30.652865000000002
2025-11-08 04:00:00,0.0,0.0,24.262,0.0,4.975,32.1955
2025-11-08 05:00:00,0.0,0.0,24.21,0.0,4.95,31.669151000000003
2025-11-08 06:00:00,0.003,0.005,24.23,0.0,4.921,31.074565999999997
2025-11-08 07:00:00,0.021,0.065,25.09,48.937039,4.451,22.16393
2025-11-08 08:00:00,0.05,0.166,25.881,147.547665,3.8609999999999998,13.209595
2025-11-08 09:00:00,0.083,0.273,26.796,249.990192,4.423,21.678895
2025-11-08 10:00:00,0.092,0.353,27.642,311.144257,4.699,26.653547
2025-11-08 11:00:00,0.093,0.404,28.22,345.081904,4.742,27.489817
2025-11-08 12:00:00,0.078,0.40900000000000003,28.507,338.09585,4.783,28.474103
2025-11-08 13:00:00,0.043000000000000003,0.336,28.384,264.053457,4.751,27.654098
2025-11-08 14:00:00,0.033,0.266,28.125,206.728324,4.739,27.427849
2025-11-08 15:00:00,0.023,0.176,27.755,133.56211100000002,4.577,24.393663
2025-11-08 16:00:00,0.018000000000000002,0.096,27.286,69.021178,4.357,20.572034
2025-11-08 17:00:00,0.013000000000000001,0.029,26.632,15.922751,4.567,24.201901000000003
2025-11-08 18:00:00,0.0,0.0,25.941,0.0,4.7010000000000005,26.706053
2025-11-08 19:00:00,0.0,0.0,25.667,0.0,4.793,28.668253
2025-11-08 20:00:00,0.0,0.0,25.489,0.0,4.885,30.420014
2025-11-08 21:00:00,0.0,0.0,25.352,0.0,4.941,31.473383000000002
2025-11-08 22:00:00,0.0,0.0,25.25,0.0,5.028,33.488040999999996
2025-11-08 23:00:00,0.0,0.0,25.147,0.0,5.138,35.7325
2025-11-09 00:00:00,0.0,0.0,25.071,0.0,5.244,38.140157
2025-11-09 01:00:00,0.0,0.0,25.032,0.0,5.406,42.004494
2025-11-09 02:00:00,0.0,0.0,25.006,0.0,5.594,46.73639
2025-11-09 03:00:00,0.0,0.0,24.994,0.0,5.9879999999999995,57.638711
2025-11-09 04:00:00,0.0,0.0,24.946,0.0,5.979,57.586332
2025-11-09 05:00:00,0.0,0.0,24.871,0.0,5.828,53.025399
2025-11-09 06:00:00,0.003,0.005,24.879,0.0,5.976,57.49831
2025-11-09 07:00:00,0.019,0.066,25.741,47.735532,5.523,44.987339999999996
2025-11-09 08:00:00,0.023,0.14300000000000002,26.459,108.636378,5.048,33.946329
2025-11-09 09:00:00,0.024,0.22,27.07,167.069044,6.143,62.198694
2025-11-09 10:00:00,0.023,0.279,27.519,210.21132,6.594,76.888334
2025-11-09 11:00:00,0.024,0.325,27.836,243.743599,6.563,75.687788
2025-11-09 12:00:00,0.016,0.295,27.873,216.220879,6.448,71.921682
2025-11-09 13:00:00,0.01,0.232,27.701,165.503249,6.083,60.588243999999996
2025-11-09 14:00:00,0.008,0.179,27.504,124.328232,5.5280000000000005,45.199428
2025-11-09 15:00:00,0.008,0.13,27.283,87.16038,5.3,39.67604
2025-11-09 16:00:00,0.006,0.066,26.94,37.8992,5.162,36.256677
2025-11-09 17:00:00,0.004,0.018000000000000002,26.433,3.6003580000000004,5.296,39.583076
2025-11-09 18:00:00,0.0,0.0,25.883,0.0,5.465,43.565091
2025-11-09 19:00:00,0.0,0.0,25.695,0.0,5.193,37.023849
2025-11-09 20:00:00,0.0,0.0,25.575,0.0,4.973,32.147965
2025-11-09 21:00:00,0.0,0.0,25.512,0.0,5.401,41.877358
2025-11-09 22:00:00,0.0,0.0,25.462,0.0,5.396,41.758958
2025-11-09 23:00:00,0.0,0.0,25.371,0.0,5.4879999999999995,44.029972
2025-11-10 00:00:00,0.0,0.0,25.27,0.0,5.391,41.6341
2025-11-10 01:00:00,0.0,0.0,25.2,0.0,5.522,44.952978
2025-11-10 02:00:00,0.0,0.0,25.171,0.0,5.459,43.522959
2025-11-10 03:00:00,0.0,0.0,25.144,0.0,4.867,30.091401
2025-11-10 04:00:00,0.0,0.0,25.12,0.0,4.77,28.020056
2025-11-10 05:00:00,0.0,0.0,25.102,0.0,4.963,31.930616
2025-11-10 06:00:00,0.0,0.002,25.117,0.0,4.583,24.492196
2025-11-10 07:00:00,0.002,0.03,25.638,10.252636,4.64,25.727922
2025-11-10 08:00:00,0.005,0.088,26.269,53.149989,4.431,21.820574
2025-11-10 09:00:00,0.008,0.164,26.734,113.83098,3.8810000000000002,13.578417
2025-11-10 10:00:00,0.014,0.254,27.312,185.19657199999997,3.785,12.205363
2025-11-10 11:00:00,0.01,0.258,27.606,185.20496,4.013,15.268012
2025-11-10 12:00:00,0.008,0.243,27.709,171.981666,4.118,16.90493
2025-11-10 13:00:00,0.007,0.213,27.717,148.747445,4.041,15.679658
2025-11-10 14:00:00,0.006,0.168,27.639,114.449693,3.908,13.841683999999999
2025-11-10 15:00:00,0.005,0.109,27.452,69.201465,3.811,12.541624
2025-11-10 16:00:00,0.004,0.057,27.101,30.008920999999997,4.188,17.872182000000002
2025-11-10 17:00:00,0.003,0.017,26.565,2.651729,4.911,30.853663
2025-11-10 18:00:00,0.0,0.0,25.956,0.0,5.307,39.826765
2025-11-10 19:00:00,0.0,0.0,25.689,0.0,5.162,36.268989000000005
2025-11-10 20:00:00,0.0,0.0,25.504,0.0,5.222,37.634661
2025-11-10 21:00:00,0.0,0.0,25.359,0.0,5.197,37.210282
2025-11-10 22:00:00,0.0,0.0,25.197,0.0,4.886,30.421966
2025-11-10 23:00:00,0.0,0.0,25.029,0.0,4.655,26.005141
2025-11-11 00:00:00,0.0,0.0,24.874,0.0,4.767,27.960695
2025-11-11 01:00:00,0.0,0.0,24.748,0.0,5.212,37.401417
2025-11-11 02:00:00,0.0,0.0,24.636,0.0,5.582,46.611316
2025-11-11 03:00:00,0.0,0.0,24.533,0.0,5.78,51.964268
2025-11-11 04:00:00,0.0,0.0,24.443,0.0,5.673,48.816164
2025-11-11 05:00:00,0.0,0.0,24.356,0.0,5.47,43.574014000000005
2025-11-11 06:00:00,0.001,0.004,24.321,0.0,5.149,35.973348
2025-11-11 07:00:00,0.008,0.05,24.956,27.889654999999998,4.755,27.742161
2025-11-11 08:00:00,0.013000000000000001,0.123,25.448,86.65584,4.586,24.564078000000002
2025-11-11 09:00:00,0.016,0.198,25.974,145.65222500000002,5.003,32.777435
2025-11-11 10:00:00,0.018000000000000002,0.264,26.542,196.858467,5.417,42.2635
2025-11-11 11:00:00,0.02,0.309,27.094,230.60410099999999,5.155,36.111497
2025-11-11 12:00:00,0.02,0.318,27.448,236.32024299999998,4.626,25.461395
2025-11-11 13:00:00,0.015,0.268,27.458,195.79085899999998,4.101,16.553359
2025-11-11 14:00:00,0.008,0.179,27.214,124.484719,3.563,9.563201
2025-11-11 15:00:00,0.006,0.11900000000000001,26.999,78.299207,3.653,10.589969
2025-11-11 16:00:00,0.006,0.066,26.749,37.840621,3.683,10.944805
2025-11-11 17:00:00,0.005,0.02,26.354,5.470097,3.731,11.537013
2025-11-11 18:00:00,0.0,0.0,25.77,0.0,4.074,16.158704
2025-11-11 19:00:00,0.0,0.0,25.475,0.0,4.055,15.88064
2025-11-11 20:00:00,0.0,0.0,25.27,0.0,4.086,16.329352
2025-11-11 21:00:00,0.0,0.0,25.125,0.0,3.179,5.790336
2025-11-11 22:00:00,0.0,0.0,25.007,0.0,2.318,1.068073
2025-11-11 23:00:00,0.0,0.0,24.95,0.0,1.738,0.14602600000000002
2025-11-12 00:00:00,0.0,0.0,24.729,0.0,2.213,0.7922290000000001
2025-11-12 01:00:00,0.0,0.0,24.447,0.0,2.843,3.347049
2025-11-12 02:00:00,0.0,0.0,24.253,0.0,3.156,5.5991930000000005
2025-11-12 03:00:00,0.0,0.0,24.134,0.0,3.167,5.690536
2025-11-12 04:00:00,0.0,0.0,24.052,0.0,3.34,7.247426000000001
2025-11-12 05:00:00,0.0,0.0,24.029,0.0,3.363,7.491511999999999
2025-11-12 06:00:00,0.005,0.006,24.201,0.0,2.716,2.669942
2025-11-12 07:00:00,0.056,0.082,25.122,88.28497,2.76,2.862295
2025-11-12 08:00:00,0.051000000000000004,0.167,25.796,149.020788,3.053,4.78453
2025-11-12 09:00:00,0.045,0.248,26.384,203.92041,3.544,9.349908
2025-11-12 10:00:00,0.039,0.309,26.992,243.43429,3.682,10.939803
2025-11-12 11:00:00,0.04,0.359,27.543,279.79276500000003,3.6710000000000003,10.809031999999998
2025-11-12 12:00:00,0.023,0.318,27.734,238.00201800000002,3.42,8.035836
2025-11-12 13:00:00,0.012,0.23800000000000002,27.606,171.37870800000002,3.147,5.529335
2025-11-12 14:00:00,0.009000000000000001,0.181,27.396,126.221069,3.123,5.378467
2025-11-12 15:00:00,0.006,0.113,27.138,72.943372,2.981,4.308165
2025-11-12 16:00:00,0.009000000000000001,0.079,26.954,50.303354,2.926,3.87509
2025-11-12 17:00:00,0.007,0.023,26.57,8.207908999999999,3.076,4.960713
2025-11-12 18:00:00,0.0,0.0,25.922,0.0,3.496,8.927989
2025-11-12 19:00:00,0.0,0.0,25.604,0.0,3.508,8.978223
2025-11-12 20:00:00,0.0,0.0,25.371,0.0,3.362,7.471108
2025-11-12 21:00:00,0.0,0.0,25.181,0.0,3.032,4.6248119999999995
2025-11-12 22:00:00,0.0,0.0,25.091,0.0,3.081,4.997804
2025-11-12 23:00:00,0.0,0.0,24.857,0.0,4.075,16.174371999999998
2025-11-13 00:00:00,0.0,0.0,24.68,0.0,4.593,24.674442
2025-11-13 01:00:00,0.0,0.0,24.581,0.0,4.487,22.795866
2025-11-13 02:00:00,0.0,0.0,24.54,0.0,4.208,18.175228999999998
2025-11-13 03:00:00,0.0,0.0,24.537,0.0,4.068,16.05885
2025-11-13 04:00:00,0.0,0.0,24.546,0.0,3.996,15.028271
2025-11-13 05:00:00,0.0,0.0,24.56,0.0,3.761,11.909799999999999
2025-11-13 06:00:00,0.001,0.002,24.594,0.0,3.523,9.122916
2025-11-13 07:00:00,0.006,0.043000000000000003,25.093,21.576935000000002,3.247,6.408183
2025-11-13 08:00:00,0.013000000000000001,0.12,25.677,84.019431,2.802,3.139904
2025-11-13 09:00:00,0.019,0.203,26.081,151.781475,3.23,6.3105519999999995
2025-11-13 10:00:00,0.026000000000000002,0.28400000000000003,26.511,217.04023,3.661,10.682561
2025-11-13 11:00:00,0.035,0.352,26.958,272.128838,3.818,12.634945
2025-11-13 12:00:00,0.033,0.354,27.15,270.922391,3.93,14.122146
2025-11-13 13:00:00,0.027,0.314,27.142,238.497663,3.855,13.107454
2025-11-13 14:00:00,0.017,0.227,26.949,167.26185,3.383,7.66482
2025-11-13 15:00:00,0.014,0.154,26.665,110.52981,3.117,5.3237380000000005
2025-11-13 16:00:00,0.01,0.082,26.271,53.372079,3.384,7.676231
2025-11-13 17:00:00,0.007,0.024,25.727,9.230300999999999,3.997,15.040787
2025-11-13 18:00:00,0.0,0.0,25.081,0.0,4.756,27.758043
2025-11-13 19:00:00,0.0,0.0,24.782,0.0,5.227,37.736589
2025-11-13 20:00:00,0.0,0.0,24.554,0.0,5.442,42.903523
2025-11-13 21:00:00,0.0,0.0,24.368,0.0,5.614,47.241488
2025-11-13 22:00:00,0.0,0.0,24.207,0.0,5.766,51.324175000000004
2025-11-13 23:00:00,0.0,0.0,24.068,0.0,5.839,53.320392
2025-11-14 00:00:00,0.0,0.0,23.963,0.0,5.674,48.842532
2025-11-14 01:00:00,0.0,0.0,23.882,0.0,5.481,43.853856
2025-11-14 02:00:00,0.0,0.0,23.802,0.0,5.383,41.426439
2025-11-14 03:00:00,0.0,0.0,23.751,0.0,5.383,41.441084000000004
2025-11-14 04:00:00,0.0,0.0,23.718,0.0,5.589,46.623397
2025-11-14 05:00:00,0.0,0.0,23.712,0.0,5.77,51.418648999999995
2025-11-14 06:00:00,0.001,0.003,23.717,0.0,5.811,52.544259
2025-11-14 07:00:00,0.006,0.043000000000000003,24.261,21.016991,5.467,43.569297
2025-11-14 08:00:00,0.013000000000000001,0.12,24.825,84.670269,5.033,33.623405
2025-11-14 09:00:00,0.023,0.218,25.439,167.210016,5.201,37.34224
2025-11-14 10:00:00,0.026000000000000002,0.289,25.937,221.27167300000002,5.474,43.664055
2025-11-14 11:00:00,0.028,0.336,26.357,256.432371,5.48,43.816404000000006
2025-11-14 12:00:00,0.027,0.342,26.587,259.445986,5.438,42.78789
2025-11-14 13:00:00,0.018000000000000002,0.28200000000000003,26.546,209.094674,5.199,37.283113
2025-11-14 14:00:00,0.011,0.198,26.304,141.498174,4.845,29.518338
2025-11-14 15:00:00,0.006,0.11800000000000001,26.017,77.80873299999999,4.599,24.784897
2025-11-14 16:00:00,0.004,0.055,25.734,28.707895,4.609,24.977123
2025-11-14 17:00:00,0.003,0.015,25.343,1.110546,5.335,40.283697999999994
2025-11-14 18:00:00,0.0,0.0,24.861,0.0,5.462,43.55953
2025-11-14 19:00:00,0.0,0.0,24.606,0.0,5.673,48.800074
2025-11-14 20:00:00,0.0,0.0,24.411,0.0,5.901,55.066404000000006
2025-11-14 21:00:00,0.0,0.0,24.239,0.0,6.088,60.597336000000006
2025-11-14 22:00:00,0.0,0.0,24.086,0.0,6.162,62.83780599999999
2025-11-14 23:00:00,0.0,0.0,23.952,0.0,6.203,64.100401
2025-11-15 00:00:00,0.0,0.0,23.837,0.0,6.256,65.889114
2025-11-15 01:00:00,0.0,0.0,23.748,0.0,6.313,67.486218
2025-11-15 02:00:00,0.0,0.0,23.658,0.0,5.949,56.708532
2025-11-15 03:00:00,0.0,0.0,23.6,0.0,5.51,44.571059
2025-11-15 04:00:00,0.0,0.0,23.548000000000002,0.0,5.272,38.855567
2025-11-15 05:00:00,0.0,0.0,23.518,0.0,5.178,36.62701
2025-11-15 06:00:00,0.001,0.003,23.512,0.0,5.113,35.168844
2025-11-15 07:00:00,0.007,0.046,24.085,24.945657,4.659,26.084197
2025-11-15 08:00:00,0.016,0.127,24.739,92.116421,3.969,14.775503
2025-11-15 09:00:00,0.025,0.217,25.377,167.568477,3.847,13.005197
2025-11-15 10:00:00,0.034,0.303,25.933,237.136877,3.85,13.049868
2025-11-15 11:00:00,0.037,0.35100000000000003,26.417,273.197665,3.849,13.037896
2025-11-15 12:00:00,0.033,0.353,26.661,272.004167,3.96,14.655199
2025-11-15 13:00:00,0.029,0.317,26.705,242.616858,4.004,15.151625
2025-11-15 14:00:00,0.019,0.23500000000000001,26.54,175.970527,3.848,13.022178
2025-11-15 15:00:00,0.012,0.146,26.25,102.80617,3.541,9.313248
2025-11-15 16:00:00,0.008,0.076,25.84,47.123278,3.379,7.636273
2025-11-15 17:00:00,0.006,0.022,25.309,7.271924,3.753,11.807948
2025-11-15 18:00:00,0.0,0.0,24.721,0.0,4.163,17.488975999999997
2025-11-15 19:00:00,0.0,0.0,24.472,0.0,4.253,18.890371
2025-11-15 20:00:00,0.0,0.0,24.286,0.0,4.357,20.565472000000003
2025-11-15 21:00:00,0.0,0.0,24.108,0.0,4.561,24.101049
2025-11-15 22:00:00,0.0,0.0,23.969,0.0,4.716,26.98241
2025-11-15 23:00:00,0.0,0.0,23.844,0.0,4.792,28.650171999999998
2025-11-16 00:00:00,0.0,0.0,23.728,0.0,4.806,28.9288
2025-11-16 01:00:00,0.0,0.0,23.613,0.0,4.737,27.394447
2025-11-16 02:00:00,0.0,0.0,23.503,0.0,4.67,26.109807
2025-11-16 03:00:00,0.0,0.0,23.384,0.0,4.666,26.105041
2025-11-16 04:00:00,0.0,0.0,23.272,0.0,4.851,29.639542000000002
2025-11-16 05:00:00,0.0,0.0,23.151,0.0,5.055,34.110276
2025-11-16 06:00:00,0.003,0.005,23.062,0.0,5.244,38.140046000000005
2025-11-16 07:00:00,0.041,0.07200000000000001,23.883,69.939624,4.7219999999999995,27.108055
2025-11-16 08:00:00,0.121,0.181,24.733,212.948926,4.26,18.998566999999998
2025-11-16 09:00:00,0.194,0.275,25.652,330.840244,4.574,24.329234
2025-11-16 10:00:00,0.222,0.35000000000000003,26.524,397.768962,4.391,21.28635
2025-11-16 11:00:00,0.17300000000000001,0.406,27.112,401.01857299999995,4.025,15.510356
2025-11-16 12:00:00,0.107,0.41200000000000003,27.387,361.961782,3.5140000000000002,9.024129
2025-11-16 13:00:00,0.056,0.35100000000000003,27.281,285.281424,2.904,3.7315270000000003
2025-11-16 14:00:00,0.024,0.24,26.859,182.755051,2.327,1.0932819999999999
2025-11-16 15:00:00,0.009000000000000001,0.126,26.289,85.526184,1.7730000000000001,0.169037
2025-11-16 16:00:00,0.005,0.059000000000000004,25.831,32.125077000000005,1.65,0.102347
2025-11-16 17:00:00,0.004,0.017,25.444,2.761765,1.713,0.13147399999999998
2025-11-16 18:00:00,0.0,0.0,25.05,0.0,1.617,0.08693899999999999
2025-11-16 19:00:00,0.0,0.0,24.917,0.0,1.328,0.017901
2025-11-16 20:00:00,0.0,0.0,24.914,0.0,0.85,0.00033600000000000004
2025-11-16 21:00:00,0.0,0.0,24.933,0.0,0.378,0.0
2025-11-16 22:00:00,0.0,0.0,24.85,0.0,0.088,0.0
2025-11-16 23:00:00,0.0,0.0,24.689,0.0,0.759,0.0
2025-11-17 00:00:00,0.0,0.0,24.474,0.0,1.324,0.017571
2025-11-17 01:00:00,0.0,0.0,24.206,0.0,1.881,0.26597699999999996
2025-11-17 02:00:00,0.0,0.0,24.011,0.0,2.447,1.4747819999999998
2025-11-17 03:00:00,0.0,0.0,23.79,0.0,3.082,5.008243
2025-11-17 04:00:00,0.0,0.0,23.647,0.0,3.588,9.839164
2025-11-17 05:00:00,0.0,0.0,23.531,0.0,4.008,15.207414
2025-11-17 06:00:00,0.003,0.004,23.498,0.0,4.399,21.424036
2025-11-17 07:00:00,0.029,0.064,24.371,54.836034,4.24,18.678757
2025-11-17 08:00:00,0.083,0.169,25.204,175.263719,3.599,9.970269
2025-11-17 09:00:00,0.135,0.266,26.043,283.30490399999996,4.092,16.41477
2025-11-17 10:00:00,0.219,0.339,26.874,388.1953,4.264,19.062288
2025-11-17 11:00:00,0.254,0.379,27.48,434.817654,4.33,20.13125
2025-11-17 12:00:00,0.224,0.397,27.759,426.821711,4.425,21.72313
2025-11-17 13:00:00,0.186,0.38,27.772,391.382876,4.562,24.122137
2025-11-17 14:00:00,0.113,0.312,27.467,297.681566,4.717,27.003789
2025-11-17 15:00:00,0.076,0.217,27.069,203.701054,4.756,27.751159
2025-11-17 16:00:00,0.064,0.126,26.65,127.554738,4.673,26.175236
2025-11-17 17:00:00,0.049,0.04,26.042,50.973942,4.921,31.067121999999998
2025-11-17 18:00:00,0.0,0.0,25.229,0.0,5.391,41.616061
2025-11-17 19:00:00,0.0,0.0,24.922,0.0,5.388,41.565379
2025-11-17 20:00:00,0.0,0.0,24.732,0.0,5.327,40.155028
2025-11-17 21:00:00,0.0,0.0,24.541,0.0,5.307,39.840726000000004
2025-11-17 22:00:00,0.0,0.0,24.348,0.0,5.325,40.151156
2025-11-17 23:00:00,0.0,0.0,24.135,0.0,5.335,40.287322
2025-11-18 00:00:00,0.0,0.0,23.941,0.0,5.37,41.124913
2025-11-18 01:00:00,0.0,0.0,23.79,0.0,5.712,50.047296
2025-11-18 02:00:00,0.0,0.0,23.674,0.0,5.825,52.934869
2025-11-18 03:00:00,0.0,0.0,23.539,0.0,5.83,53.091080000000005
2025-11-18 04:00:00,0.0,0.0,23.413,0.0,5.849,53.601659
2025-11-18 05:00:00,0.0,0.0,23.27,0.0,5.757,51.076659
2025-11-18 06:00:00,0.009000000000000001,0.006,23.266,0.0,5.718,50.059183
2025-11-18 07:00:00,0.076,0.076,24.426,99.190063,5.352,40.68969
2025-11-18 08:00:00,0.147,0.17200000000000001,25.479,224.559456,4.8870000000000005,30.422192
2025-11-18 09:00:00,0.229,0.258,26.432,341.862619,5.704,49.874004
2025-11-18 10:00:00,0.216,0.329,27.04,379.45932799999997,6.095,60.900107000000006
2025-11-18 11:00:00,0.229,0.374,27.509,415.938997,6.172,63.317367
2025-11-18 12:00:00,0.266,0.378,27.889,441.186599,6.205,64.250462
2025-11-18 13:00:00,0.28400000000000003,0.353,28.04,436.326092,6.321,67.76817299999999
2025-11-18 14:00:00,0.22,0.309,27.862,367.159216,6.298,67.02797100000001
2025-11-18 15:00:00,0.167,0.232,27.459,279.736417,6.291,66.800861
2025-11-18 16:00:00,0.092,0.131,26.804,151.695805,6.326,68.109796
2025-11-18 17:00:00,0.053,0.04,25.943,53.613341999999996,6.604,77.276985
2025-11-18 18:00:00,0.0,0.001,25.029,0.0,6.691,80.375147
2025-11-18 19:00:00,0.0,0.0,24.618,0.0,6.54,74.905674
2025-11-18 20:00:00,0.0,0.0,24.352,0.0,6.655,78.848474
2025-11-18 21:00:00,0.0,0.0,24.17,0.0,6.662,79.124208
2025-11-18 22:00:00,0.0,0.0,24.05,0.0,6.573,76.137969
2025-11-18 23:00:00,0.0,0.0,23.98,0.0,6.587,76.601118
2025-11-19 00:00:00,0.0,0.0,23.934,0.0,6.723,81.316735
2025-11-19 01:00:00,0.0,0.0,23.878,0.0,6.857,86.05813099999999
2025-11-19 02:00:00,0.0,0.0,23.84,0.0,6.948,89.331487
2025-11-19 03:00:00,0.0,0.0,23.81,0.0,6.908,87.803668
2025-11-19 04:00:00,0.0,0.0,23.817,0.0,6.688,80.254617
2025-11-19 05:00:00,0.0,0.0,23.881,0.0,6.867,86.550736
2025-11-19 06:00:00,0.002,0.004,23.986,0.0,6.809,84.22038
2025-11-19 07:00:00,0.021,0.061,24.688,45.336733,6.152,62.481438000000004
2025-11-19 08:00:00,0.048,0.159,25.43,141.144393,5.828,53.009620000000005
2025-11-19 09:00:00,0.07200000000000001,0.26,26.223,233.498606,6.547,75.157184
2025-11-19 10:00:00,0.085,0.34400000000000003,26.809,300.978066,7.336,104.13922500000001
2025-11-19 11:00:00,0.082,0.39,27.188,329.83368099999996,7.339,104.146265
2025-11-19 12:00:00,0.077,0.401,27.427,333.989147,7.117,95.773588
2025-11-19 13:00:00,0.047,0.339,27.388,270.520736,6.814,84.39986
2025-11-19 14:00:00,0.031,0.258,27.15,200.651098,6.546,75.105924
2025-11-19 15:00:00,0.021,0.169,26.81,127.242979,6.078,60.486477
2025-11-19 16:00:00,0.014,0.08700000000000001,26.372,59.513723,5.963,57.118512
2025-11-19 17:00:00,0.01,0.026000000000000002,25.817,12.49747,6.327,68.145988
2025-11-19 18:00:00,0.0,0.0,25.235,0.0,6.568,75.87257000000001
2025-11-19 19:00:00,0.0,0.0,24.966,0.0,6.563,75.696888
2025-11-19 20:00:00,0.0,0.0,24.796,0.0,6.596,76.979443
2025-11-19 21:00:00,0.0,0.0,24.683,0.0,6.615,77.601669
2025-11-19 22:00:00,0.0,0.0,24.651,0.0,6.73,81.782152
2025-11-19 23:00:00,0.0,0.0,24.571,0.0,6.146,62.289085
2025-11-20 00:00:00,0.0,0.0,24.566,0.0,5.876,54.368775
2025-11-20 01:00:00,0.0,0.0,24.509,0.0,4.942,31.500889
2025-11-20 02:00:00,0.0,0.0,24.465,0.0,4.761,27.861841000000002
2025-11-20 03:00:00,0.0,0.0,24.431,0.0,4.796,28.711955000000003
2025-11-20 04:00:00,0.0,0.0,24.389,0.0,4.729,27.237248
2025-11-20 05:00:00,0.0,0.0,24.319,0.0,4.52,23.373574
2025-11-20 06:00:00,0.001,0.002,24.262,0.0,4.416,21.624651
2025-11-20 07:00:00,0.005,0.039,24.837,17.765711,4.238,18.646929
2025-11-20 08:00:00,0.011,0.113,25.555,76.976994,3.471,8.659841
2025-11-20 09:00:00,0.015,0.191,26.138,139.88498199999998,3.922,14.002064
2025-11-20 10:00:00,0.015,0.245,26.581,179.41609899999997,4.435,21.878377
2025-11-20 11:00:00,0.016,0.289,26.964,212.644937,4.611,25.036658
2025-11-20 12:00:00,0.015,0.289,27.209,211.303797,4.159,17.436489
2025-11-20 13:00:00,0.013000000000000001,0.257,27.386,186.476864,3.234,6.343327
2025-11-20 14:00:00,0.008,0.181,27.312,125.97440700000001,2.465,1.545384
2025-11-20 15:00:00,0.005,0.112,27.08,71.948666,2.343,1.139594
2025-11-20 16:00:00,0.003,0.051000000000000004,26.712,25.340670999999997,2.535,1.816703
2025-11-20 17:00:00,0.002,0.014,26.225,0.0,2.521,1.732118
2025-11-20 18:00:00,0.0,0.0,25.76,0.0,2.5220000000000002,1.740945
2025-11-20 19:00:00,0.0,0.0,25.565,0.0,2.26,0.891451
2025-11-20 20:00:00,0.0,0.0,25.42,0.0,2.091,0.549766
2025-11-20 21:00:00,0.0,0.0,25.164,0.0,2.5460000000000003,1.8658219999999999
2025-11-20 22:00:00,0.0,0.0,24.996,0.0,3.153,5.577598
2025-11-20 23:00:00,0.0,0.0,24.881,0.0,3.162,5.652698999999999
2025-11-21 00:00:00,0.0,0.0,24.78,0.0,3.126,5.381197
2025-11-21 01:00:00,0.0,0.0,24.669,0.0,3.202,6.068054
2025-11-21 02:00:00,0.0,0.0,24.587,0.0,3.428,8.116753
2025-11-21 03:00:00,0.0,0.0,24.517,0.0,4.047,15.757315
2025-11-21 04:00:00,0.0,0.0,24.454,0.0,4.411,21.617728
2025-11-21 05:00:00,0.0,0.0,24.373,0.0,4.63,25.53529
2025-11-21 06:00:00,0.0,0.002,24.319,0.0,4.8469999999999995,29.551757000000002
2025-11-21 07:00:00,0.003,0.031,24.734,11.058797,4.674,26.184905999999998
2025-11-21 08:00:00,0.004,0.078,25.156,45.487386,3.803,12.438278
2025-11-21 09:00:00,0.005,0.128,25.469,84.04855400000001,3.795,12.334912000000001
2025-11-21 10:00:00,0.007,0.197,25.808,138.583111,4.116,16.851736000000002
2025-11-21 11:00:00,0.011,0.26,26.226,188.71724,4.132,17.145657
2025-11-21 12:00:00,0.011,0.266,26.543,192.150731,3.993,14.982691
2025-11-21 13:00:00,0.009000000000000001,0.231,26.69,165.00327900000002,3.688,11.015709999999999
2025-11-21 14:00:00,0.007,0.176,26.684,121.778018,3.307,6.938996
2025-11-21 15:00:00,0.006,0.12,26.593,78.640236,2.899,3.696266
2025-11-21 16:00:00,0.006,0.067,26.398,38.281976,3.042,4.699128
2025-11-21 17:00:00,0.004,0.018000000000000002,25.903,3.347649,3.727,11.516135
2025-11-21 18:00:00,0.0,0.0,25.272,0.0,4.494,22.916331
2025-11-21 19:00:00,0.0,0.0,25.016,0.0,4.6850000000000005,26.388714
2025-11-21 20:00:00,0.0,0.0,24.807,0.0,4.645,25.815682000000002
2025-11-21 21:00:00,0.0,0.0,24.581,0.0,4.673,26.173273000000002
2025-11-21 22:00:00,0.0,0.0,24.4,0.0,4.518,23.329014
2025-11-21 23:00:00,0.0,0.0,24.253,0.0,4.247,18.786547
2025-11-22 00:00:00,0.0,0.0,24.129,0.0,4.123,17.017395
2025-11-22 01:00:00,0.0,0.0,24.012,0.0,4.145,17.341097
2025-11-22 02:00:00,0.0,0.0,23.894,0.0,4.198,18.020559000000002
2025-11-22 03:00:00,0.0,0.0,23.809,0.0,4.206,18.144406999999998
2025-11-22 04:00:00,0.0,0.0,23.731,0.0,4.149,17.412487000000002
2025-11-22 05:00:00,0.0,0.0,23.674,0.0,3.991,14.964815
2025-11-22 06:00:00,0.004,0.005,23.698,0.0,3.773,12.060514
2025-11-22 07:00:00,0.059000000000000004,0.075,24.783,84.932682,3.372,7.6275640000000005
2025-11-22 08:00:00,0.106,0.17200000000000001,25.704,194.565115,3.325,7.106373
2025-11-22 09:00:00,0.158,0.268,26.511,299.765756,4.564,24.158754000000002
2025-11-22 10:00:00,0.23600000000000002,0.341,27.408,399.343407,5.366,41.014680999999996
2025-11-22 11:00:00,0.177,0.393,27.927,393.91794300000004,5.702,49.821951
2025-11-22 12:00:00,0.147,0.40900000000000003,28.176,384.79777,5.984,57.630114999999996
2025-11-22 13:00:00,0.106,0.376,28.192,335.242277,5.971,57.366278
2025-11-22 14:00:00,0.061,0.291,27.977,245.2041,5.638,47.870768
2025-11-22 15:00:00,0.029,0.178,27.617,139.440933,5.087,34.596865
2025-11-22 16:00:00,0.011,0.078,27.084,50.399675,5.125,35.441845
2025-11-22 17:00:00,0.007,0.02,26.465,6.6542330000000005,5.419,42.321864
2025-11-22 18:00:00,0.0,0.0,25.874,0.0,5.862,53.9654
2025-11-22 19:00:00,0.0,0.0,25.575,0.0,5.979,57.598057
2025-11-22 20:00:00,0.0,0.0,25.397,0.0,6.036,59.103987000000004
2025-11-22 21:00:00,0.0,0.0,25.259,0.0,6.01,58.502102
2025-11-22 22:00:00,0.0,0.0,25.12,0.0,5.927,55.807964
2025-11-22 23:00:00,0.0,0.0,24.974,0.0,5.873,54.287151
2025-11-23 00:00:00,0.0,0.0,24.815,0.0,5.854,53.743673
2025-11-23 01:00:00,0.0,0.0,24.734,0.0,5.989,57.641099000000004
2025-11-23 02:00:00,0.0,0.0,24.768,0.0,7.094,94.816539
2025-11-23 03:00:00,0.0,0.0,24.841,0.0,7.763,121.498861
2025-11-23 04:00:00,0.0,0.0,24.828,0.0,7.744,120.673564
2025-11-23 05:00:00,0.0,0.0,24.778,0.0,7.9190000000000005,128.056357
2025-11-23 06:00:00,0.0,0.002,24.787,0.0,8.137,136.970542
2025-11-23 07:00:00,0.004,0.032,25.091,12.411369,7.516,111.292383
2025-11-23 08:00:00,0.012,0.106,25.631,73.076479,6.6129999999999995,77.51438499999999
2025-11-23 09:00:00,0.043000000000000003,0.232,26.288,190.845995,6.548,75.192021
2025-11-23 10:00:00,0.126,0.35000000000000003,27.058,332.97951400000005,7.197,98.711695
2025-11-23 11:00:00,0.216,0.397,27.757,421.11228700000004,7.619,115.69682
2025-11-23 12:00:00,0.20600000000000002,0.406,28.1,420.830592,7.612,115.07226700000001
2025-11-23 13:00:00,0.212,0.382,28.252,408.300755,7.551,112.55268
2025-11-23 14:00:00,0.184,0.329,28.226,356.293224,7.365,105.32279399999999
2025-11-23 15:00:00,0.064,0.215,27.774,192.491622,6.494,73.567319
2025-11-23 16:00:00,0.02,0.096,27.137,70.86486500000001,5.993,57.729074
2025-11-23 17:00:00,0.009000000000000001,0.023,26.385,10.391377,5.76,51.135975
2025-11-23 18:00:00,0.0,0.0,25.695,0.0,5.822,52.854354
2025-11-23 19:00:00,0.0,0.0,25.413,0.0,5.707,49.974565999999996
2025-11-23 20:00:00,0.0,0.0,25.229,0.0,5.514,44.689455
2025-11-23 21:00:00,0.0,0.0,25.065,0.0,5.423,42.403945
2025-11-23 22:00:00,0.0,0.0,24.931,0.0,5.78,51.935403
2025-11-23 23:00:00,0.0,0.0,24.819,0.0,6.34,68.353163
2025-11-24 00:00:00,0.0,0.0,24.727,0.0,6.872,86.769697
2025-11-24 01:00:00,0.0,0.0,24.629,0.0,7.273,101.67356
2025-11-24 02:00:00,0.0,0.0,24.568,0.0,8.43,149.561405
2025-11-24 03:00:00,0.0,0.0,24.546,0.0,9.049,176.724394
2025-11-24 04:00:00,0.0,0.0,24.413,0.0,8.647,159.268386
2025-11-24 05:00:00,0.0,0.0,24.287,0.0,7.888,126.418772
2025-11-24 06:00:00,0.001,0.003,24.215,0.0,7.493,110.482505
2025-11-24 07:00:00,0.008,0.042,24.69,22.785896,6.965,90.060317
2025-11-24 08:00:00,0.024,0.128,25.266,98.70946099999999,5.749,50.851711
2025-11-24 09:00:00,0.05,0.23500000000000001,25.928,199.581558,5.99,57.641624
2025-11-24 10:00:00,0.089,0.329,26.553,294.390021,6.291,66.796419
2025-11-24 11:00:00,0.213,0.385,27.229,412.805122,6.201,63.988561999999995
2025-11-24 12:00:00,0.426,0.332,27.934,509.57623,5.829,53.056253
2025-11-24 13:00:00,0.43,0.311,28.273,499.10955,5.67,48.729344
2025-11-24 14:00:00,0.314,0.30000000000000004,28.227,421.312585,5.647,48.111713
2025-11-24 15:00:00,0.14100000000000001,0.23600000000000002,27.798000000000002,263.547886,5.482,43.883295
2025-11-24 16:00:00,0.025,0.097,26.963,75.49249499999999,5.027,33.439661
2025-11-24 17:00:00,0.012,0.025,26.059,12.916897,4.871,30.224008
2025-11-24 18:00:00,0.0,0.0,25.223,0.0,5.247,38.210961000000005
2025-11-24 19:00:00,0.0,0.0,24.814,0.0,5.486,43.967737
2025-11-24 20:00:00,0.0,0.0,24.512,0.0,5.727,50.24538
2025-11-24 21:00:00,0.0,0.0,24.322,0.0,6.085,60.591136
2025-11-24 22:00:00,0.0,0.0,24.191,0.0,6.049,59.631954
2025-11-24 23:00:00,0.0,0.0,24.097,0.0,6.084,60.588589
2025-11-25 00:00:00,0.0,0.0,24.009,0.0,5.936,56.067852
2025-11-25 01:00:00,0.0,0.0,24.016,0.0,6.172,63.317457000000005
2025-11-25 02:00:00,0.0,0.0,24.073,0.0,6.251,65.566708
2025-11-25 03:00:00,0.0,0.0,24.107,0.0,6.273,66.23255499999999
2025-11-25 04:00:00,0.0,0.0,24.145,0.0,6.133,61.896266000000004
2025-11-25 05:00:00,0.0,0.0,24.131,0.0,5.984,57.630582000000004
2025-11-25 06:00:00,0.001,0.003,24.115,0.0,5.734,50.444046
2025-11-25 07:00:00,0.017,0.054,24.909,37.945315,4.914,30.920173
2025-11-25 08:00:00,0.049,0.151,25.755,135.00614000000002,4.475,22.583775000000003
2025-11-25 09:00:00,0.116,0.262,26.629,265.938159,4.907,30.767155
2025-11-25 10:00:00,0.169,0.34,27.375,354.80258000000003,5.171,36.48043
2025-11-25 11:00:00,0.216,0.382,27.967,411.338429,5.469,43.572949
2025-11-25 12:00:00,0.277,0.38,28.467,447.427143,5.614,47.239957000000004
2025-11-25 13:00:00,0.303,0.353,28.774,445.86197200000004,5.611,47.166758
2025-11-25 14:00:00,0.225,0.315,28.719,372.75692499999997,5.302,39.712117
2025-11-25 15:00:00,0.092,0.222,28.248,218.00885,4.783,28.472068
2025-11-25 16:00:00,0.039,0.112,27.668,97.306674,4.259,18.981171
2025-11-25 17:00:00,0.017,0.028,26.899,18.987522000000002,4.331,20.149912
2025-11-25 18:00:00,0.0,0.0,26.024,0.0,4.814,29.005671
2025-11-25 19:00:00,0.0,0.0,25.665,0.0,4.975,32.191683
2025-11-25 20:00:00,0.0,0.0,25.438,0.0,5.263,38.571923999999996
2025-11-25 21:00:00,0.0,0.0,25.242,0.0,5.518,44.786702
2025-11-25 22:00:00,0.0,0.0,25.068,0.0,5.702,49.826661
2025-11-25 23:00:00,0.0,0.0,24.905,0.0,5.892,54.828638
2025-11-26 00:00:00,0.0,0.0,24.769,0.0,6.386,69.843711
2025-11-26 01:00:00,0.0,0.0,24.662,0.0,6.4,70.273964
2025-11-26 02:00:00,0.0,0.0,24.537,0.0,5.977,57.541863
2025-11-26 03:00:00,0.0,0.0,24.407,0.0,5.639,47.911799
2025-11-26 04:00:00,0.0,0.0,24.287,0.0,5.311,39.928569
2025-11-26 05:00:00,0.0,0.0,24.164,0.0,5.209,37.355661999999995
2025-11-26 06:00:00,0.008,0.005,24.138,0.0,5.391,41.632834
2025-11-26 07:00:00,0.11,0.076,25.215,125.15036599999999,4.789,28.577015
2025-11-26 08:00:00,0.233,0.165,26.13,280.414238,5.229,37.801761
2025-11-26 09:00:00,0.321,0.234,27.062,385.982311,6.096,60.954187
2025-11-26 10:00:00,0.38,0.28200000000000003,27.916,452.252581,6.413,70.801603
2025-11-26 11:00:00,0.331,0.339,28.426,455.540125,6.643,78.409717
2025-11-26 12:00:00,0.248,0.375,28.629,426.33817200000004,6.797,83.80827000000001
2025-11-26 13:00:00,0.21,0.361,28.716,392.676163,6.819,84.60462
2025-11-26 14:00:00,0.188,0.309,28.64,344.99240999999995,6.6370000000000005,78.22333
2025-11-26 15:00:00,0.124,0.226,28.289,243.742473,6.368,69.50302
2025-11-26 16:00:00,0.046,0.112,27.649,102.43685099999999,5.582,46.611219
2025-11-26 17:00:00,0.025,0.031,26.895,26.59665,5.286,39.335072
2025-11-26 18:00:00,0.0,0.0,26.118,0.0,6.177,63.328313
2025-11-26 19:00:00,0.0,0.0,25.736,0.0,6.191,63.932283000000005
2025-11-26 20:00:00,0.0,0.0,25.504,0.0,6.245,65.494819
2025-11-26 21:00:00,0.0,0.0,25.339,0.0,6.105,61.193245000000005
2025-11-26 22:00:00,0.0,0.0,25.188,0.0,5.965,57.172159
2025-11-26 23:00:00,0.0,0.0,25.047,0.0,6.049,59.635867
2025-11-27 00:00:00,0.0,0.0,24.949,0.0,6.456,72.340294
2025-11-27 01:00:00,0.0,0.0,24.829,0.0,6.49,73.560036
2025-11-27 02:00:00,0.0,0.0,24.711,0.0,6.61,77.28850299999999
2025-11-27 03:00:00,0.0,0.0,24.616,0.0,6.431,71.32939200000001
2025-11-27 04:00:00,0.0,0.0,24.54,0.0,6.01,58.482849
2025-11-27 05:00:00,0.0,0.0,24.497,0.0,5.854,53.743365
2025-11-27 06:00:00,0.003,0.004,24.538,0.0,5.9030000000000005,55.12825
2025-11-27 07:00:00,0.028,0.062,25.385,51.870872000000006,5.149,35.970819000000006
2025-11-27 08:00:00,0.061,0.159,26.171,150.849477,4.802,28.839197
2025-11-27 09:00:00,0.08600000000000001,0.256,26.881,239.85878599999998,6.038,59.108282
2025-11-27 10:00:00,0.10300000000000001,0.339,27.53,309.29891100000003,6.541,74.936316
2025-11-27 11:00:00,0.10200000000000001,0.386,28.046,339.84943300000003,6.792,83.624636
2025-11-27 12:00:00,0.108,0.403,28.37,354.514119,7.002,91.324369
2025-11-27 13:00:00,0.091,0.37,28.453,320.82099,6.931,88.658059
2025-11-27 14:00:00,0.056,0.28200000000000003,28.238,235.173415,6.534,74.704547
2025-11-27 15:00:00,0.053,0.20600000000000002,27.943,177.587889,6.214,64.557746
2025-11-27 16:00:00,0.04,0.115,27.457,100.154226,5.984,57.631519999999995
2025-11-27 17:00:00,0.027,0.034,26.735,29.912316,6.283,66.54795299999999
2025-11-27 18:00:00,0.0,0.0,25.939,0.0,6.694,80.381969
2025-11-27 19:00:00,0.0,0.0,25.6,0.0,6.655,78.836874
2025-11-27 20:00:00,0.0,0.0,25.419,0.0,6.941,89.31762300000001
2025-11-27 21:00:00,0.0,0.0,25.298,0.0,6.842,85.487114
2025-11-27 22:00:00,0.0,0.0,25.192,0.0,6.801,83.934046
2025-11-27 23:00:00,0.0,0.0,25.073,0.0,6.707,80.901736
2025-11-28 00:00:00,0.0,0.0,24.938,0.0,6.784,83.337075
2025-11-28 01:00:00,0.0,0.0,24.809,0.0,6.864,86.323821
2025-11-28 02:00:00,0.0,0.0,24.694,0.0,7.037,92.534772
2025-11-28 03:00:00,0.0,0.0,24.607,0.0,7.466,109.144592
2025-11-28 04:00:00,0.0,0.0,24.458,0.0,7.327,103.868309
2025-11-28 05:00:00,0.0,0.0,24.355,0.0,6.927,88.596656
2025-11-28 06:00:00,0.001,0.003,24.366,0.0,6.7780000000000005,83.118668
2025-11-28 07:00:00,0.011,0.051000000000000004,24.988,30.645637999999998,6.092,60.743967
2025-11-28 08:00:00,0.02,0.134,25.624,100.407341,5.786,52.112788
2025-11-28 09:00:00,0.015,0.187,26.091,136.471165,6.2620000000000005,66.115438
2025-11-28 10:00:00,0.012,0.224,26.356,162.19372700000002,6.776,83.048283
2025-11-28 11:00:00,0.011,0.254,26.522,183.423965,7.015,91.910117
2025-11-28 12:00:00,0.009000000000000001,0.241,26.595,172.16143100000002,7.168,97.801462
2025-11-28 13:00:00,0.008,0.212,26.574,149.429988,6.952,89.45614900000001
2025-11-28 14:00:00,0.007,0.168,26.451,116.001789,6.0,57.939440000000005
2025-11-28 15:00:00,0.005,0.111,26.221,71.610552,4.583,24.502866
2025-11-28 16:00:00,0.004,0.054,25.898,27.438361,4.106,16.622829000000003
2025-11-28 17:00:00,0.002,0.013000000000000001,25.431,0.0,4.494,22.911756
2025-11-28 18:00:00,0.0,0.0,24.963,0.0,5.476,43.723110999999996
2025-11-28 19:00:00,0.0,0.0,24.732,0.0,6.053,59.691629
2025-11-28 20:00:00,0.0,0.0,24.54,0.0,5.968,57.260301
2025-11-28 21:00:00,0.0,0.0,24.389,0.0,6.116,61.386917000000004
2025-11-28 22:00:00,0.0,0.0,24.25,0.0,6.094,60.835543
2025-11-28 23:00:00,0.0,0.0,24.129,0.0,6.135,61.949725
2025-11-29 00:00:00,0.0,0.0,24.072,0.0,6.59,76.607982
2025-11-29 01:00:00,0.0,0.0,24.053,0.0,6.773,82.947041
2025-11-29 02:00:00,0.0,0.0,24.037,0.0,6.874,86.774283
2025-11-29 03:00:00,0.0,0.0,24.049,0.0,7.017,91.912557
2025-11-29 04:00:00,0.0,0.0,24.023,0.0,7.229,99.841003
2025-11-29 05:00:00,0.0,0.0,23.954,0.0,7.352,104.91767200000001
2025-11-29 06:00:00,0.001,0.003,23.84,0.0,6.449,71.92331200000001
2025-11-29 07:00:00,0.014,0.047,24.445,30.129463,5.025,33.369921000000005
2025-11-29 08:00:00,0.043000000000000003,0.14,25.097,123.100153,4.579,24.426401000000002
2025-11-29 09:00:00,0.109,0.25,25.815,253.310867,5.759,51.111872000000005
2025-11-29 10:00:00,0.21,0.322,26.59,371.865579,6.271,66.15361999999999
2025-11-29 11:00:00,0.371,0.323,27.287,473.267428,6.5969999999999995,77.066739
2025-11-29 12:00:00,0.41300000000000003,0.315,27.671,492.43120799999997,6.703,80.626704
2025-11-29 13:00:00,0.449,0.28800000000000003,27.867,497.394843,6.431,71.313431
2025-11-29 14:00:00,0.432,0.256,27.825,467.52572100000003,5.909,55.293366
2025-11-29 15:00:00,0.365,0.209,27.546,397.153171,5.408,42.037178
2025-11-29 16:00:00,0.262,0.138,27.026,280.43953600000003,4.699,26.661087
2025-11-29 17:00:00,0.121,0.045,26.182,109.093446,4.184,17.802378
2025-11-29 18:00:00,0.0,0.0,25.112,0.0,4.306,19.728955000000003
2025-11-29 19:00:00,0.0,0.0,24.72,0.0,4.357,20.573726999999998
2025-11-29 20:00:00,0.0,0.0,24.457,0.0,4.205,18.12377
2025-11-29 21:00:00,0.0,0.0,24.291,0.0,4.013,15.272407999999999
2025-11-29 22:00:00,0.0,0.0,24.115,0.0,4.018,15.350278
2025-11-29 23:00:00,0.0,0.0,23.936,0.0,3.987,14.901227
2025-11-30 00:00:00,0.0,0.0,23.745,0.0,3.993,14.990864
2025-11-30 01:00:00,0.0,0.0,23.543,0.0,4.161,17.448670999999997
2025-11-30 02:00:00,0.0,0.0,23.332,0.0,4.378,21.079202000000002
2025-11-30 03:00:00,0.0,0.0,23.184,0.0,4.554,23.978728999999998
2025-11-30 04:00:00,0.0,0.0,23.086,0.0,4.587,24.578007000000003
2025-11-30 05:00:00,0.0,0.0,23.032,0.0,4.552,23.933231
2025-11-30 06:00:00,0.005,0.005,23.037,0.0,4.431,21.817216000000002
2025-11-30 07:00:00,0.06,0.07,23.984,82.93127700000001,3.599,9.972151
2025-11-30 08:00:00,0.158,0.17,24.834,232.14718299999998,3.318,7.038515
2025-11-30 09:00:00,0.20500000000000002,0.256,25.763,325.363049,3.714,11.435896000000001
2025-11-30 10:00:00,0.23800000000000002,0.323,26.803,390.18678000000006,4.123,17.01209
2025-11-30 11:00:00,0.31,0.35100000000000003,27.633,452.283077,4.18,17.750805
2025-11-30 12:00:00,0.315,0.365,28.139,462.439707,4.157,17.433129
2025-11-30 13:00:00,0.182,0.367,28.083,379.967108,3.957,14.606981
2025-11-30 14:00:00,0.124,0.311,27.792,303.703188,3.689,11.022731
2025-11-30 15:00:00,0.057,0.203,27.33,178.79154,3.296,6.834688
2025-11-30 16:00:00,0.024,0.096,26.769,73.81569400000001,3.075,4.952781
2025-11-30 17:00:00,0.011,0.025,26.142,12.225861,3.298,6.850949
2025-11-30 18:00:00,0.0,0.0,25.453,0.0,3.601,9.987464
2025-11-30 19:00:00,0.0,0.0,25.12,0.0,3.622,10.340352000000001
2025-11-30 20:00:00,0.0,0.0,24.854,0.0,3.9370000000000003,14.207742
2025-11-30 21:00:00,0.0,0.0,24.68,0.0,4.256,18.93222
2025-11-30 22:00:00,0.0,0.0,24.534,0.0,4.5280000000000005,23.629651999999997
2025-11-30 23:00:00,0.0,0.0,24.395,0.0,4.774,28.194260999999997
2025-12-01 00:00:00,0.0,0.0,24.265,0.0,4.807,28.947172
2025-12-01 01:00:00,0.0,0.0,24.16,0.0,4.9030000000000005,30.700342
2025-12-01 02:00:00,0.0,0.0,24.085,0.0,5.003,32.793347000000004
2025-12-01 03:00:00,0.0,0.0,24.021,0.0,4.9879999999999995,32.463834999999996
2025-12-01 04:00:00,0.0,0.0,23.997,0.0,5.475,43.709469
2025-12-01 05:00:00,0.0,0.0,24.018,0.0,6.292,66.83422
2025-12-01 06:00:00,0.0,0.002,24.05,0.0,6.845,85.676152
2025-12-01 07:00:00,0.005,0.038,24.513,17.149995,6.629,77.97122900000001
2025-12-01 08:00:00,0.01,0.112,25.097,76.16266800000001,5.144,35.87343
2025-12-01 09:00:00,0.006,0.136,25.547,90.992299,4.082,16.269748
2025-12-01 10:00:00,0.003,0.14100000000000001,25.759,93.280942,4.486,22.771394
2025-12-01 11:00:00,0.005,0.196,25.962,136.28978099999998,4.897,30.579968
2025-12-01 12:00:00,0.006,0.217,26.129,152.91629999999998,4.818,29.012951
2025-12-01 13:00:00,0.006,0.203,26.17,142.136001,4.582,24.488981
2025-12-01 14:00:00,0.006,0.168,26.116,115.794648,4.008,15.200331
2025-12-01 15:00:00,0.005,0.11,25.972,70.83278999999999,3.433,8.175789
2025-12-01 16:00:00,0.004,0.056,25.729,28.981281,3.089,5.058118
2025-12-01 17:00:00,0.002,0.015,25.312,0.6343920000000001,3.419,8.031428
2025-12-01 18:00:00,0.0,0.0,24.806,0.0,3.8970000000000002,13.79425
2025-12-01 19:00:00,0.0,0.0,24.609,0.0,4.241,18.694883
2025-12-01 20:00:00,0.0,0.0,24.424,0.0,4.441,21.985223
2025-12-01 21:00:00,0.0,0.0,24.263,0.0,4.553,23.954060000000002
2025-12-01 22:00:00,0.0,0.0,24.098,0.0,4.783,28.457824000000002
2025-12-01 23:00:00,0.0,0.0,23.961,0.0,5.135,35.658292
2025-12-02 00:00:00,0.0,0.0,23.857,0.0,5.457,43.478831
2025-12-02 01:00:00,0.0,0.0,23.764,0.0,5.542,45.63730399999999
2025-12-02 02:00:00,0.0,0.0,23.677,0.0,5.281,39.219357
2025-12-02 03:00:00,0.0,0.0,23.624,0.0,5.162,36.261120999999996
2025-12-02 04:00:00,0.0,0.0,23.614,0.0,5.526,45.144589
2025-12-02 05:00:00,0.0,0.0,23.597,0.0,5.714,50.051297
2025-12-02 06:00:00,0.0,0.001,23.543,0.0,5.502,44.371815999999995
2025-12-02 07:00:00,0.002,0.028,23.971,8.711808000000001,5.127,35.473504999999996
2025-12-02 08:00:00,0.005,0.081,24.561,48.322579,4.198,18.023116
2025-12-02 09:00:00,0.007,0.14400000000000002,24.995,98.167166,3.641,10.547467000000001
2025-12-02 10:00:00,0.009000000000000001,0.20400000000000001,25.436,145.238247,4.199,18.032344000000002
2025-12-02 11:00:00,0.011,0.253,25.794,183.74350399999997,4.648,25.869896
2025-12-02 12:00:00,0.012,0.273,26.066,198.803201,4.602,24.852228999999998
2025-12-02 13:00:00,0.01,0.234,26.17,168.026002,4.291,19.624488
2025-12-02 14:00:00,0.008,0.179,26.164,125.383998,3.903,13.834230999999999
2025-12-02 15:00:00,0.006,0.11900000000000001,26.072,78.53614,3.549,9.405207
2025-12-02 16:00:00,0.004,0.06,25.803,32.963635000000004,3.499,8.958596
2025-12-02 17:00:00,0.004,0.018000000000000002,25.323,3.244332,4.183,17.792758999999997
2025-12-02 18:00:00,0.0,0.0,24.771,0.0,5.049,33.971841999999995
2025-12-02 19:00:00,0.0,0.0,24.611,0.0,5.501,44.338449999999995
2025-12-02 20:00:00,0.0,0.0,24.512,0.0,5.795,52.376187
2025-12-02 21:00:00,0.0,0.0,24.459,0.0,6.25,65.527486
2025-12-02 22:00:00,0.0,0.0,24.34,0.0,6.076,60.363704
2025-12-02 23:00:00,0.0,0.0,24.293,0.0,6.08,60.581872000000004
2025-12-03 00:00:00,0.0,0.0,24.273,0.0,6.065,59.846442
2025-12-03 01:00:00,0.0,0.0,24.244,0.0,5.868,54.143619
2025-12-03 02:00:00,0.0,0.0,24.218,0.0,5.773,51.577405
2025-12-03 03:00:00,0.0,0.0,24.219,0.0,6.066,59.889252
2025-12-03 04:00:00,0.0,0.0,24.174,0.0,5.807,52.517504
2025-12-03 05:00:00,0.0,0.0,24.065,0.0,5.877,54.389191
2025-12-03 06:00:00,0.001,0.002,23.975,0.0,5.64,47.936741000000005
2025-12-03 07:00:00,0.009000000000000001,0.043000000000000003,24.501,24.260591,5.232,37.855247000000006
2025-12-03 08:00:00,0.031,0.139,25.235,112.89549099999999,4.743,27.496307
2025-12-03 09:00:00,0.032,0.211,25.779,167.555466,5.938,56.125605
2025-12-03 10:00:00,0.045,0.299,26.33,242.011815,5.936,56.090495000000004
2025-12-03 11:00:00,0.06,0.363,26.801,297.45604,6.034,59.099154000000006
2025-12-03 12:00:00,0.078,0.389,27.104,327.417772,6.191,63.931103
2025-12-03 13:00:00,0.10400000000000001,0.376,27.314,335.158234,6.11,61.212454
2025-12-03 14:00:00,0.111,0.317,27.334,299.761121,6.048,59.554265
2025-12-03 15:00:00,0.08700000000000001,0.226,27.133,217.906087,5.676,48.873912
2025-12-03 16:00:00,0.051000000000000004,0.122,26.654,114.213751,5.177,36.60537
2025-12-03 17:00:00,0.022,0.033,25.897,25.118389999999998,5.185,36.792805
2025-12-03 18:00:00,0.0,0.0,25.003,0.0,5.535,45.45293
2025-12-03 19:00:00,0.0,0.0,24.601,0.0,5.372,41.174782
2025-12-03 20:00:00,0.0,0.0,24.293,0.0,5.329,40.158434
2025-12-03 21:00:00,0.0,0.0,24.059,0.0,5.331,40.181735999999994
2025-12-03 22:00:00,0.0,0.0,23.801,0.0,5.601,46.908077
2025-12-03 23:00:00,0.0,0.0,23.516,0.0,6.106,61.194069000000006
2025-12-04 00:00:00,0.0,0.0,23.298,0.0,6.675,79.68831
2025-12-04 01:00:00,0.0,0.0,23.096,0.0,6.747,82.354172
2025-12-04 02:00:00,0.0,0.0,23.035,0.0,7.102,95.27435700000001
2025-12-04 03:00:00,0.0,0.0,23.028,0.0,7.408,106.90239100000001
2025-12-04 04:00:00,0.0,0.0,22.965,0.0,7.048,92.95808199999999
2025-12-04 05:00:00,0.0,0.0,22.845,0.0,6.843,85.56145699999999
2025-12-04 06:00:00,0.01,0.005,22.741,0.0,7.062,93.500956
2025-12-04 07:00:00,0.20600000000000002,0.07100000000000001,23.823,194.912074,6.213,64.555237
2025-12-04 08:00:00,0.47300000000000003,0.124,24.935,417.43432299999995,6.44,71.898819
2025-12-04 09:00:00,0.609,0.147,25.927,513.560642,6.924,88.591011
2025-12-04 10:00:00,0.675,0.157,26.778,555.27718,6.954,89.627925
2025-12-04 11:00:00,0.733,0.153,27.476,583.669751,7.173,97.93747400000001
2025-12-04 12:00:00,0.7020000000000001,0.17200000000000001,27.882,575.2407929999999,7.566,113.152067
2025-12-04 13:00:00,0.636,0.194,28.0,550.8617380000001,7.802,122.841406
2025-12-04 14:00:00,0.584,0.193,27.9,520.47554,7.577,113.83666199999999
2025-12-04 15:00:00,0.47900000000000004,0.177,27.596,449.27019,6.983,90.657998
2025-12-04 16:00:00,0.214,0.129,26.944,240.573037,6.421,71.249378
2025-12-04 17:00:00,0.08600000000000001,0.041,25.997,80.018426,6.335,68.34406600000001
2025-12-04 18:00:00,0.0,0.0,24.855,0.0,6.642,78.395969
2025-12-04 19:00:00,0.0,0.0,24.269,0.0,6.633,78.07807399999999
2025-12-04 20:00:00,0.0,0.0,23.788,0.0,6.454,72.184514
2025-12-04 21:00:00,0.0,0.0,23.489,0.0,6.258,65.991136
2025-12-04 22:00:00,0.0,0.0,23.267,0.0,6.058,59.701561999999996
2025-12-04 23:00:00,0.0,0.0,23.088,0.0,6.003,58.12686
2025-12-05 00:00:00,0.0,0.0,22.928,0.0,5.934,56.029122
2025-12-05 01:00:00,0.0,0.0,22.756,0.0,5.699,49.741681
2025-12-05 02:00:00,0.0,0.0,22.585,0.0,5.789,52.2023
2025-12-05 03:00:00,0.0,0.0,22.441,0.0,5.88,54.494073
2025-12-05 04:00:00,0.0,0.0,22.265,0.0,6.133,61.887271999999996
2025-12-05 05:00:00,0.0,0.0,22.106,0.0,6.58,76.580601
2025-12-05 06:00:00,0.02,0.006,22.208,5.891183,6.699,80.39135499999999
2025-12-05 07:00:00,0.28500000000000003,0.069,23.658,252.516573,5.711,50.045699
2025-12-05 08:00:00,0.47800000000000004,0.124,24.905,420.954829,6.895,87.49994000000001
2025-12-05 09:00:00,0.536,0.169,25.882,483.304145,7.441,108.47869299999999
2025-12-05 10:00:00,0.444,0.23900000000000002,26.564,467.93674699999997,7.308,102.910804
2025-12-05 11:00:00,0.423,0.28200000000000003,27.092,479.89131199999997,6.952,89.475122
2025-12-05 12:00:00,0.403,0.301,27.347,478.98672100000005,6.582,76.592107
2025-12-05 13:00:00,0.362,0.30000000000000004,27.383,453.00339399999996,6.192,63.935046
2025-12-05 14:00:00,0.34900000000000003,0.262,27.264,421.27347,5.949,56.683908
2025-12-05 15:00:00,0.331,0.203,26.965,372.00474699999995,5.605,47.012265
2025-12-05 16:00:00,0.275,0.13,26.479,285.38841499999995,5.095,34.774347999999996
2025-12-05 17:00:00,0.17500000000000002,0.047,25.6,152.599223,5.108,35.062016
2025-12-05 18:00:00,0.0,0.0,24.263,0.0,5.058,34.158457000000006
2025-12-05 19:00:00,0.0,0.0,23.693,0.0,4.945,31.564026000000002
2025-12-05 20:00:00,0.0,0.0,23.313,0.0,4.87,30.21792
2025-12-05 21:00:00,0.0,0.0,23.046,0.0,4.817,29.009997
2025-12-05 22:00:00,0.0,0.0,22.841,0.0,4.875,30.314248
2025-12-05 23:00:00,0.0,0.0,22.654,0.0,5.018,33.113154
2025-12-06 00:00:00,0.0,0.0,22.497,0.0,5.161,36.240575
2025-12-06 01:00:00,0.0,0.0,22.333,0.0,5.285,39.31507
2025-12-06 02:00:00,0.0,0.0,22.218,0.0,5.252,38.322967
2025-12-06 03:00:00,0.0,0.0,22.171,0.0,5.186,36.820999
2025-12-06 04:00:00,0.0,0.0,22.166,0.0,5.069,34.414103000000004
2025-12-06 05:00:00,0.0,0.0,22.16,0.0,4.784,28.482298999999998
2025-12-06 06:00:00,0.018000000000000002,0.005,22.161,4.213908999999999,4.606,24.921359
2025-12-06 07:00:00,0.276,0.067,23.56,244.448661,3.95,14.520136
2025-12-06 08:00:00,0.49,0.116,25.018,423.115369,3.541,9.317334
2025-12-06 09:00:00,0.6930000000000001,0.123,26.282,547.840081,3.455,8.486182000000001
2025-12-06 10:00:00,0.766,0.123,27.274,585.4505770000001,3.136,5.435199
2025-12-06 11:00:00,0.803,0.12,28.062,601.884811,2.8369999999999997,3.310976
2025-12-06 12:00:00,0.8130000000000001,0.122,28.554,606.400639,2.604,2.078864
2025-12-06 13:00:00,0.799,0.129,28.758,602.093743,2.436,1.414555
2025-12-06 14:00:00,0.78,0.131,28.723,593.453843,2.348,1.156394
2025-12-06 15:00:00,0.671,0.135,28.367,535.706689,2.36,1.166952
2025-12-06 16:00:00,0.435,0.113,27.668,380.340016,2.383,1.239636
2025-12-06 17:00:00,0.257,0.047,26.857,212.133504,2.368,1.1922760000000001
2025-12-06 18:00:00,0.0,0.0,25.69,0.0,2.466,1.5508119999999999
2025-12-06 19:00:00,0.0,0.0,25.122,0.0,2.321,1.074959
2025-12-06 20:00:00,0.0,0.0,24.782,0.0,2.001,0.400216
2025-12-06 21:00:00,0.0,0.0,24.481,0.0,1.819,0.209647
2025-12-06 22:00:00,0.0,0.0,24.162,0.0,1.9500000000000002,0.342523
2025-12-06 23:00:00,0.0,0.0,23.781,0.0,2.384,1.2427739999999998
2025-12-07 00:00:00,0.0,0.0,23.408,0.0,2.948,4.075918
2025-12-07 01:00:00,0.0,0.0,23.113,0.0,3.408,7.920813
2025-12-07 02:00:00,0.0,0.0,22.906,0.0,3.508,8.977778
2025-12-07 03:00:00,0.0,0.0,22.868,0.0,2.918,3.8242640000000003
2025-12-07 04:00:00,0.0,0.0,23.022,0.0,2.061,0.500228
2025-12-07 05:00:00,0.0,0.0,23.113,0.0,1.4929999999999999,0.046019
2025-12-07 06:00:00,0.016,0.005,23.059,3.1702660000000003,1.369,0.023937
2025-12-07 07:00:00,0.24,0.07,23.865,220.10218700000001,1.412,0.030353
2025-12-07 08:00:00,0.453,0.127,25.236,405.706974,0.9510000000000001,0.001008
2025-12-07 09:00:00,0.558,0.161,26.438,490.226751,0.9430000000000001,0.000758
2025-12-07 10:00:00,0.61,0.182,27.852,529.3647589999999,0.861,0.00033600000000000004
2025-12-07 11:00:00,0.62,0.198,28.734,542.185344,0.638,0.0
2025-12-07 12:00:00,0.616,0.20800000000000002,29.319,543.958518,0.555,0.0
2025-12-07 13:00:00,0.586,0.215,29.588,530.235165,0.426,0.0
2025-12-07 14:00:00,0.497,0.22,29.48,481.246339,0.761,0.0
2025-12-07 15:00:00,0.34,0.199,29.025,371.812931,1.123,0.004457
2025-12-07 16:00:00,0.198,0.13,28.435,227.91379999999998,1.3980000000000001,0.028184
2025-12-07 17:00:00,0.084,0.042,27.753,77.83236,1.445,0.035482
2025-12-07 18:00:00,0.003,0.0,26.663,0.0,1.464,0.039420000000000004
2025-12-07 19:00:00,0.0,0.0,26.155,0.0,1.377,0.025197
2025-12-07 20:00:00,0.0,0.0,25.791,0.0,1.401,0.028773
2025-12-07 21:00:00,0.0,0.0,25.493,0.0,1.3639999999999999,0.022795000000000003
2025-12-07 22:00:00,0.0,0.0,25.243,0.0,1.233,0.009604
2025-12-07 23:00:00,0.0,0.0,25.004,0.0,1.429,0.032503
2025-12-08 00:00:00,0.0,0.0,24.67,0.0,1.877,0.263022
2025-12-08 01:00:00,0.0,0.0,24.291,0.0,2.465,1.5475750000000001
2025-12-08 02:00:00,0.0,0.0,23.851,0.0,3.198,6.0161180000000005
2025-12-08 03:00:00,0.0,0.0,23.55,0.0,3.74,11.638922
2025-12-08 04:00:00,0.0,0.0,23.377,0.0,3.891,13.714279000000001
2025-12-08 05:00:00,0.0,0.0,23.289,0.0,3.709,11.370591000000001
2025-12-08 06:00:00,0.003,0.004,23.296,0.0,3.299,6.862520000000001
2025-12-08 07:00:00,0.049,0.064,24.171,69.63002800000001,2.601,2.065154
2025-12-08 08:00:00,0.11800000000000001,0.163,25.245,196.476608,1.8210000000000002,0.210923
2025-12-08 09:00:00,0.191,0.252,26.239,312.212799,1.574,0.07065099999999999
2025-12-08 10:00:00,0.231,0.319,27.14,382.385187,1.633,0.09488100000000001
2025-12-08 11:00:00,0.252,0.361,27.814,421.623457,1.936,0.31729
2025-12-08 12:00:00,0.23800000000000002,0.377,28.186,422.12028999999995,2.408,1.319776
2025-12-08 13:00:00,0.212,0.358,28.286,393.07694,2.876,3.5493270000000003
2025-12-08 14:00:00,0.2,0.306,28.197,351.657894,3.229,6.304771
2025-12-08 15:00:00,0.145,0.226,27.849,259.212628,3.446,8.354866
2025-12-08 16:00:00,0.083,0.128,27.271,142.219009,3.487,8.825498
2025-12-08 17:00:00,0.034,0.036000000000000004,26.502,36.598707000000005,3.616,10.228647
2025-12-08 18:00:00,0.001,0.0,25.485,0.0,4.286,19.560113
2025-12-08 19:00:00,0.0,0.0,25.031,0.0,4.666,26.104935
2025-12-08 20:00:00,0.0,0.0,24.744,0.0,4.845,29.519420999999998
2025-12-08 21:00:00,0.0,0.0,24.504,0.0,4.878,30.373892
2025-12-08 22:00:00,0.0,0.0,24.296,0.0,4.724,27.139635
2025-12-08 23:00:00,0.0,0.0,24.119,0.0,4.609,24.985072
2025-12-09 00:00:00,0.0,0.0,23.938,0.0,4.763,27.885453000000002
2025-12-09 01:00:00,0.0,0.0,23.759,0.0,4.981,32.317477
2025-12-09 02:00:00,0.0,0.0,23.598,0.0,5.189,36.888072
2025-12-09 03:00:00,0.0,0.0,23.453,0.0,5.369,41.091480000000004
2025-12-09 04:00:00,0.0,0.0,23.346,0.0,5.283,39.265169
2025-12-09 05:00:00,0.0,0.0,23.285,0.0,5.08,34.449278
2025-12-09 06:00:00,0.009000000000000001,0.005,23.287,0.0,4.884,30.417454000000003
2025-12-09 07:00:00,0.18,0.073,24.417,176.036993,4.072,16.12078
2025-12-09 08:00:00,0.339,0.145,25.29,341.78754100000003,3.803,12.437066000000002
2025-12-09 09:00:00,0.437,0.196,26.202,437.847246,4.147,17.374518
2025-12-09 10:00:00,0.494,0.228,27.232,489.791338,4.222,18.395576000000002
2025-12-09 11:00:00,0.535,0.241,28.007,519.766864,4.302,19.676294000000002
2025-12-09 12:00:00,0.521,0.259,28.496,520.812163,4.383,21.160279
2025-12-09 13:00:00,0.366,0.302,28.523,454.05589899999995,4.372,20.982294999999997
2025-12-09 14:00:00,0.276,0.28200000000000003,28.258,385.65216999999996,4.408,21.582358
2025-12-09 15:00:00,0.198,0.219,27.817,291.736233,4.412,21.619736
2025-12-09 16:00:00,0.117,0.129,27.208,169.236864,4.34,20.292552
2025-12-09 17:00:00,0.048,0.038,26.346,48.144538,4.7620000000000005,27.875343
2025-12-09 18:00:00,0.001,0.0,25.427,0.0,5.27,38.753834000000005
2025-12-09 19:00:00,0.0,0.0,24.987,0.0,5.349,40.623402999999996
2025-12-09 20:00:00,0.0,0.0,24.678,0.0,5.673,48.816608
2025-12-09 21:00:00,0.0,0.0,24.449,0.0,6.109,61.20116
2025-12-09 22:00:00,0.0,0.0,24.286,0.0,6.275,66.298114
2025-12-09 23:00:00,0.0,0.0,24.137,0.0,6.13,61.793335
2025-12-10 00:00:00,0.0,0.0,24.017,0.0,6.18,63.333244
2025-12-10 01:00:00,0.0,0.0,23.914,0.0,6.222,64.680416
2025-12-10 02:00:00,0.0,0.0,23.82,0.0,6.149,62.396499000000006
2025-12-10 03:00:00,0.0,0.0,23.74,0.0,6.021,58.570014
2025-12-10 04:00:00,0.0,0.0,23.672,0.0,5.795,52.356566
2025-12-10 05:00:00,0.0,0.0,23.627,0.0,5.759,51.120812
2025-12-10 06:00:00,0.014,0.005,23.654,1.487211,5.696,49.572347
2025-12-10 07:00:00,0.218,0.069,24.724,201.493596,4.86,29.81742
2025-12-10 08:00:00,0.48,0.121,25.74,418.604981,4.805,28.899226
2025-12-10 09:00:00,0.651,0.136,26.901,529.491819,5.389,41.580972
2025-12-10 10:00:00,0.72,0.14100000000000001,27.955,568.55877,5.439,42.810575
2025-12-10 11:00:00,0.743,0.146,28.733,580.9473,5.343,40.477159
2025-12-10 12:00:00,0.74,0.152,29.24,581.3635400000001,5.294,39.520916
2025-12-10 13:00:00,0.743,0.151,29.471,581.824983,5.238,38.009509
2025-12-10 14:00:00,0.708,0.156,29.398,565.3847519999999,5.056,34.114785000000005
2025-12-10 15:00:00,0.397,0.183,28.797,399.090083,4.719,27.04251
2025-12-10 16:00:00,0.247,0.128,28.101,261.576651,4.299,19.635122
2025-12-10 17:00:00,0.09,0.042,27.218,82.79083299999999,4.547,23.900276
2025-12-10 18:00:00,0.001,0.0,26.282,0.0,5.331,40.193129
2025-12-10 19:00:00,0.0,0.0,25.885,0.0,5.72,50.06241000000001
2025-12-10 20:00:00,0.0,0.0,25.61,0.0,5.796,52.399157
2025-12-10 21:00:00,0.0,0.0,25.373,0.0,6.085,60.592113
2025-12-10 22:00:00,0.0,0.0,25.167,0.0,6.248,65.500969
2025-12-10 23:00:00,0.0,0.0,24.993,0.0,6.354,68.983915
2025-12-11 00:00:00,0.0,0.0,24.851,0.0,6.342,68.491196
2025-12-11 01:00:00,0.0,0.0,24.719,0.0,6.415,70.919774
2025-12-11 02:00:00,0.0,0.0,24.619,0.0,6.486,73.41504499999999
2025-12-11 03:00:00,0.0,0.0,24.545,0.0,6.329,68.25763
2025-12-11 04:00:00,0.0,0.0,24.471,0.0,6.224,64.781707
2025-12-11 05:00:00,0.0,0.0,24.366,0.0,6.286,66.635452
2025-12-11 06:00:00,0.008,0.004,24.276,0.0,6.651,78.70189900000001
2025-12-11 07:00:00,0.133,0.069,24.995,137.545829,6.155,62.579969
2025-12-11 08:00:00,0.302,0.145,25.64,315.28912199999996,6.263,66.11845100000001
2025-12-11 09:00:00,0.467,0.183,26.466,447.75541100000004,7.07,93.78804799999999
2025-12-11 10:00:00,0.5670000000000001,0.194,27.384,512.696259,7.29,102.21157000000001
2025-12-11 11:00:00,0.648,0.185,28.141,552.269311,7.261,101.398636
2025-12-11 12:00:00,0.669,0.183,28.555,560.993816,7.265,101.407253
2025-12-11 13:00:00,0.687,0.17300000000000001,28.729,565.555517,7.166,97.630364
2025-12-11 14:00:00,0.644,0.17300000000000001,28.595,541.73616,6.915,88.22724000000001
2025-12-11 15:00:00,0.47800000000000004,0.171,28.126,443.41114899999997,6.31,67.38845500000001
2025-12-11 16:00:00,0.375,0.121,27.428,346.457461,5.841,53.374368000000004
2025-12-11 17:00:00,0.197,0.047,26.376,168.309297,5.874,54.325238
2025-12-11 18:00:00,0.001,0.0,25.15,0.0,6.083,60.587027
2025-12-11 19:00:00,0.0,0.0,24.57,0.0,6.154,62.542265
2025-12-11 20:00:00,0.0,0.0,24.146,0.0,6.065,59.857525
2025-12-11 21:00:00,0.0,0.0,23.795,0.0,5.838,53.312718999999994
2025-12-11 22:00:00,0.0,0.0,23.518,0.0,5.99,57.651773999999996
2025-12-11 23:00:00,0.0,0.0,23.343,0.0,6.446,71.916567
2025-12-12 00:00:00,0.0,0.0,23.255,0.0,6.616,77.65913
2025-12-12 01:00:00,0.0,0.0,23.203,0.0,6.371,69.623697
2025-12-12 02:00:00,0.0,0.0,23.186,0.0,6.453,72.109611
2025-12-12 03:00:00,0.0,0.0,23.162,0.0,6.781,83.232006
2025-12-12 04:00:00,0.0,0.0,23.086,0.0,6.5600000000000005,75.596035
2025-12-12 05:00:00,0.0,0.0,23.101,0.0,6.554,75.37366
2025-12-12 06:00:00,0.013000000000000001,0.005,23.233,1.151022,6.606,77.280392
2025-12-12 07:00:00,0.211,0.07100000000000001,24.358,198.264153,5.666,48.627071
2025-12-12 08:00:00,0.4,0.136,25.503,376.604306,5.523,44.956951999999994
2025-12-12 09:00:00,0.556,0.166,26.666,491.771085,6.632,78.04732399999999
2025-12-12 10:00:00,0.588,0.193,27.599,524.126764,6.466,72.577337
2025-12-12 11:00:00,0.577,0.22,28.269,531.023459,6.128,61.753809999999994
2025-12-12 12:00:00,0.5680000000000001,0.232,28.73,531.732801,5.686,49.150165
2025-12-12 13:00:00,0.554,0.231,29.017,521.947852,5.024,33.328405
2025-12-12 14:00:00,0.47300000000000003,0.231,29.015,474.989991,4.405,21.53233
2025-12-12 15:00:00,0.228,0.215,28.484,308.147587,3.9530000000000003,14.562902
2025-12-12 16:00:00,0.078,0.121,27.724,133.836186,3.752,11.787372999999999
2025-12-12 17:00:00,0.015,0.026000000000000002,26.847,15.692661,3.8609999999999998,13.191678
2025-12-12 18:00:00,0.0,0.0,26.114,0.0,4.127,17.082604
2025-12-12 19:00:00,0.0,0.0,25.814,0.0,4.408,21.587717
2025-12-12 20:00:00,0.0,0.0,25.591,0.0,4.38,21.113418000000003
2025-12-12 21:00:00,0.0,0.0,25.349,0.0,4.356,20.55102
2025-12-12 22:00:00,0.0,0.0,25.123,0.0,4.394,21.350933
2025-12-12 23:00:00,0.0,0.0,24.904,0.0,4.424,21.701822
2025-12-13 00:00:00,0.0,0.0,24.702,0.0,4.546,23.898156999999998
2025-12-13 01:00:00,0.0,0.0,24.535,0.0,4.759,27.804758999999997
2025-12-13 02:00:00,0.0,0.0,24.436,0.0,5.099,34.857976
2025-12-13 03:00:00,0.0,0.0,24.383,0.0,5.252,38.335584000000004
2025-12-13 04:00:00,0.0,0.0,24.365,0.0,5.164,36.322609
2025-12-13 05:00:00,0.0,0.0,24.374,0.0,4.952,31.702080000000002
2025-12-13 06:00:00,0.003,0.004,24.431,0.0,5.016,33.067453
2025-12-13 07:00:00,0.038,0.062,25.402,59.076455,4.66,26.095894
2025-12-13 08:00:00,0.075,0.158,26.233,159.975193,4.079,16.220365
2025-12-13 09:00:00,0.08700000000000001,0.247,26.972,233.820395,4.896,30.548156
2025-12-13 10:00:00,0.122,0.336,27.704,319.536512,5.238,38.008585
2025-12-13 11:00:00,0.113,0.381,28.1,343.91767200000004,5.541,45.600874000000005
2025-12-13 12:00:00,0.112,0.398,28.301,354.28211200000004,5.795,52.368592
2025-12-13 13:00:00,0.073,0.35100000000000003,28.164,295.487201,5.836,53.253729
2025-12-13 14:00:00,0.066,0.291,27.959,248.627411,5.739,50.579302000000006
2025-12-13 15:00:00,0.056,0.20800000000000002,27.643,181.853352,5.461,43.55771
2025-12-13 16:00:00,0.03,0.106,27.084,86.27323200000001,4.688,26.449564
2025-12-13 17:00:00,0.021,0.033,26.36,24.576534,4.324,20.02899
2025-12-13 18:00:00,0.0,0.0,25.468,0.0,4.46,22.313184
2025-12-13 19:00:00,0.0,0.0,25.078,0.0,4.407,21.572833
2025-12-13 20:00:00,0.0,0.0,24.824,0.0,4.104,16.600933
2025-12-13 21:00:00,0.0,0.0,24.646,0.0,3.821,12.670127
2025-12-13 22:00:00,0.0,0.0,24.496,0.0,3.924,14.037873
2025-12-13 23:00:00,0.0,0.0,24.357,0.0,4.376,21.040637999999998
2025-12-14 00:00:00,0.0,0.0,24.235,0.0,4.767,27.978203
2025-12-14 01:00:00,0.0,0.0,24.141,0.0,5.098,34.836925
2025-12-14 02:00:00,0.0,0.0,24.081,0.0,5.144,35.858075
2025-12-14 03:00:00,0.0,0.0,24.04,0.0,5.196,37.180861
2025-12-14 04:00:00,0.0,0.0,24.048,0.0,5.228,37.774397
2025-12-14 05:00:00,0.0,0.0,24.064,0.0,5.161,36.252641000000004
2025-12-14 06:00:00,0.002,0.003,24.149,0.0,4.562,24.128607
2025-12-14 07:00:00,0.02,0.056,25.041,41.267521,3.597,9.943373
2025-12-14 08:00:00,0.024,0.132,25.792,102.03163400000001,2.92,3.839009
2025-12-14 09:00:00,0.022,0.201,26.371,151.94238099999998,3.316,7.020398
2025-12-14 10:00:00,0.016,0.23800000000000002,26.741,175.36035800000002,3.181,5.810513
2025-12-14 11:00:00,0.014,0.266,27.047,194.49639000000002,2.683,2.457107
2025-12-14 12:00:00,0.012,0.265,27.272,191.67630499999999,1.673,0.110072
2025-12-14 13:00:00,0.01,0.23600000000000002,27.346,168.87352299999998,1.334,0.018685
2025-12-14 14:00:00,0.006,0.154,27.236,103.874771,1.196,0.007452
2025-12-14 15:00:00,0.004,0.096,27.07,58.439938000000005,0.341,0.0
2025-12-14 16:00:00,0.003,0.048,26.69,22.651553,0.745,0.0
2025-12-14 17:00:00,0.002,0.012,26.19,0.0,1.096,0.003545
2025-12-14 18:00:00,0.0,0.0,25.705,0.0,1.345,0.019961
2025-12-14 19:00:00,0.0,0.0,25.539,0.0,1.5,0.047625
2025-12-14 20:00:00,0.0,0.0,25.452,0.0,2.281,0.964554
2025-12-14 21:00:00,0.0,0.0,25.28,0.0,2.739,2.7516700000000003
2025-12-14 22:00:00,0.0,0.0,25.219,0.0,2.801,3.138569
2025-12-14 23:00:00,0.0,0.0,25.095,0.0,2.9,3.704797
2025-12-15 00:00:00,0.0,0.0,24.908,0.0,2.919,3.830218
2025-12-15 01:00:00,0.0,0.0,24.72,0.0,2.887,3.6213159999999998
2025-12-15 02:00:00,0.0,0.0,24.567,0.0,2.86,3.4513409999999998
2025-12-15 03:00:00,0.0,0.0,24.483,0.0,2.693,2.521185
2025-12-15 04:00:00,0.0,0.0,24.434,0.0,2.574,1.984629
2025-12-15 05:00:00,0.0,0.0,24.245,0.0,2.151,0.649359
2025-12-15 06:00:00,0.001,0.002,24.139,0.0,2.212,0.7918569999999999
2025-12-15 07:00:00,0.006,0.037,24.561,17.123479,2.2560000000000002,0.880765
2025-12-15 08:00:00,0.008,0.096,25.097,62.531498,2.5,1.648836
2025-12-15 09:00:00,0.009000000000000001,0.155,25.362,108.453409,2.378,1.22296
2025-12-15 10:00:00,0.011,0.215,25.738,155.072229,1.841,0.222471
2025-12-15 11:00:00,0.012,0.256,26.177,186.117145,1.7810000000000001,0.17494800000000002
2025-12-15 12:00:00,0.01,0.256,26.439,184.94664699999998,2.581,2.010905
2025-12-15 13:00:00,0.008,0.215,26.388,152.208336,3.326,7.111268
2025-12-15 14:00:00,0.007,0.17400000000000002,26.303,121.056552,4.004,15.146276
2025-12-15 15:00:00,0.006,0.115,26.151,74.825909,4.322,19.990188
2025-12-15 16:00:00,0.004,0.056,25.798000000000002,28.689972,5.065,34.314419
2025-12-15 17:00:00,0.002,0.013000000000000001,25.317,0.0,5.966,57.201595000000005
2025-12-15 18:00:00,0.0,0.0,24.919,0.0,7.036,92.530227
2025-12-15 19:00:00,0.0,0.0,24.761,0.0,7.306,102.80700900000001
2025-12-15 20:00:00,0.0,0.0,24.639,0.0,7.448,108.49270200000001
2025-12-15 21:00:00,0.0,0.0,24.51,0.0,7.352,104.918091
2025-12-15 22:00:00,0.0,0.0,24.408,0.0,6.659,78.977015
2025-12-15 23:00:00,0.0,0.0,24.337,0.0,6.281,66.46781200000001
2025-12-16 00:00:00,0.0,0.0,24.297,0.0,6.431,71.324203
2025-12-16 01:00:00,0.0,0.0,24.241,0.0,6.178,63.32925
2025-12-16 02:00:00,0.0,0.0,24.221,0.0,6.323,67.924207
2025-12-16 03:00:00,0.0,0.0,24.247,0.0,6.586,76.60035400000001
2025-12-16 04:00:00,0.0,0.0,24.182,0.0,6.391,69.993103
2025-12-16 05:00:00,0.0,0.0,24.16,0.0,6.864,86.367511
2025-12-16 06:00:00,0.0,0.002,24.065,0.0,6.594,76.842039
2025-12-16 07:00:00,0.006,0.036000000000000004,24.508,16.305179,6.131,61.824225
2025-12-16 08:00:00,0.011,0.10200000000000001,24.994,69.385717,5.5280000000000005,45.202397
2025-12-16 09:00:00,0.019,0.186,25.457,139.615258,6.212,64.552725
2025-12-16 10:00:00,0.031,0.278,25.973,216.656236,6.239,65.463219
2025-12-16 11:00:00,0.041,0.343,26.458,270.53806099999997,6.247,65.498801
2025-12-16 12:00:00,0.047,0.365,26.798000000000002,289.596794,6.134,61.930636
2025-12-16 13:00:00,0.045,0.338,26.953,268.979831,6.054,59.693074
2025-12-16 14:00:00,0.04,0.276,26.925,220.893903,5.984,57.630824000000004
2025-12-16 15:00:00,0.031,0.19,26.718,150.210056,5.63,47.677894
2025-12-16 16:00:00,0.019,0.099,26.294,72.713137,5.368,41.072395
2025-12-16 17:00:00,0.007,0.024,25.656,9.75583,5.26,38.521949
2025-12-16 18:00:00,0.0,0.0,24.945,0.0,5.167,36.381906
2025-12-16 19:00:00,0.0,0.0,24.62,0.0,5.478,43.782989
2025-12-16 20:00:00,0.0,0.0,24.453,0.0,6.288,66.687189
2025-12-16 21:00:00,0.0,0.0,24.363,0.0,6.559,75.543839
2025-12-16 22:00:00,0.0,0.0,24.287,0.0,6.476,72.93982799999999
2025-12-16 23:00:00,0.0,0.0,24.199,0.0,6.131,61.827715
2025-12-17 00:00:00,0.0,0.0,24.16,0.0,6.273,66.236098
2025-12-17 01:00:00,0.0,0.0,24.105,0.0,6.409,70.576095
2025-12-17 02:00:00,0.0,0.0,24.059,0.0,6.659,78.988303
2025-12-17 03:00:00,0.0,0.0,24.007,0.0,6.574,76.201493
2025-12-17 04:00:00,0.0,0.0,23.93,0.0,5.953,56.829893
2025-12-17 05:00:00,0.0,0.0,23.904,0.0,5.63,47.659449
2025-12-17 06:00:00,0.002,0.003,23.916,0.0,5.579,46.582038
2025-12-17 07:00:00,0.047,0.06,24.814,64.96696,5.474,43.670102
2025-12-17 08:00:00,0.151,0.16,25.714,218.50466699999998,5.183,36.753440000000005
2025-12-17 09:00:00,0.196,0.241,26.576999999999998,307.37986700000005,6.557,75.47604
2025-12-17 10:00:00,0.29,0.294,27.293,404.637836,7.511,111.28271799999999
2025-12-17 11:00:00,0.431,0.291,27.834,488.444204,7.926,128.185069
2025-12-17 12:00:00,0.378,0.315,27.954,470.851555,7.93,128.191098
2025-12-17 13:00:00,0.41300000000000003,0.289,27.976,476.233551,7.824,123.886476
2025-12-17 14:00:00,0.40700000000000003,0.253,27.855,450.766249,7.419,107.622534
2025-12-17 15:00:00,0.302,0.209,27.432,356.485914,6.627,77.967325
2025-12-17 16:00:00,0.228,0.134,26.844,254.00451999999999,5.6129999999999995,47.23509
2025-12-17 17:00:00,0.113,0.047,26.008,104.589887,5.254,38.368402
2025-12-17 18:00:00,0.0,0.0,24.9,0.0,5.255,38.387616
2025-12-17 19:00:00,0.0,0.0,24.42,0.0,5.21,37.363414
2025-12-17 20:00:00,0.0,0.0,24.109,0.0,5.103,34.951016
2025-12-17 21:00:00,0.0,0.0,23.895,0.0,5.065,34.321021
2025-12-17 22:00:00,0.0,0.0,23.679,0.0,5.152,36.045481
2025-12-17 23:00:00,0.0,0.0,23.482,0.0,5.296,39.579985
2025-12-18 00:00:00,0.0,0.0,23.316,0.0,5.696,49.589051
2025-12-18 01:00:00,0.0,0.0,23.171,0.0,6.093,60.755892
2025-12-18 02:00:00,0.0,0.0,23.042,0.0,6.401,70.311035
2025-12-18 03:00:00,0.0,0.0,22.9,0.0,6.856,86.056073
2025-12-18 04:00:00,0.0,0.0,22.782,0.0,6.7780000000000005,83.141207
2025-12-18 05:00:00,0.0,0.0,22.696,0.0,6.462,72.568656
2025-12-18 06:00:00,0.003,0.003,22.68,0.0,6.405,70.43994
2025-12-18 07:00:00,0.042,0.058,23.412,59.680438,5.885,54.611186000000004
2025-12-18 08:00:00,0.074,0.145,24.198,151.095855,4.672,26.140092
2025-12-18 09:00:00,0.11800000000000001,0.23600000000000002,25.061,250.92822099999998,4.36,20.622124
2025-12-18 10:00:00,0.299,0.292,26.061,411.431576,5.069,34.41053
2025-12-18 11:00:00,0.47200000000000003,0.269,26.934,501.898706,5.218,37.549771
2025-12-18 12:00:00,0.545,0.245,27.485,529.112876,4.944,31.5365
2025-12-18 13:00:00,0.581,0.221,27.831,535.1305379999999,4.574,24.336449
2025-12-18 14:00:00,0.5690000000000001,0.2,27.888,516.149481,4.476,22.600979
2025-12-18 15:00:00,0.47600000000000003,0.178,27.613,447.58207600000003,4.6530000000000005,25.957674
2025-12-18 16:00:00,0.28200000000000003,0.13,26.967,288.998133,4.878,30.37502
2025-12-18 17:00:00,0.117,0.046,26.018,107.24922000000001,5.145,35.89141
2025-12-18 18:00:00,0.0,0.0,24.822,0.0,5.498,44.277603000000006
2025-12-18 19:00:00,0.0,0.0,24.288,0.0,5.397,41.779111
2025-12-18 20:00:00,0.0,0.0,23.864,0.0,5.353,40.703654
2025-12-18 21:00:00,0.0,0.0,23.525,0.0,5.304,39.768775
2025-12-18 22:00:00,0.0,0.0,23.294,0.0,5.218,37.53479
2025-12-18 23:00:00,0.0,0.0,23.133,0.0,5.397,41.779250999999995
2025-12-19 00:00:00,0.0,0.0,22.948,0.0,5.85,53.625267
2025-12-19 01:00:00,0.0,0.0,22.824,0.0,6.287,66.670024
2025-12-19 02:00:00,0.0,0.0,22.822,0.0,6.369,69.545963
2025-12-19 03:00:00,0.0,0.0,22.845,0.0,6.297,66.99190700000001
2025-12-19 04:00:00,0.0,0.0,22.95,0.0,6.555,75.407679
2025-12-19 05:00:00,0.0,0.0,23.042,0.0,6.449,71.92291800000001
2025-12-19 06:00:00,0.005,0.004,23.116,0.0,6.373,69.628383
2025-12-19 07:00:00,0.123,0.069,24.075,130.709206,5.494,44.173292000000004
2025-12-19 08:00:00,0.29,0.15,25.212,311.342755,6.138,62.035686
2025-12-19 09:00:00,0.40800000000000003,0.202,26.392,422.388244,7.422,107.686093
2025-12-19 10:00:00,0.504,0.225,27.318,494.13068400000003,7.776,122.021768
2025-12-19 11:00:00,0.487,0.258,27.931,501.84092200000003,7.966,129.700706
2025-12-19 12:00:00,0.456,0.277,28.224,493.888531,8.118,136.510848
2025-12-19 13:00:00,0.531,0.23900000000000002,28.425,515.556951,8.192,139.31291399999998
2025-12-19 14:00:00,0.481,0.226,28.319,478.49782400000004,8.179,138.80194899999998
2025-12-19 15:00:00,0.298,0.20600000000000002,27.82,351.179992,7.805,122.983388
2025-12-19 16:00:00,0.162,0.131,27.085,203.927559,7.016,91.910688
2025-12-19 17:00:00,0.077,0.043000000000000003,26.192,74.50492200000001,6.518,74.17133500000001
2025-12-19 18:00:00,0.0,0.0,25.142,0.0,6.696,80.38513099999999
2025-12-19 19:00:00,0.0,0.0,24.629,0.0,6.799,83.88233100000001
2025-12-19 20:00:00,0.0,0.0,24.248,0.0,6.58,76.587615
2025-12-19 21:00:00,0.0,0.0,23.929,0.0,6.369,69.544473
2025-12-19 22:00:00,0.0,0.0,23.681,0.0,6.467,72.57805499999999
2025-12-19 23:00:00,0.0,0.0,23.518,0.0,6.791,83.588954
2025-12-20 00:00:00,0.0,0.0,23.28,0.0,6.803,84.013935
2025-12-20 01:00:00,0.0,0.0,23.001,0.0,6.536,74.78696000000001
2025-12-20 02:00:00,0.0,0.0,22.788,0.0,7.031,92.32105499999999
2025-12-20 03:00:00,0.0,0.0,22.684,0.0,6.944,89.32335099999999
2025-12-20 04:00:00,0.0,0.0,22.53,0.0,6.782,83.273368
2025-12-20 05:00:00,0.0,0.0,22.352,0.0,6.672,79.682718
2025-12-20 06:00:00,0.011,0.004,22.278,0.002656,6.519,74.20957899999999
2025-12-20 07:00:00,0.212,0.067,23.402,197.607067,5.563,46.168769999999995
2025-12-20 08:00:00,0.426,0.127,24.684,388.766005,5.957,56.96563
2025-12-20 09:00:00,0.657,0.135,26.003,534.4502249999999,7.331,104.13050199999999
2025-12-20 10:00:00,0.762,0.128,26.994,587.0303540000001,8.084,134.95309400000002
2025-12-20 11:00:00,0.785,0.127,27.696,596.857066,8.207,139.943109
2025-12-20 12:00:00,0.77,0.134,28.1,591.737399,8.348,146.37321799999998
2025-12-20 13:00:00,0.771,0.134,28.199,591.3180550000001,8.55,155.17875700000002
2025-12-20 14:00:00,0.734,0.136,28.026,573.114946,8.634,158.377712
2025-12-20 15:00:00,0.669,0.129,27.646,533.574135,8.343,145.95983999999999
2025-12-20 16:00:00,0.483,0.106,27.002,408.00225900000004,7.093,94.737843
2025-12-20 17:00:00,0.25,0.046,26.072,207.432345,6.566,75.78199400000001
2025-12-20 18:00:00,0.001,0.0,24.823,0.0,6.443,71.911716
2025-12-20 19:00:00,0.0,0.0,24.343,0.0,6.1370000000000005,62.029834
2025-12-20 20:00:00,0.0,0.0,24.076,0.0,5.998,57.862845
2025-12-20 21:00:00,0.0,0.0,23.908,0.0,6.027,58.935297
2025-12-20 22:00:00,0.0,0.0,23.773,0.0,6.352,68.980099
2025-12-20 23:00:00,0.0,0.0,23.592,0.0,6.723,81.31086
2025-12-21 00:00:00,0.0,0.0,23.438,0.0,7.317,103.23048200000001
2025-12-21 01:00:00,0.0,0.0,23.303,0.0,7.764,121.50184399999999
2025-12-21 02:00:00,0.0,0.0,23.115,0.0,7.795,122.550861
2025-12-21 03:00:00,0.0,0.0,22.999,0.0,7.813,123.308182
2025-12-21 04:00:00,0.0,0.0,22.936,0.0,7.784,122.331129
2025-12-21 05:00:00,0.0,0.0,22.895,0.0,8.114,136.130069
2025-12-21 06:00:00,0.017,0.005,22.871,3.339908,8.27,142.664674
2025-12-21 07:00:00,0.321,0.065,24.025,275.264294,7.721,119.49179799999999
2025-12-21 08:00:00,0.608,0.105,25.137,489.68933899999996,7.958,129.389718
2025-12-21 09:00:00,0.727,0.12,26.15,565.680527,9.053,176.786407
2025-12-21 10:00:00,0.766,0.127,26.966,588.818109,9.404,191.62577
2025-12-21 11:00:00,0.779,0.131,27.588,596.152399,9.344,188.872676
2025-12-21 12:00:00,0.741,0.146,27.965,582.639963,9.002,174.34307199999998
2025-12-21 13:00:00,0.724,0.154,28.075,577.006855,8.593,156.599406
2025-12-21 14:00:00,0.517,0.2,27.765,485.470777,8.122,136.65609
2025-12-21 15:00:00,0.376,0.183,27.246,388.09128499999997,7.771,121.567613
2025-12-21 16:00:00,0.382,0.117,26.673000000000002,349.23310100000003,7.082,94.521692
2025-12-21 17:00:00,0.232,0.047,25.779,194.879446,6.647,78.543625
2025-12-21 18:00:00,0.0,0.0,24.58,0.0,6.802,83.98348399999999
2025-12-21 19:00:00,0.0,0.0,24.073,0.0,6.839,85.342797
2025-12-21 20:00:00,0.0,0.0,23.757,0.0,6.895,87.501121
2025-12-21 21:00:00,0.0,0.0,23.566,0.0,7.187,98.50487600000001
2025-12-21 22:00:00,0.0,0.0,23.503,0.0,7.744,120.673698
2025-12-21 23:00:00,0.0,0.0,23.33,0.0,7.199,98.715594
2025-12-22 00:00:00,0.0,0.0,23.053,0.0,6.894,87.49832
2025-12-22 01:00:00,0.0,0.0,22.848,0.0,7.306,102.818579
2025-12-22 02:00:00,0.0,0.0,22.653,0.0,7.489,110.375025
2025-12-22 03:00:00,0.0,0.0,22.502,0.0,7.82,123.62065
2025-12-22 04:00:00,0.0,0.0,22.418,0.0,7.776,122.030989
2025-12-22 05:00:00,0.0,0.0,22.337,0.0,7.709,119.00229700000001
2025-12-22 06:00:00,0.01,0.004,22.294,0.0,7.032,92.359115
2025-12-22 07:00:00,0.188,0.068,23.354,180.03404999999998,6.212,64.55368899999999
2025-12-22 08:00:00,0.36,0.137,24.567,352.06029700000005,6.12,61.509142
2025-12-22 09:00:00,0.514,0.17,25.744,470.312632,7.644,116.715181
2025-12-22 10:00:00,0.6900000000000001,0.155,26.742,562.8107140000001,8.198,139.55318499999998
2025-12-22 11:00:00,0.725,0.153,27.537,578.689666,8.297,144.084634
2025-12-22 12:00:00,0.726,0.156,28.051,579.338362,8.324,145.405859
2025-12-22 13:00:00,0.709,0.159,28.219,570.986437,8.401,148.687278
2025-12-22 14:00:00,0.669,0.158,28.083,549.089737,8.356,146.534108
2025-12-22 15:00:00,0.556,0.152,27.628,480.882761,8.17,138.749471
2025-12-22 16:00:00,0.383,0.117,26.902,349.997368,7.539,112.102759
2025-12-22 17:00:00,0.184,0.047,25.983,158.88802299999998,6.733,81.88387399999999
2025-12-22 18:00:00,0.0,0.0,24.904,0.0,6.995,91.167618
2025-12-22 19:00:00,0.0,0.0,24.475,0.0,7.017,91.913467
2025-12-22 20:00:00,0.0,0.0,24.212,0.0,6.9879999999999995,91.01414100000001
2025-12-22 21:00:00,0.0,0.0,24.049,0.0,6.727,81.56382099999999
2025-12-22 22:00:00,0.0,0.0,23.91,0.0,6.446,71.91676600000001
2025-12-22 23:00:00,0.0,0.0,23.762,0.0,6.197,63.945052000000004
2025-12-23 00:00:00,0.0,0.0,23.602,0.0,6.013,58.508529
2025-12-23 01:00:00,0.0,0.0,23.477,0.0,5.994,57.770174
2025-12-23 02:00:00,0.0,0.0,23.311,0.0,6.251,65.582437
2025-12-23 03:00:00,0.0,0.0,23.203,0.0,6.715,81.081675
2025-12-23 04:00:00,0.0,0.0,23.126,0.0,6.908,87.810539
2025-12-23 05:00:00,0.0,0.0,23.052,0.0,7.104,95.279449
2025-12-23 06:00:00,0.016,0.005,22.995,2.901797,6.471,72.668721
2025-12-23 07:00:00,0.327,0.065,24.204,278.938561,5.438,42.791888
2025-12-23 08:00:00,0.528,0.114,25.451,445.21250699999996,7.273,101.649726
2025-12-23 09:00:00,0.6970000000000001,0.128,26.517,551.9858830000001,8.597,156.769835
2025-12-23 10:00:00,0.73,0.138,27.346,573.442183,9.077,177.523495
2025-12-23 11:00:00,0.76,0.137,27.97,587.791861,9.421,192.462615
2025-12-23 12:00:00,0.743,0.145,28.305,582.089078,9.646,201.62681700000002
2025-12-23 13:00:00,0.729,0.148,28.401,575.5115030000001,9.783,206.911486
2025-12-23 14:00:00,0.6950000000000001,0.147,28.264,556.400592,9.682,202.938392
2025-12-23 15:00:00,0.631,0.136,27.856,514.682604,9.166,181.572606
2025-12-23 16:00:00,0.419,0.112,27.094,370.10299200000003,8.149,137.85682500000001
2025-12-23 17:00:00,0.192,0.046,26.076,163.729543,7.657,117.267846
2025-12-23 18:00:00,0.0,0.0,24.883,0.0,8.005,131.55501500000003
2025-12-23 19:00:00,0.0,0.0,24.409,0.0,7.906,127.34455899999999
2025-12-23 20:00:00,0.0,0.0,24.113,0.0,7.567,113.190654
2025-12-23 21:00:00,0.0,0.0,23.933,0.0,7.533,112.091708
2025-12-23 22:00:00,0.0,0.0,23.766,0.0,7.54,112.124015
2025-12-23 23:00:00,0.0,0.0,23.604,0.0,7.5600000000000005,112.908827
2025-12-24 00:00:00,0.0,0.0,23.412,0.0,7.454,108.637654
2025-12-24 01:00:00,0.0,0.0,23.27,0.0,7.5440000000000005,112.280179
2025-12-24 02:00:00,0.0,0.0,23.148,0.0,7.591,114.240737
2025-12-24 03:00:00,0.0,0.0,23.052,0.0,7.367,105.479181
2025-12-24 04:00:00,0.0,0.0,22.954,0.0,6.966,90.06223299999999
2025-12-24 05:00:00,0.0,0.0,22.928,0.0,7.168,97.774788
2025-12-24 06:00:00,0.015,0.005,22.967,2.1831300000000002,7.376,105.713487
2025-12-24 07:00:00,0.356,0.064,24.143,298.741528,6.811,84.310991
2025-12-24 08:00:00,0.612,0.10400000000000001,25.328,491.367457,7.367,105.445287
2025-12-24 09:00:00,0.715,0.122,26.327,559.579793,8.405,148.691656
2025-12-24 10:00:00,0.764,0.127,27.145,587.019559,8.683,160.654874
2025-12-24 11:00:00,0.791,0.125,27.818,598.456456,8.775,164.711944
2025-12-24 12:00:00,0.787,0.127,28.207,596.623143,8.756,163.93660699999998
2025-12-24 13:00:00,0.765,0.134,28.336,587.508488,8.724,162.29576
2025-12-24 14:00:00,0.721,0.137,28.257,565.96898,8.6,156.916454
2025-12-24 15:00:00,0.657,0.129,27.888,525.73948,8.182,138.910128
2025-12-24 16:00:00,0.449,0.107,27.134,386.486526,7.304,102.727247
2025-12-24 17:00:00,0.278,0.046,26.073,227.97101500000002,6.885,87.155576
2025-12-24 18:00:00,0.001,0.0,24.724,0.0,6.819,84.587145
2025-12-24 19:00:00,0.0,0.0,24.116,0.0,6.538,74.84333199999999
2025-12-24 20:00:00,0.0,0.0,23.699,0.0,6.956,89.765536
2025-12-24 21:00:00,0.0,0.0,23.404,0.0,6.8100000000000005,84.258796
2025-12-24 22:00:00,0.0,0.0,23.154,0.0,6.599,77.20225199999999
2025-12-24 23:00:00,0.0,0.0,22.978,0.0,6.53,74.582791
2025-12-25 00:00:00,0.0,0.0,22.806,0.0,6.4879999999999995,73.487437
2025-12-25 01:00:00,0.0,0.0,22.609,0.0,6.516,74.10334399999999
2025-12-25 02:00:00,0.0,0.0,22.463,0.0,6.693,80.37938199999999
2025-12-25 03:00:00,0.0,0.0,22.342,0.0,6.9030000000000005,87.63586199999999
2025-12-25 04:00:00,0.0,0.0,22.28,0.0,7.573,113.52127800000001
2025-12-25 05:00:00,0.0,0.0,22.188,0.0,7.338,104.143134
2025-12-25 06:00:00,0.025,0.005,22.135,8.798797,7.319,103.337997
2025-12-25 07:00:00,0.371,0.063,23.59,309.836142,7.005,91.563019
2025-12-25 08:00:00,0.533,0.113,24.849,448.620329,6.889,87.43427
2025-12-25 09:00:00,0.751,0.116,26.071,577.405425,8.084,134.954193
2025-12-25 10:00:00,0.794,0.11900000000000001,26.976,599.198738,8.411,148.752804
2025-12-25 11:00:00,0.812,0.11800000000000001,27.645,606.338376,8.475,151.511672
2025-12-25 12:00:00,0.804,0.123,28.064,603.663997,8.357,146.535962
2025-12-25 13:00:00,0.711,0.15,28.094,568.0888739999999,8.13,136.674851
2025-12-25 14:00:00,0.682,0.151,27.963,552.263343,7.866,125.752924
2025-12-25 15:00:00,0.499,0.156,27.519,448.162745,7.232,100.04531200000001
2025-12-25 16:00:00,0.517,0.10300000000000001,26.952,427.546853,6.792,83.63556200000001
2025-12-25 17:00:00,0.279,0.046,25.983,228.06751699999998,6.357,68.99077700000001
2025-12-25 18:00:00,0.001,0.0,24.61,0.0,6.422,71.25261400000001
2025-12-25 19:00:00,0.0,0.0,24.115,0.0,6.554,75.389183
2025-12-25 20:00:00,0.0,0.0,23.809,0.0,6.567,75.825265
2025-12-25 21:00:00,0.0,0.0,23.552,0.0,6.487,73.460964
2025-12-25 22:00:00,0.0,0.0,23.341,0.0,6.432,71.37315
2025-12-25 23:00:00,0.0,0.0,23.117,0.0,6.441,71.906159
2025-12-26 00:00:00,0.0,0.0,22.865,0.0,6.296,66.961978
2025-12-26 01:00:00,0.0,0.0,22.571,0.0,6.16,62.70897
2025-12-26 02:00:00,0.0,0.0,22.322,0.0,6.156,62.586588000000006
2025-12-26 03:00:00,0.0,0.0,22.067,0.0,6.132,61.882405
2025-12-26 04:00:00,0.0,0.0,21.934,0.0,6.233,65.272515
2025-12-26 05:00:00,0.0,0.0,21.847,0.0,6.272,66.183855
2025-12-26 06:00:00,0.028,0.005,21.857,10.671933999999998,6.371,69.623127
2025-12-26 07:00:00,0.461,0.059000000000000004,23.565,369.44151899999997,6.118,61.456909
2025-12-26 08:00:00,0.654,0.098,25.041,513.102947,6.414,70.84392999999999
2025-12-26 09:00:00,0.759,0.112,26.165,579.235795,7.128,96.044526
2025-12-26 10:00:00,0.794,0.117,27.001,598.233784,7.269,101.41537699999999
2025-12-26 11:00:00,0.81,0.116,27.626,604.295171,7.222,99.551654
2025-12-26 12:00:00,0.8170000000000001,0.114,28.007,606.010178,7.02,91.91892299999999
2025-12-26 13:00:00,0.8160000000000001,0.114,28.157,605.08332,6.756,82.672426
2025-12-26 14:00:00,0.787,0.117,28.063,591.4448560000001,6.596,77.00500100000001
2025-12-26 15:00:00,0.717,0.114,27.733,552.0790209999999,6.579,76.551504
2025-12-26 16:00:00,0.582,0.093,27.1,462.1787,6.094,60.828915
2025-12-26 17:00:00,0.316,0.044,26.045,253.789,5.8260000000000005,52.974768
2025-12-26 18:00:00,0.001,0.0,24.539,0.0,6.33,68.32845
2025-12-26 19:00:00,0.0,0.0,23.962,0.0,6.59,76.640722
2025-12-26 20:00:00,0.0,0.0,23.546,0.0,6.62,77.953372
2025-12-26 21:00:00,0.0,0.0,23.233,0.0,6.532,74.657618
2025-12-26 22:00:00,0.0,0.0,22.993,0.0,6.381,69.677094
2025-12-26 23:00:00,0.0,0.0,22.77,0.0,6.167,63.126817
2025-12-27 00:00:00,0.0,0.0,22.611,0.0,6.102,61.185970000000005
2025-12-27 01:00:00,0.0,0.0,22.493,0.0,6.125,61.653079
2025-12-27 02:00:00,0.0,0.0,22.412,0.0,6.218,64.565724
2025-12-27 03:00:00,0.0,0.0,22.33,0.0,6.299,67.05176700000001
2025-12-27 04:00:00,0.0,0.0,22.239,0.0,6.383,69.73719
2025-12-27 05:00:00,0.0,0.0,22.133,0.0,6.276,66.31329099999999
2025-12-27 06:00:00,0.03,0.005,22.002,11.981122,5.944,56.389552
2025-12-27 07:00:00,0.492,0.058,23.554,389.38872499999997,5.201,37.341388
2025-12-27 08:00:00,0.6980000000000001,0.093,24.993,536.7562399999999,6.123,61.600779
2025-12-27 09:00:00,0.785,0.108,26.121,590.947709,7.035,92.470154
2025-12-27 10:00:00,0.8210000000000001,0.111,26.98,609.574992,7.117,95.793676
2025-12-27 11:00:00,0.8250000000000001,0.112,27.627,610.1278440000001,7.119,95.92994
2025-12-27 12:00:00,0.8210000000000001,0.113,28.035,607.595155,7.108,95.288186
2025-12-27 13:00:00,0.8140000000000001,0.115,28.249,604.463809,7.138,96.66388099999999
2025-12-27 14:00:00,0.773,0.121,28.158,585.4763379999999,7.217,99.386651
2025-12-27 15:00:00,0.6880000000000001,0.121,27.76,539.603547,7.107,95.285094
2025-12-27 16:00:00,0.41500000000000004,0.109,27.004,365.886262,6.276,66.331291
2025-12-27 17:00:00,0.218,0.046,25.973,183.169696,5.949,56.695994
2025-12-27 18:00:00,0.001,0.0,24.559,0.0,6.121,61.534721
2025-12-27 19:00:00,0.0,0.0,23.965,0.0,5.979,57.583613
2025-12-27 20:00:00,0.0,0.0,23.59,0.0,5.98,57.622659
2025-12-27 21:00:00,0.0,0.0,23.352,0.0,5.901,55.082477
2025-12-27 22:00:00,0.0,0.0,23.171,0.0,5.9719999999999995,57.39701
2025-12-27 23:00:00,0.0,0.0,22.996,0.0,5.964,57.165216
2025-12-28 00:00:00,0.0,0.0,22.841,0.0,6.028,58.998266
2025-12-28 01:00:00,0.0,0.0,22.715,0.0,6.151,62.436926
2025-12-28 02:00:00,0.0,0.0,22.591,0.0,6.155,62.553856
2025-12-28 03:00:00,0.0,0.0,22.491,0.0,6.172,63.316857000000006
2025-12-28 04:00:00,0.0,0.0,22.463,0.0,6.22,64.56849100000001
2025-12-28 05:00:00,0.0,0.0,22.495,0.0,6.661,79.082241
2025-12-28 06:00:00,0.02,0.005,22.564,5.297652,6.551,75.287317
2025-12-28 07:00:00,0.38,0.063,23.905,315.551442,5.888,54.696180999999996
2025-12-28 08:00:00,0.602,0.106,25.094,486.627489,5.499,44.301894999999995
2025-12-28 09:00:00,0.721,0.122,26.354,563.0697879999999,6.789,83.53404499999999
2025-12-28 10:00:00,0.771,0.126,27.387,589.608347,7.349,104.80251799999999
2025-12-28 11:00:00,0.803,0.121,28.08,601.9709869999999,7.359,104.93029700000001
2025-12-28 12:00:00,0.797,0.123,28.477,598.791299,7.345,104.52295699999999
2025-12-28 13:00:00,0.786,0.125,28.623,593.6692539999999,7.279,102.082973
2025-12-28 14:00:00,0.756,0.127,28.524,578.288997,7.18,97.95011199999999
2025-12-28 15:00:00,0.646,0.128,28.097,517.926665,6.716,81.083647
2025-12-28 16:00:00,0.54,0.099,27.402,438.25795400000004,6.145,62.251285
2025-12-28 17:00:00,0.28400000000000003,0.045,26.294,231.229017,5.925,55.750729
2025-12-28 18:00:00,0.001,0.0,24.83,0.0,6.173,63.320612999999994
2025-12-28 19:00:00,0.0,0.0,24.201,0.0,5.92,55.633072999999996
2025-12-28 20:00:00,0.0,0.0,23.789,0.0,5.835,53.206294
2025-12-28 21:00:00,0.0,0.0,23.479,0.0,5.829,53.062868
2025-12-28 22:00:00,0.0,0.0,23.24,0.0,5.917,55.546499000000004
2025-12-28 23:00:00,0.0,0.0,23.041,0.0,5.921,55.654011
2025-12-29 00:00:00,0.0,0.0,22.887,0.0,6.238,65.422214
2025-12-29 01:00:00,0.0,0.0,22.803,0.0,6.391,69.99774599999999
2025-12-29 02:00:00,0.0,0.0,22.782,0.0,6.447,71.918487
2025-12-29 03:00:00,0.0,0.0,22.8,0.0,6.431,71.349602
2025-12-29 04:00:00,0.0,0.0,22.78,0.0,6.2620000000000005,66.11525
2025-12-29 05:00:00,0.0,0.0,22.73,0.0,6.112,61.266701
2025-12-29 06:00:00,0.014,0.005,22.772,1.660654,5.642,47.974246
2025-12-29 07:00:00,0.21,0.067,24.021,195.219076,5.021,33.191549
2025-12-29 08:00:00,0.424,0.129,24.971,388.612711,4.975,32.187956
2025-12-29 09:00:00,0.6880000000000001,0.134,26.024,551.2212920000001,6.031,59.094425
2025-12-29 10:00:00,0.748,0.136,27.142,582.9055400000001,6.228,65.054613
2025-12-29 11:00:00,0.775,0.134,27.927,594.369745,6.212,64.553341
2025-12-29 12:00:00,0.76,0.139,28.397,587.9048310000001,6.198,63.946525
2025-12-29 13:00:00,0.763,0.136,28.591,587.147622,6.437,71.691106
2025-12-29 14:00:00,0.729,0.136,28.494,568.8686459999999,6.679,79.69777
2025-12-29 15:00:00,0.65,0.13,28.132,521.3701159999999,6.674,79.687319
2025-12-29 16:00:00,0.48,0.105,27.442,404.68019699999996,5.976,57.495785000000005
2025-12-29 17:00:00,0.234,0.047,26.402,195.52123699999999,5.87,54.213964999999995
2025-12-29 18:00:00,0.001,0.0,25.063,0.0,6.152,62.475139999999996
2025-12-29 19:00:00,0.0,0.0,24.548000000000002,0.0,5.987,57.6359
2025-12-29 20:00:00,0.0,0.0,24.284,0.0,6.042,59.246872
2025-12-29 21:00:00,0.0,0.0,24.127,0.0,6.134,61.931230000000006
2025-12-29 22:00:00,0.0,0.0,24.057,0.0,6.393,70.056528
2025-12-29 23:00:00,0.0,0.0,23.986,0.0,6.253,65.68049099999999
2025-12-30 00:00:00,0.0,0.0,24.006,0.0,6.056,59.696235
2025-12-30 01:00:00,0.0,0.0,23.97,0.0,5.92,55.617844
2025-12-30 02:00:00,0.0,0.0,23.968,0.0,5.627,47.590491
2025-12-30 03:00:00,0.0,0.0,23.999,0.0,5.591,46.663995
2025-12-30 04:00:00,0.0,0.0,24.051,0.0,5.642,47.991375
2025-12-30 05:00:00,0.0,0.0,24.138,0.0,6.248,65.50143299999999
2025-12-30 06:00:00,0.002,0.003,24.176,0.0,5.836,53.2518
2025-12-30 07:00:00,0.044,0.057,24.919,60.429284,5.143,35.84001
2025-12-30 08:00:00,0.138,0.155,25.768,204.904513,5.623,47.497188
2025-12-30 09:00:00,0.337,0.223,26.71,389.94451000000004,7.213,99.233019
2025-12-30 10:00:00,0.47300000000000003,0.24,27.647,483.555423,7.391,106.525515
2025-12-30 11:00:00,0.5670000000000001,0.234,28.453,532.618324,7.567,113.20031
2025-12-30 12:00:00,0.519,0.256,28.881,517.456203,7.714,119.210379
2025-12-30 13:00:00,0.491,0.258,28.989,501.12165799999997,7.88,126.09304399999999
2025-12-30 14:00:00,0.393,0.253,28.752,439.780131,7.821,123.672102
2025-12-30 15:00:00,0.295,0.21,28.279,350.70748,7.539,112.10273699999999
2025-12-30 16:00:00,0.185,0.136,27.593,223.884585,7.031,92.32544
2025-12-30 17:00:00,0.063,0.044,26.673000000000002,63.973161,6.658,78.924871
2025-12-30 18:00:00,0.0,0.0,25.639,0.0,7.056,93.276832
2025-12-30 19:00:00,0.0,0.0,25.14,0.0,7.163,97.38448600000001
2025-12-30 20:00:00,0.0,0.0,24.784,0.0,7.075,94.137086
2025-12-30 21:00:00,0.0,0.0,24.572,0.0,7.125,96.037887
2025-12-30 22:00:00,0.0,0.0,24.41,0.0,7.193,98.703258
2025-12-30 23:00:00,0.0,0.0,24.299,0.0,7.1370000000000005,96.537764
2025-12-31 00:00:00,0.0,0.0,24.217,0.0,7.053,93.136065
2025-12-31 01:00:00,0.0,0.0,24.165,0.0,7.163,97.380554
2025-12-31 02:00:00,0.0,0.0,24.107,0.0,7.192,98.701912
2025-12-31 03:00:00,0.0,0.0,24.053,0.0,7.215,99.302082
2025-12-31 04:00:00,0.0,0.0,24.027,0.0,7.433,107.92469500000001
2025-12-31 05:00:00,0.0,0.0,24.006,0.0,7.831,124.40750999999999
2025-12-31 06:00:00,0.013000000000000001,0.005,24.011,1.071291,7.759,121.399103
2025-12-31 07:00:00,0.268,0.069,25.029,238.426477,6.8469999999999995,85.864225
2025-12-31 08:00:00,0.47400000000000003,0.128,26.121,418.057963,7.679,117.799779
2025-12-31 09:00:00,0.624,0.153,27.188,522.26213,8.777,164.900551
2025-12-31 10:00:00,0.6890000000000001,0.162,28.086,561.8071339999999,8.903,170.332885
2025-12-31 11:00:00,0.71,0.166,28.776,574.16116,9.107,178.799454
2025-12-31 12:00:00,0.687,0.177,29.171,566.393335,9.225,183.83028099999999
2025-12-31 13:00:00,0.648,0.19,29.248,551.5995230000001,9.319,187.811189
2025-12-31 14:00:00,0.379,0.247,28.786,427.102627,8.986,173.903244
2025-12-31 15:00:00,0.246,0.21,28.151,318.221314,8.525,153.884339
2025-12-31 16:00:00,0.163,0.132,27.437,205.357344,8.038,132.834587
2025-12-31 17:00:00,0.066,0.043000000000000003,26.586,65.72062,7.782,122.327765
2025-12-31 18:00:00,0.0,0.0,25.801,0.0,8.512,153.447846
